avg_sync_cost,avg_sync_bandwidth,sync_request_rate,avg_sync_applied,avg_pending_syncs,avg_twin_quality,avg_twin_badness,avg_secrecy_rate,avg_realized_loss,avg_margin_gap,avg_cert_slack,certified_safe_rate,certificate_violation_prob,certificate_cover_rate,prediction_violation_prob,outage_prob,success_prob,method,seed,runtime_sec,runtime_per_slot_ms,scenario,config_path
0.15,0.15,0.15,0.13333333333333333,0.15,0.8752325470547707,0.1247674529452292,1.6372982387105173,0.10707823532762066,0.09474850893513471,-1.757745698928489,0.016666666666666666,0.9833333333333333,1.0,0.75,0.8916666666666667,0.10833333333333334,periodic,62,11.499017753999851,95.82514794999877,paper_base_holdoutfit,/home/dkj/research/uav_dt_project/results/scheme_c_holdout/configs/paper_base_holdoutfit.yaml
0.03449052682930328,0.03449052682930328,0.11666666666666667,0.11666666666666667,0.11666666666666667,0.7380753413633286,0.2619246586366713,1.5144559814951786,0.3841917020457645,0.38367853957191955,-2.300046412113424,0.025,0.975,1.0,0.95,0.9,0.1,security_risk,62,11.978101626999887,99.8175135583324,paper_base_holdoutfit,/home/dkj/research/uav_dt_project/results/scheme_c_holdout/configs/paper_base_holdoutfit.yaml
0.23333333333333334,0.23333333333333334,0.25,0.23333333333333334,0.25,0.3632042599330357,0.6367957400669643,0.7215685556282605,1.663039721805235,1.6528879143067383,-7.574354403759185,0.05,0.95,0.8333333333333334,0.9166666666666666,0.8916666666666667,0.10833333333333334,security_margin,62,11.238280770000074,93.65233975000062,paper_base_holdoutfit,/home/dkj/research/uav_dt_project/results/scheme_c_holdout/configs/paper_base_holdoutfit.yaml
0.0,0.0,0.0,0.0,0.0,0.2038342994928089,0.796165700507191,0.9712042510668591,1.764056227250296,1.7636836051611737,-16.089418715563575,0.0,1.0,1.0,0.9666666666666667,0.9,0.1,rollout_joint,62,18.397692456000186,153.31410380000156,paper_base_holdoutfit,/home/dkj/research/uav_dt_project/results/scheme_c_holdout/configs/paper_base_holdoutfit.yaml
0.16458333333333333,0.16458333333333333,0.6583333333333333,0.6083333333333333,0.6583333333333333,0.9063501020519646,0.0936498979480354,1.5820880748507093,0.275740403942342,0.2678847087057433,-1.1211327369265218,0.05,0.95,0.525,0.9,0.9,0.1,risk_adaptive_hybrid_rollout,62,18.76232859499987,156.3527382916656,paper_base_holdoutfit,/home/dkj/research/uav_dt_project/results/scheme_c_holdout/configs/paper_base_holdoutfit.yaml
0.15,0.15,0.15,0.125,0.15,0.8515587885590497,0.14844121144095038,1.6453216628622238,0.20390245034416757,0.19572464534155382,-1.752174926654034,0.025,0.975,1.0,0.7666666666666667,0.875,0.125,periodic,63,11.462021621000531,95.5168468416711,paper_base_holdoutfit,/home/dkj/research/uav_dt_project/results/scheme_c_holdout/configs/paper_base_holdoutfit.yaml
0.035054764429348094,0.035054764429348094,0.125,0.10833333333333334,0.125,0.7292427214025552,0.27075727859744475,1.5496195796322247,0.4130469951273608,0.40536905429973463,-2.278485884165114,0.025,0.975,1.0,0.8583333333333333,0.875,0.125,security_risk,63,11.650170355999762,97.08475296666468,paper_base_holdoutfit,/home/dkj/research/uav_dt_project/results/scheme_c_holdout/configs/paper_base_holdoutfit.yaml
0.23333333333333334,0.23333333333333334,0.25,0.21666666666666667,0.25,0.35406843807868815,0.6459315619213118,0.9175467902068906,1.9123752093894633,1.8954952798952414,-7.333394935419761,0.041666666666666664,0.9583333333333334,0.8416666666666667,0.875,0.8916666666666667,0.10833333333333334,security_margin,63,12.100949351000054,100.84124459166712,paper_base_holdoutfit,/home/dkj/research/uav_dt_project/results/scheme_c_holdout/configs/paper_base_holdoutfit.yaml
0.0,0.0,0.0,0.0,0.0,0.2042285618586928,0.7957714381413071,1.0192185230510067,1.7289722859139753,1.7155869598362345,-16.250417721017143,0.0,1.0,1.0,0.825,0.875,0.125,rollout_joint,63,18.26528245099962,152.21068709166352,paper_base_holdoutfit,/home/dkj/research/uav_dt_project/results/scheme_c_holdout/configs/paper_base_holdoutfit.yaml
0.16666666666666666,0.16666666666666666,0.6666666666666666,0.6166666666666667,0.6666666666666666,0.9093004895655018,0.09069951043449813,1.5875648750479072,0.17989249238804284,0.16616256936372312,-1.2174384348016967,0.041666666666666664,0.9583333333333334,0.6333333333333333,0.8,0.9,0.1,risk_adaptive_hybrid_rollout,63,18.477965828999913,153.9830485749993,paper_base_holdoutfit,/home/dkj/research/uav_dt_project/results/scheme_c_holdout/configs/paper_base_holdoutfit.yaml
0.15,0.15,0.15,0.13333333333333333,0.15,0.8705617718671481,0.12943822813285202,1.6174906790128436,0.1619215263595513,0.15446417130396958,-1.7191728395978687,0.008333333333333333,0.9916666666666667,1.0,0.7916666666666666,0.8916666666666667,0.10833333333333334,periodic,64,11.42604014600056,95.21700121667133,paper_base_holdoutfit,/home/dkj/research/uav_dt_project/results/scheme_c_holdout/configs/paper_base_holdoutfit.yaml
0.03624418896395327,0.03624418896395327,0.125,0.1,0.125,0.7258999203596641,0.27410007964033584,1.5282347122591569,0.3842800761710708,0.3822227205667987,-2.3523059033027076,0.025,0.975,1.0,0.8666666666666667,0.8916666666666667,0.10833333333333334,security_risk,64,11.40321942799983,95.02682856666524,paper_base_holdoutfit,/home/dkj/research/uav_dt_project/results/scheme_c_holdout/configs/paper_base_holdoutfit.yaml
0.23333333333333334,0.23333333333333334,0.25,0.24166666666666667,0.25,0.36661904058560446,0.6333809594143955,0.7368314514015903,1.6606301413977655,1.6525779674132317,-7.604065158931379,0.05,0.95,0.8083333333333333,0.9416666666666667,0.8916666666666667,0.10833333333333334,security_margin,64,11.737218405999556,97.81015338332963,paper_base_holdoutfit,/home/dkj/research/uav_dt_project/results/scheme_c_holdout/configs/paper_base_holdoutfit.yaml
0.0,0.0,0.0,0.0,0.0,0.20619619687228816,0.7938038031277118,1.0007437990448345,1.7355348857836335,1.734150333168766,-16.215114309619146,0.0,1.0,1.0,0.9333333333333333,0.8916666666666667,0.10833333333333334,rollout_joint,64,18.288200530999347,152.40167109166123,paper_base_holdoutfit,/home/dkj/research/uav_dt_project/results/scheme_c_holdout/configs/paper_base_holdoutfit.yaml
0.16458333333333333,0.16458333333333333,0.6583333333333333,0.6333333333333333,0.6583333333333333,0.9002397744556919,0.0997602255443081,1.592079655146363,0.2813399300208378,0.26520558263892413,-1.1025627178726576,0.05,0.95,0.575,0.875,0.8916666666666667,0.10833333333333334,risk_adaptive_hybrid_rollout,64,18.193061900999965,151.6088491749997,paper_base_holdoutfit,/home/dkj/research/uav_dt_project/results/scheme_c_holdout/configs/paper_base_holdoutfit.yaml
0.15,0.15,0.15,0.13333333333333333,0.15,0.8684964154767879,0.13150358452321212,1.6378201824382548,0.14669425899373528,0.13841207456280544,-1.7181814647961982,0.025,0.975,1.0,0.7083333333333334,0.8833333333333333,0.11666666666666667,periodic,65,11.804408807999607,98.37007339999673,paper_base_holdoutfit,/home/dkj/research/uav_dt_project/results/scheme_c_holdout/configs/paper_base_holdoutfit.yaml
0.034032378491979216,0.034032378491979216,0.11666666666666667,0.10833333333333334,0.11666666666666667,0.7356414886359482,0.2643585113640517,1.555195965454782,0.364573316345063,0.35667459726109235,-2.316802295406511,0.008333333333333333,0.9916666666666667,1.0,0.775,0.8833333333333333,0.11666666666666667,security_risk,65,12.521196809000685,104.34330674167238,paper_base_holdoutfit,/home/dkj/research/uav_dt_project/results/scheme_c_holdout/configs/paper_base_holdoutfit.yaml
0.23333333333333334,0.23333333333333334,0.26666666666666666,0.25,0.26666666666666666,0.37172446369211504,0.628275536307885,0.7380522105342073,1.657023358698615,1.6486937076295527,-7.334769482344031,0.041666666666666664,0.9583333333333334,0.8083333333333333,0.9,0.8916666666666667,0.10833333333333334,security_margin,65,11.266833063999911,93.8902755333326,paper_base_holdoutfit,/home/dkj/research/uav_dt_project/results/scheme_c_holdout/configs/paper_base_holdoutfit.yaml
0.0,0.0,0.0,0.0,0.0,0.20412549188107185,0.795874508118928,0.9926315437070561,1.745368698919865,1.7421703934780486,-16.140974055115176,0.0,1.0,1.0,0.875,0.8833333333333333,0.11666666666666667,rollout_joint,65,18.469910131999313,153.91591776666095,paper_base_holdoutfit,/home/dkj/research/uav_dt_project/results/scheme_c_holdout/configs/paper_base_holdoutfit.yaml
0.16458333333333333,0.16458333333333333,0.6583333333333333,0.5833333333333334,0.6583333333333333,0.9115732054516018,0.08842679454839816,1.5936923838676322,0.24448938447783236,0.23703788502255196,-1.1502153431170654,0.05,0.95,0.5833333333333334,0.9083333333333333,0.8916666666666667,0.10833333333333334,risk_adaptive_hybrid_rollout,65,18.36472787999992,153.03939899999932,paper_base_holdoutfit,/home/dkj/research/uav_dt_project/results/scheme_c_holdout/configs/paper_base_holdoutfit.yaml
0.15,0.15,0.15,0.13333333333333333,0.15,0.8697063906758802,0.1302936093241197,1.63322230297603,0.16402995429337994,0.15209178048938055,-1.7078204331609925,0.008333333333333333,0.9916666666666667,1.0,0.8,0.8833333333333333,0.11666666666666667,periodic,66,11.544628888999796,96.20524074166497,paper_base_holdoutfit,/home/dkj/research/uav_dt_project/results/scheme_c_holdout/configs/paper_base_holdoutfit.yaml
0.036559079865813734,0.036559079865813734,0.125,0.125,0.125,0.7418184264816285,0.2581815735183714,1.5265141616355438,0.37387152758438524,0.37037252020751693,-2.285280391418839,0.025,0.975,0.9916666666666667,0.8916666666666667,0.8916666666666667,0.10833333333333334,security_risk,66,11.29226264999943,94.10218874999525,paper_base_holdoutfit,/home/dkj/research/uav_dt_project/results/scheme_c_holdout/configs/paper_base_holdoutfit.yaml
0.23333333333333334,0.23333333333333334,0.24166666666666667,0.23333333333333334,0.24166666666666667,0.35989776444680943,0.6401022355531906,0.7301592372993949,1.6589647370491127,1.6466298683242997,-7.709257702814809,0.05,0.95,0.8416666666666667,0.9083333333333333,0.9,0.1,security_margin,66,12.025387403999957,100.21156169999965,paper_base_holdoutfit,/home/dkj/research/uav_dt_project/results/scheme_c_holdout/configs/paper_base_holdoutfit.yaml
0.0,0.0,0.0,0.0,0.0,0.20362780029934058,0.7963721997006594,0.9810414196774008,1.7571933879369486,1.7539443190765014,-16.219438569797273,0.0,1.0,1.0,0.9166666666666666,0.8916666666666667,0.10833333333333334,rollout_joint,66,18.446375835000254,153.7197986250021,paper_base_holdoutfit,/home/dkj/research/uav_dt_project/results/scheme_c_holdout/configs/paper_base_holdoutfit.yaml
0.16458333333333333,0.16458333333333333,0.6583333333333333,0.6416666666666667,0.6583333333333333,0.8893939098796056,0.11060609012039446,1.5382897793411274,0.32365568065079287,0.306188628917616,-1.1263648680598588,0.05,0.95,0.5333333333333333,0.8333333333333334,0.9,0.1,risk_adaptive_hybrid_rollout,66,18.826308752999466,156.88590627499556,paper_base_holdoutfit,/home/dkj/research/uav_dt_project/results/scheme_c_holdout/configs/paper_base_holdoutfit.yaml
0.15,0.15,0.15,0.13333333333333333,0.15,0.8725299408431534,0.12747005915684662,1.592241788471475,0.12984506658331502,0.12109293579551575,-1.7773328049331327,0.008333333333333333,0.9916666666666667,1.0,0.7333333333333333,0.9083333333333333,0.09166666666666666,periodic,67,11.240478976999839,93.67065814166533,paper_base_holdoutfit,/home/dkj/research/uav_dt_project/results/scheme_c_holdout/configs/paper_base_holdoutfit.yaml
0.03861596211702847,0.03861596211702847,0.125,0.11666666666666667,0.125,0.7330295596328877,0.26697044036711215,1.5092463220407122,0.401482147011804,0.3974467527245739,-2.3074165654452856,0.025,0.975,1.0,0.8583333333333333,0.8916666666666667,0.10833333333333334,security_risk,67,11.554018117999476,96.2834843166623,paper_base_holdoutfit,/home/dkj/research/uav_dt_project/results/scheme_c_holdout/configs/paper_base_holdoutfit.yaml
0.23333333333333334,0.23333333333333334,0.25,0.24166666666666667,0.25,0.349737531849578,0.650262468150422,0.6955134725112911,1.7004631341357725,1.6870597981908912,-7.881575906412777,0.03333333333333333,0.9666666666666667,0.7916666666666666,0.9333333333333333,0.9083333333333333,0.09166666666666666,security_margin,67,12.374829744000635,103.12358120000529,paper_base_holdoutfit,/home/dkj/research/uav_dt_project/results/scheme_c_holdout/configs/paper_base_holdoutfit.yaml
0.0,0.0,0.0,0.0,0.0,0.20413892162000066,0.7958610783799993,0.9683634708500916,1.7699805370831079,1.7663757125226056,-16.08851513513466,0.0,1.0,1.0,0.8916666666666667,0.8916666666666667,0.10833333333333334,rollout_joint,67,19.107380109000587,159.2281675750049,paper_base_holdoutfit,/home/dkj/research/uav_dt_project/results/scheme_c_holdout/configs/paper_base_holdoutfit.yaml
0.16458333333333333,0.16458333333333333,0.6583333333333333,0.6166666666666667,0.6583333333333333,0.8768044608181061,0.12319553918189377,1.5258387653502823,0.3241809048568972,0.3108549819885201,-1.2348701794051233,0.05,0.95,0.5583333333333333,0.85,0.9083333333333333,0.09166666666666666,risk_adaptive_hybrid_rollout,67,18.785812365999845,156.54843638333205,paper_base_holdoutfit,/home/dkj/research/uav_dt_project/results/scheme_c_holdout/configs/paper_base_holdoutfit.yaml
0.15,0.15,0.15,0.14166666666666666,0.15,0.8874892923132983,0.11251070768670166,1.6487852785401733,0.11766621962189618,0.11065949871118884,-1.6366210028031551,0.016666666666666666,0.9833333333333333,1.0,0.8,0.8833333333333333,0.11666666666666667,periodic,68,11.490169265000077,95.75141054166731,paper_base_holdoutfit,/home/dkj/research/uav_dt_project/results/scheme_c_holdout/configs/paper_base_holdoutfit.yaml
0.04032885360017183,0.04032885360017183,0.13333333333333333,0.11666666666666667,0.13333333333333333,0.7273437052651519,0.2726562947348479,1.52362652279378,0.46425047431890415,0.45542506742203487,-2.2481198391097994,0.025,0.975,1.0,0.85,0.8833333333333333,0.11666666666666667,security_risk,68,11.58783505700012,96.56529214166767,paper_base_holdoutfit,/home/dkj/research/uav_dt_project/results/scheme_c_holdout/configs/paper_base_holdoutfit.yaml
0.2332226034920612,0.2332226034920612,0.25,0.23333333333333334,0.25,0.37373159255242494,0.6262684074475751,0.7303033793733295,1.6453016720953717,1.6368502419057347,-7.333941919985816,0.058333333333333334,0.9416666666666667,0.8166666666666667,0.9166666666666666,0.9,0.1,security_margin,68,11.139315389999865,92.82762824999888,paper_base_holdoutfit,/home/dkj/research/uav_dt_project/results/scheme_c_holdout/configs/paper_base_holdoutfit.yaml
0.0,0.0,0.0,0.0,0.0,0.2061001100346233,0.7938998899653767,1.0143006926011948,1.7312377744049325,1.7204780219530245,-16.208896163223123,0.0,1.0,1.0,0.825,0.875,0.125,rollout_joint,68,18.94553446200007,157.87945385000057,paper_base_holdoutfit,/home/dkj/research/uav_dt_project/results/scheme_c_holdout/configs/paper_base_holdoutfit.yaml
0.16458333333333333,0.16458333333333333,0.6583333333333333,0.6166666666666667,0.6583333333333333,0.8793941302049194,0.1206058697950807,1.549726609899824,0.3357543199601994,0.32172863151006,-1.1979866120853075,0.058333333333333334,0.9416666666666667,0.5833333333333334,0.85,0.9,0.1,risk_adaptive_hybrid_rollout,68,18.46657107899955,153.88809232499625,paper_base_holdoutfit,/home/dkj/research/uav_dt_project/results/scheme_c_holdout/configs/paper_base_holdoutfit.yaml
0.15,0.15,0.15,0.14166666666666666,0.15,0.8889375888029226,0.11106241119707742,1.6445606440792127,0.10909629911080215,0.10283869742896637,-1.6453359649249066,0.016666666666666666,0.9833333333333333,1.0,0.7666666666666667,0.8833333333333333,0.11666666666666667,periodic,69,11.37960890299928,94.83007419166067,paper_base_holdoutfit,/home/dkj/research/uav_dt_project/results/scheme_c_holdout/configs/paper_base_holdoutfit.yaml
0.045363743674107934,0.045363743674107934,0.14166666666666666,0.11666666666666667,0.14166666666666666,0.7072309632279518,0.2927690367720482,1.4614509659620376,0.5178084885947635,0.5065978235722598,-2.3265841413707165,0.025,0.975,1.0,0.7916666666666666,0.8833333333333333,0.11666666666666667,security_risk,69,11.95080959400002,99.59007995000017,paper_base_holdoutfit,/home/dkj/research/uav_dt_project/results/scheme_c_holdout/configs/paper_base_holdoutfit.yaml
0.23333333333333334,0.23333333333333334,0.25,0.225,0.25,0.3605195335429014,0.6394804664570987,0.7124741754197289,1.6782793419733468,1.665418747713564,-7.551330592506721,0.05,0.95,0.825,0.9,0.8833333333333333,0.11666666666666667,security_margin,69,11.879638475999855,98.99698729999879,paper_base_holdoutfit,/home/dkj/research/uav_dt_project/results/scheme_c_holdout/configs/paper_base_holdoutfit.yaml
0.0,0.0,0.0,0.0,0.0,0.2011265637111764,0.7988734362888236,0.9842527636994056,1.7592188179298296,1.750670386785138,-16.086227784358407,0.0,1.0,1.0,0.8416666666666667,0.8833333333333333,0.11666666666666667,rollout_joint,69,18.39453652800057,153.28780440000477,paper_base_holdoutfit,/home/dkj/research/uav_dt_project/results/scheme_c_holdout/configs/paper_base_holdoutfit.yaml
0.16458333333333333,0.16458333333333333,0.6583333333333333,0.6083333333333333,0.6583333333333333,0.9097068439227213,0.09029315607727875,1.6148335498574478,0.20091111230251002,0.19171703035063475,-1.1609467198126076,0.05,0.95,0.5833333333333334,0.9,0.8916666666666667,0.10833333333333334,risk_adaptive_hybrid_rollout,69,18.631679234999865,155.26399362499888,paper_base_holdoutfit,/home/dkj/research/uav_dt_project/results/scheme_c_holdout/configs/paper_base_holdoutfit.yaml
0.15,0.15,0.15,0.13333333333333333,0.15,0.8665668741967735,0.13343312580322653,1.6272118328814118,0.17802513271910833,0.1670349362756186,-1.6977373185153113,0.016666666666666666,0.9833333333333333,1.0,0.7916666666666666,0.8833333333333333,0.11666666666666667,periodic,70,11.929304088999743,99.41086740833119,paper_base_holdoutfit,/home/dkj/research/uav_dt_project/results/scheme_c_holdout/configs/paper_base_holdoutfit.yaml
0.03689637436348157,0.03689637436348157,0.125,0.1,0.125,0.7056055466572002,0.2943944533427996,1.3048946318825438,0.7035148865260858,0.6945631676174595,-2.2925106229987575,0.025,0.975,1.0,0.7916666666666666,0.8833333333333333,0.11666666666666667,security_risk,70,11.94382468599997,99.5318723833331,paper_base_holdoutfit,/home/dkj/research/uav_dt_project/results/scheme_c_holdout/configs/paper_base_holdoutfit.yaml
0.23333333333333334,0.23333333333333334,0.25,0.24166666666666667,0.25,0.3670120960780812,0.6329879039219188,0.9334342745915066,1.9005230530526542,1.8925386955339847,-6.903587199325019,0.058333333333333334,0.9416666666666667,0.7833333333333333,0.925,0.9083333333333333,0.09166666666666666,security_margin,70,11.576014682999812,96.46678902499843,paper_base_holdoutfit,/home/dkj/research/uav_dt_project/results/scheme_c_holdout/configs/paper_base_holdoutfit.yaml
0.0,0.0,0.0,0.0,0.0,0.20238021874941794,0.7976197812505819,0.9925947523018552,1.7480956293109464,1.7418652769317622,-16.182241665577234,0.0,1.0,1.0,0.8666666666666667,0.8833333333333333,0.11666666666666667,rollout_joint,70,18.678309358999286,155.6525779916607,paper_base_holdoutfit,/home/dkj/research/uav_dt_project/results/scheme_c_holdout/configs/paper_base_holdoutfit.yaml
0.16458333333333333,0.16458333333333333,0.6583333333333333,0.6166666666666667,0.6583333333333333,0.9145134812697893,0.08548651873021071,1.5949187012605668,0.21589770027729807,0.2087771278858925,-1.161477858091653,0.058333333333333334,0.9416666666666667,0.5666666666666667,0.8916666666666667,0.9083333333333333,0.09166666666666666,risk_adaptive_hybrid_rollout,70,18.38777855799981,153.23148798333173,paper_base_holdoutfit,/home/dkj/research/uav_dt_project/results/scheme_c_holdout/configs/paper_base_holdoutfit.yaml
0.15,0.15,0.15,0.13333333333333333,0.15,0.8693299562517348,0.13067004374826513,1.618215991012878,0.14094380907149637,0.13239088559144238,-1.7432806945570143,0.016666666666666666,0.9833333333333333,1.0,0.6916666666666667,0.8916666666666667,0.10833333333333334,periodic,71,11.736560952999753,97.80467460833127,paper_base_holdoutfit,/home/dkj/research/uav_dt_project/results/scheme_c_holdout/configs/paper_base_holdoutfit.yaml
0.03922544110664669,0.03922544110664669,0.13333333333333333,0.11666666666666667,0.13333333333333333,0.7254171542807833,0.2745828457192167,1.4669809226987875,0.4780886540349875,0.4723697240828883,-2.290081030135474,0.025,0.975,1.0,0.8,0.8833333333333333,0.11666666666666667,security_risk,71,11.831697624999833,98.59748020833194,paper_base_holdoutfit,/home/dkj/research/uav_dt_project/results/scheme_c_holdout/configs/paper_base_holdoutfit.yaml
0.23333333333333334,0.23333333333333334,0.24166666666666667,0.225,0.24166666666666667,0.3608783730526247,0.6391216269473753,0.9326918791868384,1.8886264409759685,1.8779392527511893,-7.270208917055294,0.05,0.95,0.825,0.9,0.9083333333333333,0.09166666666666666,security_margin,71,11.794353999000123,98.28628332500102,paper_base_holdoutfit,/home/dkj/research/uav_dt_project/results/scheme_c_holdout/configs/paper_base_holdoutfit.yaml
0.0,0.0,0.0,0.0,0.0,0.20761503788721536,0.7923849621127848,0.9933320320776924,1.7449509024104972,1.7411293795464902,-16.191663707136,0.0,1.0,1.0,0.8833333333333333,0.8833333333333333,0.11666666666666667,rollout_joint,71,18.923653032999937,157.6971086083328,paper_base_holdoutfit,/home/dkj/research/uav_dt_project/results/scheme_c_holdout/configs/paper_base_holdoutfit.yaml
0.16458333333333333,0.16458333333333333,0.6583333333333333,0.625,0.6583333333333333,0.8913792175275554,0.1086207824724445,1.4669903639072763,0.4191272184191629,0.4149739568845964,-1.1014801317750533,0.05,0.95,0.44166666666666665,0.925,0.9083333333333333,0.09166666666666666,risk_adaptive_hybrid_rollout,71,19.650998482999967,163.7583206916664,paper_base_holdoutfit,/home/dkj/research/uav_dt_project/results/scheme_c_holdout/configs/paper_base_holdoutfit.yaml
0.15,0.15,0.15,0.14166666666666666,0.15,0.8858544076510904,0.11414559234890967,1.6240242380166512,0.12298995349932758,0.11166683808436148,-1.660815590646763,0.016666666666666666,0.9833333333333333,1.0,0.7,0.8916666666666667,0.10833333333333334,periodic,72,11.774766053000349,98.12305044166958,paper_base_holdoutfit,/home/dkj/research/uav_dt_project/results/scheme_c_holdout/configs/paper_base_holdoutfit.yaml
0.04099230453204572,0.04099230453204572,0.14166666666666666,0.11666666666666667,0.14166666666666666,0.7320974193558732,0.26790258064412675,1.4247587505808563,0.5013136818128747,0.4965240491297426,-2.301433508284266,0.025,0.975,1.0,0.8416666666666667,0.9,0.1,security_risk,72,12.14745797500018,101.22881645833483,paper_base_holdoutfit,/home/dkj/research/uav_dt_project/results/scheme_c_holdout/configs/paper_base_holdoutfit.yaml
0.2333333333333333,0.2333333333333333,0.25,0.25,0.25,0.37251999283874154,0.6274800071612585,0.7186721811665165,1.6623615088590824,1.6562994379065572,-7.32794285948013,0.058333333333333334,0.9416666666666667,0.7916666666666666,0.9416666666666667,0.9083333333333333,0.09166666666666666,security_margin,72,11.585841592000179,96.54867993333482,paper_base_holdoutfit,/home/dkj/research/uav_dt_project/results/scheme_c_holdout/configs/paper_base_holdoutfit.yaml
0.0,0.0,0.0,0.0,0.0,0.20488210459626294,0.7951178954037369,0.9833380759204938,1.7536424494327443,1.7513929639182744,-16.129913317755513,0.0,1.0,1.0,0.9083333333333333,0.9,0.1,rollout_joint,72,18.674964035999437,155.6247002999953,paper_base_holdoutfit,/home/dkj/research/uav_dt_project/results/scheme_c_holdout/configs/paper_base_holdoutfit.yaml
0.16458333333333333,0.16458333333333333,0.6583333333333333,0.6333333333333333,0.6583333333333333,0.8970370220503353,0.1029629779496647,1.5438266212296847,0.30327201392976577,0.2897129154512245,-1.1269806699633238,0.058333333333333334,0.9416666666666667,0.5583333333333333,0.8833333333333333,0.9083333333333333,0.09166666666666666,risk_adaptive_hybrid_rollout,72,18.33760078099931,152.8133398416609,paper_base_holdoutfit,/home/dkj/research/uav_dt_project/results/scheme_c_holdout/configs/paper_base_holdoutfit.yaml
0.15,0.15,0.15,0.125,0.15,0.864643937418686,0.1353560625813139,1.59264596808935,0.17400313988082752,0.16959367026732747,-1.7572134058740099,0.008333333333333333,0.9916666666666667,1.0,0.8666666666666667,0.9,0.1,periodic,73,11.190934604000176,93.25778836666814,paper_base_holdoutfit,/home/dkj/research/uav_dt_project/results/scheme_c_holdout/configs/paper_base_holdoutfit.yaml
0.036449650542507185,0.036449650542507185,0.125,0.125,0.125,0.7488613939225864,0.2511386060774137,1.535822817612092,0.34222488471111945,0.34088925108619467,-2.2737593307564876,0.025,0.975,1.0,0.8833333333333333,0.9,0.1,security_risk,73,12.09359279399996,100.77993994999967,paper_base_holdoutfit,/home/dkj/research/uav_dt_project/results/scheme_c_holdout/configs/paper_base_holdoutfit.yaml
0.23333333333333336,0.23333333333333336,0.25,0.23333333333333334,0.25,0.3697727764024562,0.6302272235975437,0.9790441376318842,1.8287833135902996,1.8152929973037242,-7.143294493875062,0.05,0.95,0.8333333333333334,0.8916666666666667,0.9,0.1,security_margin,73,11.588339506999546,96.56949589166288,paper_base_holdoutfit,/home/dkj/research/uav_dt_project/results/scheme_c_holdout/configs/paper_base_holdoutfit.yaml
0.0,0.0,0.0,0.0,0.0,0.20689535434284773,0.7931046456571522,0.9894586674606894,1.7463520744090275,1.7453968502121526,-16.085479912485148,0.0,1.0,1.0,0.9333333333333333,0.8916666666666667,0.10833333333333334,rollout_joint,73,18.881960216000152,157.34966846666794,paper_base_holdoutfit,/home/dkj/research/uav_dt_project/results/scheme_c_holdout/configs/paper_base_holdoutfit.yaml
0.16458333333333333,0.16458333333333333,0.6583333333333333,0.6166666666666667,0.6583333333333333,0.9055294630779398,0.09447053692206014,1.5484925876243536,0.2946976662529722,0.2837664548818097,-1.1397031663604669,0.05,0.95,0.5666666666666667,0.8666666666666667,0.9,0.1,risk_adaptive_hybrid_rollout,73,18.995018018999872,158.29181682499893,paper_base_holdoutfit,/home/dkj/research/uav_dt_project/results/scheme_c_holdout/configs/paper_base_holdoutfit.yaml
0.15,0.15,0.15,0.14166666666666666,0.15,0.888793091125077,0.11120690887492302,1.6544952455515527,0.1092424338355466,0.09797142842841862,-1.640417733157576,0.016666666666666666,0.9833333333333333,1.0,0.725,0.8833333333333333,0.11666666666666667,periodic,74,11.377114728999913,94.80928940833262,paper_base_holdoutfit,/home/dkj/research/uav_dt_project/results/scheme_c_holdout/configs/paper_base_holdoutfit.yaml
0.03825982952178012,0.03825982952178012,0.13333333333333333,0.10833333333333334,0.13333333333333333,0.7350513782136571,0.2649486217863429,1.5511870476883975,0.3724951767302163,0.3681484589603661,-2.3052771309003064,0.025,0.975,1.0,0.875,0.875,0.125,security_risk,74,11.858743603000221,98.82286335833517,paper_base_holdoutfit,/home/dkj/research/uav_dt_project/results/scheme_c_holdout/configs/paper_base_holdoutfit.yaml
0.23169451050140336,0.23169451050140336,0.25833333333333336,0.23333333333333334,0.25833333333333336,0.35470002739377915,0.6452999726062209,0.7092557062519412,1.6857867331595264,1.6642178828211749,-7.821409819583883,0.03333333333333333,0.9666666666666667,0.8083333333333333,0.9166666666666666,0.9,0.1,security_margin,74,12.136669653000354,101.13891377500295,paper_base_holdoutfit,/home/dkj/research/uav_dt_project/results/scheme_c_holdout/configs/paper_base_holdoutfit.yaml
0.0,0.0,0.0,0.0,0.0,0.20483304137703612,0.7951669586229639,0.9982142830023776,1.7429289498722393,1.7369670962405404,-16.115887841028158,0.0,1.0,1.0,0.8583333333333333,0.8833333333333333,0.11666666666666667,rollout_joint,74,18.266509875999873,152.22091563333228,paper_base_holdoutfit,/home/dkj/research/uav_dt_project/results/scheme_c_holdout/configs/paper_base_holdoutfit.yaml
0.16458333333333333,0.16458333333333333,0.6583333333333333,0.6,0.6583333333333333,0.9131226775021946,0.08687732249780546,1.6091748743460463,0.2014351370540555,0.18300245450427877,-1.1841766202028736,0.041666666666666664,0.9583333333333334,0.5583333333333333,0.8083333333333333,0.9,0.1,risk_adaptive_hybrid_rollout,74,18.05119715300043,150.42664294167025,paper_base_holdoutfit,/home/dkj/research/uav_dt_project/results/scheme_c_holdout/configs/paper_base_holdoutfit.yaml
0.15,0.15,0.15,0.13333333333333333,0.15,0.8655523617668192,0.13444763823318068,1.6167187156938965,0.16024744818230793,0.14951751695825885,-1.729773340118191,0.008333333333333333,0.9916666666666667,1.0,0.7666666666666667,0.8916666666666667,0.10833333333333334,periodic,75,11.366973926000355,94.72478271666962,paper_base_holdoutfit,/home/dkj/research/uav_dt_project/results/scheme_c_holdout/configs/paper_base_holdoutfit.yaml
0.037039276766100616,0.037039276766100616,0.125,0.11666666666666667,0.125,0.7377300266421709,0.26226997335782903,1.5241889938523308,0.3865581407562178,0.38203870004655033,-2.3027402814519227,0.025,0.975,1.0,0.8916666666666667,0.8916666666666667,0.10833333333333334,security_risk,75,11.346353904999887,94.5529492083324,paper_base_holdoutfit,/home/dkj/research/uav_dt_project/results/scheme_c_holdout/configs/paper_base_holdoutfit.yaml
0.231890539748696,0.231890539748696,0.25,0.21666666666666667,0.25,0.364587507854968,0.6354124921450318,0.7321837971182342,1.6549650995385412,1.6419827376958136,-7.617801396008779,0.05,0.95,0.8416666666666667,0.875,0.8916666666666667,0.10833333333333334,security_margin,75,12.182524890999957,101.52104075833297,paper_base_holdoutfit,/home/dkj/research/uav_dt_project/results/scheme_c_holdout/configs/paper_base_holdoutfit.yaml
0.0,0.0,0.0,0.0,0.0,0.20420182743034065,0.7957981725696593,0.9833352926944876,1.756106303164126,1.7513140008389254,-16.12368928245431,0.0,1.0,1.0,0.8833333333333333,0.8916666666666667,0.10833333333333334,rollout_joint,75,18.297056835999683,152.4754736333307,paper_base_holdoutfit,/home/dkj/research/uav_dt_project/results/scheme_c_holdout/configs/paper_base_holdoutfit.yaml
0.16458333333333333,0.16458333333333333,0.6583333333333333,0.6083333333333333,0.6583333333333333,0.9011227520341135,0.09887724796588662,1.5901324062811384,0.2925177936325284,0.28317720417520853,-1.1037081909761841,0.05,0.95,0.5666666666666667,0.875,0.8916666666666667,0.10833333333333334,risk_adaptive_hybrid_rollout,75,18.850651034000293,157.0887586166691,paper_base_holdoutfit,/home/dkj/research/uav_dt_project/results/scheme_c_holdout/configs/paper_base_holdoutfit.yaml
0.15,0.15,0.15,0.14166666666666666,0.15,0.888521811731083,0.11147818826891707,1.6693530436055857,0.10887430991945353,0.09864338228285412,-1.627575328781676,0.025,0.975,1.0,0.75,0.875,0.125,periodic,76,11.487610811000195,95.73009009166829,paper_base_holdoutfit,/home/dkj/research/uav_dt_project/results/scheme_c_holdout/configs/paper_base_holdoutfit.yaml
0.03359599361233653,0.03359599361233653,0.11666666666666667,0.10833333333333334,0.11666666666666667,0.7280702167260401,0.2719297832739599,1.545908817422741,0.41045314674112426,0.404566991140263,-2.2896901084378762,0.025,0.975,1.0,0.8666666666666667,0.8833333333333333,0.11666666666666667,security_risk,76,12.222457716999998,101.85381430833331,paper_base_holdoutfit,/home/dkj/research/uav_dt_project/results/scheme_c_holdout/configs/paper_base_holdoutfit.yaml
0.23333333333333334,0.23333333333333334,0.25833333333333336,0.25833333333333336,0.25833333333333336,0.3807583178940771,0.6192416821059228,0.7628636334842368,1.638908953401644,1.6329048688954857,-7.150518287719433,0.058333333333333334,0.9416666666666667,0.775,0.9416666666666667,0.8833333333333333,0.11666666666666667,security_margin,76,11.537623006000103,96.14685838333419,paper_base_holdoutfit,/home/dkj/research/uav_dt_project/results/scheme_c_holdout/configs/paper_base_holdoutfit.yaml
0.0,0.0,0.0,0.0,0.0,0.20242688403346426,0.7975731159665358,0.9939596325889951,1.748565550777118,1.7409742915917588,-16.068566781023115,0.0,1.0,1.0,0.8666666666666667,0.8833333333333333,0.11666666666666667,rollout_joint,76,19.15351193799961,159.6125994833301,paper_base_holdoutfit,/home/dkj/research/uav_dt_project/results/scheme_c_holdout/configs/paper_base_holdoutfit.yaml
0.16458333333333333,0.16458333333333333,0.6583333333333333,0.6333333333333333,0.6583333333333333,0.9004437874214771,0.09955621257852282,1.5850575524807178,0.32484475238589156,0.31824687266925916,-1.057949134115045,0.058333333333333334,0.9416666666666667,0.525,0.925,0.8833333333333333,0.11666666666666667,risk_adaptive_hybrid_rollout,76,18.85584809500051,157.1320674583376,paper_base_holdoutfit,/home/dkj/research/uav_dt_project/results/scheme_c_holdout/configs/paper_base_holdoutfit.yaml
0.15,0.15,0.15,0.11666666666666667,0.15,0.8380662573881906,0.16193374261180932,1.5870196233525826,0.20414023307059626,0.19508172269571536,-1.9052266653181325,0.016666666666666666,0.9833333333333333,1.0,0.725,0.9,0.1,periodic,77,11.975550981000197,99.79625817500164,paper_base_holdoutfit,/home/dkj/research/uav_dt_project/results/scheme_c_holdout/configs/paper_base_holdoutfit.yaml
0.040668557447138744,0.040668557447138744,0.14166666666666666,0.10833333333333334,0.14166666666666666,0.7247836153868493,0.2752163846131507,1.5133840059333152,0.4192945259316506,0.41600972784161,-2.306230611676605,0.008333333333333333,0.9916666666666667,1.0,0.875,0.9,0.1,security_risk,77,11.499589570000353,95.82991308333628,paper_base_holdoutfit,/home/dkj/research/uav_dt_project/results/scheme_c_holdout/configs/paper_base_holdoutfit.yaml
0.23333333333333334,0.23333333333333334,0.25,0.25,0.25,0.373761174540241,0.6262388254597592,0.7184490972312209,1.665125646079841,1.6597893955260699,-7.407191169409211,0.058333333333333334,0.9416666666666667,0.7833333333333333,0.95,0.9,0.1,security_margin,77,11.622930288000134,96.85775240000112,paper_base_holdoutfit,/home/dkj/research/uav_dt_project/results/scheme_c_holdout/configs/paper_base_holdoutfit.yaml
0.0,0.0,0.0,0.0,0.0,0.20576749568056799,0.794232504319432,0.9807318697231717,1.7570800785937675,1.7540831196459583,-16.138970579114236,0.0,1.0,1.0,0.9,0.9,0.1,rollout_joint,77,18.21752597700015,151.81271647500125,paper_base_holdoutfit,/home/dkj/research/uav_dt_project/results/scheme_c_holdout/configs/paper_base_holdoutfit.yaml
0.16458333333333333,0.16458333333333333,0.6583333333333333,0.6166666666666667,0.6583333333333333,0.9187468416617139,0.08125315833828604,1.599064310892245,0.18706340735700122,0.1782070040112495,-1.18603156584499,0.058333333333333334,0.9416666666666667,0.6333333333333333,0.8583333333333333,0.9,0.1,risk_adaptive_hybrid_rollout,77,18.41029142499974,153.41909520833119,paper_base_holdoutfit,/home/dkj/research/uav_dt_project/results/scheme_c_holdout/configs/paper_base_holdoutfit.yaml
0.15,0.15,0.15,0.14166666666666666,0.15,0.8880293041028834,0.11197069589711657,1.6678932013121868,0.11965638395519688,0.10845276141191519,-1.6169437151206045,0.025,0.975,1.0,0.7833333333333333,0.875,0.125,periodic,78,11.357005759000458,94.64171465833715,paper_base_holdoutfit,/home/dkj/research/uav_dt_project/results/scheme_c_holdout/configs/paper_base_holdoutfit.yaml
0.03945308235886273,0.03945308235886273,0.13333333333333333,0.10833333333333334,0.13333333333333333,0.7324653077562525,0.26753469224374743,1.5410209246030002,0.40256317357805027,0.3939139875000831,-2.2956029380885994,0.025,0.975,1.0,0.85,0.875,0.125,security_risk,78,11.859397254000214,98.82831045000178,paper_base_holdoutfit,/home/dkj/research/uav_dt_project/results/scheme_c_holdout/configs/paper_base_holdoutfit.yaml
0.2333333333333333,0.2333333333333333,0.26666666666666666,0.25833333333333336,0.26666666666666666,0.3817897353670451,0.6182102646329549,0.7708395094933425,1.6298145882134336,1.623187265449298,-7.192493497693193,0.05,0.95,0.7666666666666667,0.9583333333333334,0.8916666666666667,0.10833333333333334,security_margin,78,11.686833128000217,97.39027606666848,paper_base_holdoutfit,/home/dkj/research/uav_dt_project/results/scheme_c_holdout/configs/paper_base_holdoutfit.yaml
0.0,0.0,0.0,0.0,0.0,0.20516956418322913,0.7948304358167708,1.0216698887795048,1.7249402010290567,1.7128437864772408,-16.19809284177357,0.0,1.0,1.0,0.85,0.875,0.125,rollout_joint,78,18.554176982000172,154.6181415166681,paper_base_holdoutfit,/home/dkj/research/uav_dt_project/results/scheme_c_holdout/configs/paper_base_holdoutfit.yaml
0.16458333333333333,0.16458333333333333,0.6583333333333333,0.6166666666666667,0.6583333333333333,0.8995807725722195,0.10041922742778049,1.5850463193601192,0.3079695203516863,0.30165673384132885,-1.0803760740363575,0.05,0.95,0.5083333333333333,0.9416666666666667,0.8916666666666667,0.10833333333333334,risk_adaptive_hybrid_rollout,78,18.97931987999982,158.1609989999985,paper_base_holdoutfit,/home/dkj/research/uav_dt_project/results/scheme_c_holdout/configs/paper_base_holdoutfit.yaml
0.15,0.15,0.15,0.14166666666666666,0.15,0.8852413350768337,0.11475866492316646,1.6456102941894437,0.12328791875357835,0.11343734656091221,-1.6364550995783957,0.025,0.975,1.0,0.75,0.8833333333333333,0.11666666666666667,periodic,79,11.596639981999942,96.63866651666619,paper_base_holdoutfit,/home/dkj/research/uav_dt_project/results/scheme_c_holdout/configs/paper_base_holdoutfit.yaml
0.036991562374674165,0.036991562374674165,0.125,0.11666666666666667,0.125,0.7417955227383483,0.2582044772616517,1.5348897259975032,0.37589494690475056,0.37301734541328363,-2.3078616636760625,0.025,0.975,1.0,0.8916666666666667,0.8833333333333333,0.11666666666666667,security_risk,79,12.038591268000346,100.32159390000288,paper_base_holdoutfit,/home/dkj/research/uav_dt_project/results/scheme_c_holdout/configs/paper_base_holdoutfit.yaml
0.23333333333333334,0.23333333333333334,0.25,0.225,0.25,0.36882619844672127,0.6311738015532788,0.9831603420628565,1.8527115231681217,1.8427105066362193,-6.8670665786395055,0.058333333333333334,0.9416666666666667,0.8083333333333333,0.9083333333333333,0.9,0.1,security_margin,79,11.435415986000407,95.29513321667007,paper_base_holdoutfit,/home/dkj/research/uav_dt_project/results/scheme_c_holdout/configs/paper_base_holdoutfit.yaml
0.0,0.0,0.0,0.0,0.0,0.2053615475977823,0.7946384524022178,0.9938922842282404,1.74434673481153,1.7410248143810052,-16.162801081492447,0.0,1.0,1.0,0.8583333333333333,0.8833333333333333,0.11666666666666667,rollout_joint,79,18.161529529999825,151.34607941666522,paper_base_holdoutfit,/home/dkj/research/uav_dt_project/results/scheme_c_holdout/configs/paper_base_holdoutfit.yaml
0.16458333333333333,0.16458333333333333,0.6583333333333333,0.6166666666666667,0.6583333333333333,0.9149108516731533,0.08508914832684678,1.6016065437417497,0.2117626480998158,0.2012233316050026,-1.1640310340157012,0.058333333333333334,0.9416666666666667,0.575,0.85,0.9,0.1,risk_adaptive_hybrid_rollout,79,18.666090765000263,155.55075637500218,paper_base_holdoutfit,/home/dkj/research/uav_dt_project/results/scheme_c_holdout/configs/paper_base_holdoutfit.yaml
0.15,0.15,0.15,0.14166666666666666,0.15,0.883105095736011,0.11689490426398898,1.6314965111291575,0.13301355419711391,0.1261217708827628,-1.6403127816475969,0.016666666666666666,0.9833333333333333,1.0,0.6916666666666667,0.8916666666666667,0.10833333333333334,periodic,80,12.084303585999805,100.7025298833317,paper_base_holdoutfit,/home/dkj/research/uav_dt_project/results/scheme_c_holdout/configs/paper_base_holdoutfit.yaml
0.03369443417492273,0.03369443417492273,0.11666666666666667,0.11666666666666667,0.11666666666666667,0.7442194781875664,0.2557805218124336,1.5312505171509243,0.372372698357295,0.3703609867111293,-2.236255736411746,0.008333333333333333,0.9916666666666667,1.0,0.8916666666666667,0.8916666666666667,0.10833333333333334,security_risk,80,11.703528497999287,97.52940414999405,paper_base_holdoutfit,/home/dkj/research/uav_dt_project/results/scheme_c_holdout/configs/paper_base_holdoutfit.yaml
0.23241679819384248,0.23241679819384248,0.25,0.24166666666666667,0.25,0.38041958438799506,0.6195804156120049,1.0088397431047968,1.804443835398686,1.7959009459682462,-6.95499819440776,0.058333333333333334,0.9416666666666667,0.8333333333333334,0.9083333333333333,0.8916666666666667,0.10833333333333334,security_margin,80,11.758645363000142,97.98871135833451,paper_base_holdoutfit,/home/dkj/research/uav_dt_project/results/scheme_c_holdout/configs/paper_base_holdoutfit.yaml
0.0,0.0,0.0,0.0,0.0,0.20589276409269672,0.7941072359073031,0.9938307729062561,1.7438526501948632,1.7409709846319195,-16.1713999010023,0.0,1.0,1.0,0.8833333333333333,0.8916666666666667,0.10833333333333334,rollout_joint,80,17.76588209200054,148.0490174333378,paper_base_holdoutfit,/home/dkj/research/uav_dt_project/results/scheme_c_holdout/configs/paper_base_holdoutfit.yaml
0.16458333333333333,0.16458333333333333,0.6583333333333333,0.6416666666666667,0.6583333333333333,0.8936713982837647,0.10632860171623527,1.4935519320052,0.43152707337336316,0.42715470505639974,-1.0475106466712483,0.058333333333333334,0.9416666666666667,0.45,0.9083333333333333,0.8916666666666667,0.10833333333333334,risk_adaptive_hybrid_rollout,80,18.390902573999483,153.2575214499957,paper_base_holdoutfit,/home/dkj/research/uav_dt_project/results/scheme_c_holdout/configs/paper_base_holdoutfit.yaml
0.15,0.15,0.15,0.14166666666666666,0.15,0.8902313236163074,0.10976867638369249,1.6387045593544831,0.10551692810212848,0.09284010716118664,-1.6619162865524941,0.016666666666666666,0.9833333333333333,1.0,0.7833333333333333,0.8916666666666667,0.10833333333333334,periodic,81,11.226713244000166,93.55594370000138,paper_base_holdoutfit,/home/dkj/research/uav_dt_project/results/scheme_c_holdout/configs/paper_base_holdoutfit.yaml
0.03521276820362231,0.03521276820362231,0.11666666666666667,0.10833333333333334,0.11666666666666667,0.7376649635889817,0.26233503641101824,1.5500563270061087,0.38879106993315904,0.3820728604981232,-2.298871929523246,0.025,0.975,1.0,0.8416666666666667,0.8833333333333333,0.11666666666666667,security_risk,81,11.991762820999611,99.93135684166343,paper_base_holdoutfit,/home/dkj/research/uav_dt_project/results/scheme_c_holdout/configs/paper_base_holdoutfit.yaml
0.23190947671789378,0.23190947671789378,0.26666666666666666,0.23333333333333334,0.26666666666666666,0.36665255466894137,0.6333474453310586,0.7494633424684454,1.6460977586502072,1.6352323385458665,-7.523390955335461,0.03333333333333333,0.9666666666666667,0.8333333333333334,0.875,0.8833333333333333,0.11666666666666667,security_margin,81,11.995486820000224,99.96239016666853,paper_base_holdoutfit,/home/dkj/research/uav_dt_project/results/scheme_c_holdout/configs/paper_base_holdoutfit.yaml
0.0,0.0,0.0,0.0,0.0,0.20454428859734505,0.7954557114026549,1.000444271690192,1.7432502770366516,1.7344637171796407,-16.20147568278563,0.0,1.0,1.0,0.8333333333333334,0.8833333333333333,0.11666666666666667,rollout_joint,81,18.38269259700064,153.18910497500534,paper_base_holdoutfit,/home/dkj/research/uav_dt_project/results/scheme_c_holdout/configs/paper_base_holdoutfit.yaml
0.16666666666666666,0.16666666666666666,0.6666666666666666,0.6166666666666667,0.6666666666666666,0.8900167585259192,0.10998324147408077,1.5587736283079423,0.34560162465561867,0.3304918358492201,-1.0802698712354797,0.03333333333333333,0.9666666666666667,0.5166666666666667,0.8583333333333333,0.8833333333333333,0.11666666666666667,risk_adaptive_hybrid_rollout,81,19.367719763999958,161.39766469999964,paper_base_holdoutfit,/home/dkj/research/uav_dt_project/results/scheme_c_holdout/configs/paper_base_holdoutfit.yaml
0.15714285714285714,0.15714285714285714,0.15714285714285714,0.15,0.15714285714285714,0.789802726458256,0.21019727354174395,1.2949054832465314,0.44726565773565474,0.4386615344369078,-2.4631870007594427,0.007142857142857143,0.9928571428571429,1.0,0.7642857142857142,0.95,0.05,periodic,62,13.906206116000249,99.33004368571606,paper_hard_holdoutfit,/home/dkj/research/uav_dt_project/results/scheme_c_holdout/configs/paper_hard_holdoutfit.yaml
0.03877492822709668,0.03877492822709668,0.12857142857142856,0.12142857142857143,0.12857142857142856,0.7351510797183667,0.26484892028163326,1.2713771978404809,0.4482958927655375,0.4464823819297884,-2.664892746043522,0.0,1.0,1.0,0.9071428571428571,0.95,0.05,security_risk,62,13.933508616999461,99.52506154999615,paper_hard_holdoutfit,/home/dkj/research/uav_dt_project/results/scheme_c_holdout/configs/paper_hard_holdoutfit.yaml
0.15714285714285714,0.15714285714285714,0.17857142857142858,0.17142857142857143,0.17857142857142858,0.30010579231988016,0.6998942076801199,0.468850735239224,1.5866541052171779,1.5723089627174551,-12.569972746446489,0.014285714285714285,0.9857142857142858,0.8642857142857143,0.9642857142857143,0.9642857142857143,0.03571428571428571,security_margin,62,13.271644416000527,94.79746011428948,paper_hard_holdoutfit,/home/dkj/research/uav_dt_project/results/scheme_c_holdout/configs/paper_hard_holdoutfit.yaml
0.0,0.0,0.0,0.0,0.0,0.20642904367343584,0.7935709563265643,0.7703086480873361,1.7912628334909815,1.7885445577161285,-19.712020098826354,0.0,1.0,1.0,0.9357142857142857,0.95,0.05,rollout_joint,62,22.371495237999625,159.7963945571402,paper_hard_holdoutfit,/home/dkj/research/uav_dt_project/results/scheme_c_holdout/configs/paper_hard_holdoutfit.yaml
0.13035714285714287,0.13035714285714287,0.5214285714285715,0.4928571428571429,0.5214285714285715,0.9099175396010709,0.09008246039892889,1.3713729990012966,0.2652123513580881,0.25766350845624686,-1.5521242017230605,0.02857142857142857,0.9714285714285714,0.65,0.9642857142857143,0.9642857142857143,0.03571428571428571,risk_adaptive_hybrid_rollout,62,21.875199484000404,156.25142488571717,paper_hard_holdoutfit,/home/dkj/research/uav_dt_project/results/scheme_c_holdout/configs/paper_hard_holdoutfit.yaml
0.15714285714285714,0.15714285714285714,0.15714285714285714,0.15714285714285714,0.15714285714285714,0.794607138176613,0.20539286182338712,1.3532178364812288,0.4194266318130368,0.40962144593921834,-2.3987993301042687,0.007142857142857143,0.9928571428571429,1.0,0.7214285714285714,0.9285714285714286,0.07142857142857142,periodic,63,13.767185769999742,98.33704121428387,paper_hard_holdoutfit,/home/dkj/research/uav_dt_project/results/scheme_c_holdout/configs/paper_hard_holdoutfit.yaml
0.03841104083237734,0.03841104083237734,0.12142857142857143,0.11428571428571428,0.12142857142857143,0.7161503315349041,0.28384966846509585,1.258574263209802,0.5598116025935495,0.5523617637021528,-2.645092148203927,0.007142857142857143,0.9928571428571429,1.0,0.9,0.9285714285714286,0.07142857142857142,security_risk,63,14.968883740999445,106.92059814999604,paper_hard_holdoutfit,/home/dkj/research/uav_dt_project/results/scheme_c_holdout/configs/paper_hard_holdoutfit.yaml
0.15714285714285714,0.15714285714285714,0.16428571428571428,0.14285714285714285,0.16428571428571428,0.3015619378522575,0.6984380621477425,0.4959135730376198,1.5527238924609017,1.5326623122861007,-13.056384942132079,0.014285714285714285,0.9857142857142858,0.9428571428571428,0.9142857142857143,0.95,0.05,security_margin,63,13.918368672000724,99.41691908571946,paper_hard_holdoutfit,/home/dkj/research/uav_dt_project/results/scheme_c_holdout/configs/paper_hard_holdoutfit.yaml
0.0,0.0,0.0,0.0,0.0,0.20199612831727254,0.7980038716827275,0.8097160518639382,1.7658309558133636,1.7491534763654955,-19.644477727456337,0.0,1.0,1.0,0.85,0.9357142857142857,0.06428571428571428,rollout_joint,63,21.759879178999654,155.4277084214261,paper_hard_holdoutfit,/home/dkj/research/uav_dt_project/results/scheme_c_holdout/configs/paper_hard_holdoutfit.yaml
0.13214285714285715,0.13214285714285715,0.5285714285714286,0.5,0.5285714285714286,0.917762936152442,0.08223706384755795,1.4026037931976643,0.21430010779970887,0.21094445246480487,-1.5291289320382888,0.014285714285714285,0.9857142857142858,0.6928571428571428,0.9214285714285714,0.95,0.05,risk_adaptive_hybrid_rollout,63,22.730747968000287,162.36248548571635,paper_hard_holdoutfit,/home/dkj/research/uav_dt_project/results/scheme_c_holdout/configs/paper_hard_holdoutfit.yaml
0.15714285714285714,0.15714285714285714,0.15714285714285714,0.15,0.15714285714285714,0.7730850766882174,0.2269149233117826,1.300510141730626,0.5421382964964162,0.5376097948719912,-2.356074361590249,0.0,1.0,1.0,0.8357142857142857,0.9428571428571428,0.05714285714285714,periodic,64,13.754702567000095,98.24787547857211,paper_hard_holdoutfit,/home/dkj/research/uav_dt_project/results/scheme_c_holdout/configs/paper_hard_holdoutfit.yaml
0.038522213011672655,0.038522213011672655,0.12857142857142856,0.12142857142857143,0.12857142857142856,0.7324815170409451,0.2675184829590549,1.307204129922559,0.43019324185781954,0.4277861976175419,-2.6730782926290666,0.0,1.0,1.0,0.9,0.9357142857142857,0.06428571428571428,security_risk,64,13.739894117999938,98.1421008428567,paper_hard_holdoutfit,/home/dkj/research/uav_dt_project/results/scheme_c_holdout/configs/paper_hard_holdoutfit.yaml
0.15714285714285714,0.15714285714285714,0.17142857142857143,0.16428571428571428,0.17142857142857143,0.32305850125857305,0.676941498741427,0.5399754582301227,1.5064094398033727,1.490428457088238,-12.351827564997762,0.02857142857142857,0.9714285714285714,0.9071428571428571,0.9285714285714286,0.9571428571428572,0.04285714285714286,security_margin,64,14.610638799000299,104.36170570714499,paper_hard_holdoutfit,/home/dkj/research/uav_dt_project/results/scheme_c_holdout/configs/paper_hard_holdoutfit.yaml
0.0,0.0,0.0,0.0,0.0,0.2054505409766709,0.794549459023329,0.7934024925011294,1.7701415746490032,1.765440465258141,-19.68759083515076,0.0,1.0,1.0,0.9,0.95,0.05,rollout_joint,64,23.02293173599992,164.4495123999994,paper_hard_holdoutfit,/home/dkj/research/uav_dt_project/results/scheme_c_holdout/configs/paper_hard_holdoutfit.yaml
0.13035714285714287,0.13035714285714287,0.5214285714285715,0.5,0.5214285714285715,0.9091291133155438,0.09087088668445609,1.3788256457636767,0.24130544237850934,0.23396674668437833,-1.5694749306937739,0.02857142857142857,0.9714285714285714,0.6642857142857143,0.9071428571428571,0.9571428571428572,0.04285714285714286,risk_adaptive_hybrid_rollout,64,22.40459967700008,160.03285483571486,paper_hard_holdoutfit,/home/dkj/research/uav_dt_project/results/scheme_c_holdout/configs/paper_hard_holdoutfit.yaml
0.15714285714285714,0.15714285714285714,0.15714285714285714,0.15714285714285714,0.15714285714285714,0.8107586173606529,0.18924138263934723,1.3258002219610872,0.3016674738163981,0.2930678689074589,-2.5229966869877565,0.007142857142857143,0.9928571428571429,1.0,0.7785714285714286,0.95,0.05,periodic,65,14.047071125000002,100.3362223214286,paper_hard_holdoutfit,/home/dkj/research/uav_dt_project/results/scheme_c_holdout/configs/paper_hard_holdoutfit.yaml
0.03673467153774778,0.03673467153774778,0.12857142857142856,0.12857142857142856,0.12857142857142856,0.7325079717977818,0.26749202820221823,1.2793427724521151,0.464331492933407,0.4620020088101896,-2.620935915085487,0.0,1.0,0.9928571428571429,0.9285714285714286,0.9428571428571428,0.05714285714285714,security_risk,65,13.956465510999806,99.68903936428433,paper_hard_holdoutfit,/home/dkj/research/uav_dt_project/results/scheme_c_holdout/configs/paper_hard_holdoutfit.yaml
0.15714285714285714,0.15714285714285714,0.16428571428571428,0.1357142857142857,0.16428571428571428,0.3001173555305191,0.699882644469481,0.5023157153845386,1.5418696091503885,1.5258244655264661,-12.971498601437085,0.014285714285714285,0.9857142857142858,0.9642857142857143,0.9071428571428571,0.95,0.05,security_margin,65,13.993884984000033,99.95632131428594,paper_hard_holdoutfit,/home/dkj/research/uav_dt_project/results/scheme_c_holdout/configs/paper_hard_holdoutfit.yaml
0.0,0.0,0.0,0.0,0.0,0.20474111777311008,0.7952588822268899,0.7877636267358343,1.7781635334154375,1.7711526611693564,-19.67771207358898,0.0,1.0,1.0,0.8928571428571429,0.9428571428571428,0.05714285714285714,rollout_joint,65,21.314869730999817,152.24906950714154,paper_hard_holdoutfit,/home/dkj/research/uav_dt_project/results/scheme_c_holdout/configs/paper_hard_holdoutfit.yaml
0.13214285714285715,0.13214285714285715,0.5285714285714286,0.4785714285714286,0.5285714285714286,0.924556707892512,0.07544329210748801,1.425464115600334,0.18464747974639012,0.181989966695877,-1.5400664441153196,0.014285714285714285,0.9857142857142858,0.7571428571428571,0.9428571428571428,0.95,0.05,risk_adaptive_hybrid_rollout,65,22.45335126699956,160.3810804785683,paper_hard_holdoutfit,/home/dkj/research/uav_dt_project/results/scheme_c_holdout/configs/paper_hard_holdoutfit.yaml
0.15714285714285714,0.15714285714285714,0.15714285714285714,0.15,0.15714285714285714,0.7795458924802651,0.22045410751973488,1.2899826810037816,0.47834260130522077,0.46647006630407506,-2.437963925025353,0.0,1.0,1.0,0.7714285714285715,0.9571428571428572,0.04285714285714286,periodic,66,13.75667184699978,98.26194176428415,paper_hard_holdoutfit,/home/dkj/research/uav_dt_project/results/scheme_c_holdout/configs/paper_hard_holdoutfit.yaml
0.03652391939304727,0.03652391939304727,0.12857142857142856,0.12857142857142856,0.12857142857142856,0.7440551864928582,0.25594481350714177,1.2562935004072646,0.47405820265324566,0.47109774808691196,-2.587363275310645,0.0,1.0,1.0,0.9357142857142857,0.95,0.05,security_risk,66,13.778778500999579,98.41984643571128,paper_hard_holdoutfit,/home/dkj/research/uav_dt_project/results/scheme_c_holdout/configs/paper_hard_holdoutfit.yaml
0.15714285714285714,0.15714285714285714,0.17142857142857143,0.15714285714285714,0.17142857142857143,0.3063860494744611,0.6936139505255389,0.5023329802313269,1.5531038857239177,1.5366965912661932,-12.840753485603061,0.014285714285714285,0.9857142857142858,0.9214285714285714,0.9214285714285714,0.95,0.05,security_margin,66,14.29437020200021,102.1026443000015,paper_hard_holdoutfit,/home/dkj/research/uav_dt_project/results/scheme_c_holdout/configs/paper_hard_holdoutfit.yaml
0.0,0.0,0.0,0.0,0.0,0.2052665397613398,0.7947334602386602,0.7771934677624975,1.7876428732098026,1.7817457089349484,-19.810717615546505,0.0,1.0,1.0,0.8928571428571429,0.95,0.05,rollout_joint,66,22.22286019600051,158.73471568571793,paper_hard_holdoutfit,/home/dkj/research/uav_dt_project/results/scheme_c_holdout/configs/paper_hard_holdoutfit.yaml
0.13214285714285715,0.13214285714285715,0.5285714285714286,0.4928571428571429,0.5285714285714286,0.8873125207036985,0.1126874792963015,1.3614410249316766,0.3527201352720273,0.34910162466271394,-1.5214362183936128,0.014285714285714285,0.9857142857142858,0.6214285714285714,0.9071428571428571,0.95,0.05,risk_adaptive_hybrid_rollout,66,22.467929989000368,160.48521420714548,paper_hard_holdoutfit,/home/dkj/research/uav_dt_project/results/scheme_c_holdout/configs/paper_hard_holdoutfit.yaml
0.15714285714285714,0.15714285714285714,0.15714285714285714,0.15714285714285714,0.15714285714285714,0.7817839217829581,0.21821607821704195,1.2687064860454362,0.5164499662740158,0.5087809254800111,-2.3880397039533707,0.0,1.0,1.0,0.7785714285714286,0.9714285714285714,0.02857142857142857,periodic,67,14.170892813999671,101.2206629571405,paper_hard_holdoutfit,/home/dkj/research/uav_dt_project/results/scheme_c_holdout/configs/paper_hard_holdoutfit.yaml
0.038671372584459046,0.038671372584459046,0.12857142857142856,0.10714285714285714,0.12857142857142856,0.7181873395227704,0.2818126604772296,1.2562677981149555,0.5215102161335398,0.5186362999686535,-2.6953082042586956,0.0,1.0,1.0,0.9071428571428571,0.9571428571428572,0.04285714285714286,security_risk,67,14.365777077999155,102.61269341427968,paper_hard_holdoutfit,/home/dkj/research/uav_dt_project/results/scheme_c_holdout/configs/paper_hard_holdoutfit.yaml
0.15714285714285714,0.15714285714285714,0.16428571428571428,0.14285714285714285,0.16428571428571428,0.2869730693016737,0.7130269306983265,0.4628772469303669,1.5803424496852654,1.5510044639292153,-13.57888045707134,0.0,1.0,0.9214285714285714,0.9285714285714286,0.9642857142857143,0.03571428571428571,security_margin,67,14.501270535000003,103.5805038214286,paper_hard_holdoutfit,/home/dkj/research/uav_dt_project/results/scheme_c_holdout/configs/paper_hard_holdoutfit.yaml
0.0,0.0,0.0,0.0,0.0,0.20489258834957247,0.7951074116504275,0.766525457558178,1.7979016252564306,1.7923497243842517,-19.6661691170953,0.0,1.0,1.0,0.9071428571428571,0.95,0.05,rollout_joint,67,22.416857084000185,160.12040774285848,paper_hard_holdoutfit,/home/dkj/research/uav_dt_project/results/scheme_c_holdout/configs/paper_hard_holdoutfit.yaml
0.13214285714285715,0.13214285714285715,0.5285714285714286,0.4857142857142857,0.5285714285714286,0.9247342819974912,0.07526571800250886,1.425975696356828,0.1372974132639176,0.12686587926190862,-1.5916495635327224,0.007142857142857143,0.9928571428571429,0.7857142857142857,0.9285714285714286,0.9642857142857143,0.03571428571428571,risk_adaptive_hybrid_rollout,67,23.777463704999718,169.8390264642837,paper_hard_holdoutfit,/home/dkj/research/uav_dt_project/results/scheme_c_holdout/configs/paper_hard_holdoutfit.yaml
0.15714285714285714,0.15714285714285714,0.15714285714285714,0.15714285714285714,0.15714285714285714,0.7749883103161029,0.22501168968389704,1.2993450444448353,0.573877641275068,0.5676437379070758,-2.296206013956746,0.007142857142857143,0.9928571428571429,1.0,0.7571428571428571,0.9357142857142857,0.06428571428571428,periodic,68,14.347229410999716,102.4802100785694,paper_hard_holdoutfit,/home/dkj/research/uav_dt_project/results/scheme_c_holdout/configs/paper_hard_holdoutfit.yaml
0.03699108229061218,0.03699108229061218,0.12142857142857143,0.11428571428571428,0.12142857142857143,0.7054502969196766,0.29454970308032336,1.1750088043953788,0.6809101130369368,0.6720663435113977,-2.631332489086028,0.0,1.0,1.0,0.85,0.9357142857142857,0.06428571428571428,security_risk,68,13.35824740499993,95.41605289285664,paper_hard_holdoutfit,/home/dkj/research/uav_dt_project/results/scheme_c_holdout/configs/paper_hard_holdoutfit.yaml
0.15714285714285714,0.15714285714285714,0.17142857142857143,0.15,0.17142857142857143,0.3083672358572778,0.6916327641427222,0.7858271073086122,1.7752234829604903,1.7642721754267527,-11.975665654583723,0.02142857142857143,0.9785714285714285,0.9214285714285714,0.9285714285714286,0.9571428571428572,0.04285714285714286,security_margin,68,13.760879454999667,98.29199610714048,paper_hard_holdoutfit,/home/dkj/research/uav_dt_project/results/scheme_c_holdout/configs/paper_hard_holdoutfit.yaml
0.0,0.0,0.0,0.0,0.0,0.2060086185614304,0.7939913814385697,0.8057136140158049,1.7680791126043236,1.7531259759151743,-19.754341506028293,0.0,1.0,1.0,0.8357142857142857,0.9357142857142857,0.06428571428571428,rollout_joint,68,21.791997907000223,155.65712790714446,paper_hard_holdoutfit,/home/dkj/research/uav_dt_project/results/scheme_c_holdout/configs/paper_hard_holdoutfit.yaml
0.13035714285714287,0.13035714285714287,0.5214285714285715,0.4857142857142857,0.5214285714285715,0.91660651461049,0.08339348538950997,1.4134369351592824,0.2364858925659999,0.22114642308810226,-1.5166825003081328,0.02857142857142857,0.9714285714285714,0.6785714285714286,0.9071428571428571,0.9571428571428572,0.04285714285714286,risk_adaptive_hybrid_rollout,68,21.937463377999848,156.6961669857132,paper_hard_holdoutfit,/home/dkj/research/uav_dt_project/results/scheme_c_holdout/configs/paper_hard_holdoutfit.yaml
0.15714285714285714,0.15714285714285714,0.15714285714285714,0.1357142857142857,0.15714285714285714,0.7655435600401983,0.23445643995980175,1.2750723438898168,0.5201358293278237,0.5128515627552994,-2.4944281699686055,0.007142857142857143,0.9928571428571429,1.0,0.7642857142857142,0.95,0.05,periodic,69,13.522753319999538,96.59109514285385,paper_hard_holdoutfit,/home/dkj/research/uav_dt_project/results/scheme_c_holdout/configs/paper_hard_holdoutfit.yaml
0.03411123154731381,0.03411123154731381,0.12142857142857143,0.11428571428571428,0.12142857142857143,0.7412543236063764,0.2587456763936234,1.2712327383395938,0.48059689543621814,0.4702190470908836,-2.6159247148314435,0.0,1.0,1.0,0.8142857142857143,0.9428571428571428,0.05714285714285714,security_risk,69,14.48497162700005,103.46408305000035,paper_hard_holdoutfit,/home/dkj/research/uav_dt_project/results/scheme_c_holdout/configs/paper_hard_holdoutfit.yaml
0.15714285714285714,0.15714285714285714,0.16428571428571428,0.15,0.16428571428571428,0.30231199699502875,0.6976880030049712,0.5413355795552138,1.5257223993215387,1.510093695990141,-12.510731383718003,0.02857142857142857,0.9714285714285714,0.9285714285714286,0.9214285714285714,0.9428571428571428,0.05714285714285714,security_margin,69,14.104739143000188,100.74813673571563,paper_hard_holdoutfit,/home/dkj/research/uav_dt_project/results/scheme_c_holdout/configs/paper_hard_holdoutfit.yaml
0.0,0.0,0.0,0.0,0.0,0.2020253110251732,0.7979746889748269,0.7809274330420913,1.7897017759446292,1.7779819006168316,-19.763241907763387,0.0,1.0,1.0,0.85,0.9428571428571428,0.05714285714285714,rollout_joint,69,21.49267588099974,153.51911343571243,paper_hard_holdoutfit,/home/dkj/research/uav_dt_project/results/scheme_c_holdout/configs/paper_hard_holdoutfit.yaml
0.13035714285714287,0.13035714285714287,0.5214285714285715,0.4857142857142857,0.5214285714285715,0.9279337599036729,0.07206624009632713,1.4485997335021288,0.1431063603966903,0.13338104180286672,-1.5601585067395867,0.02857142857142857,0.9714285714285714,0.75,0.9285714285714286,0.9428571428571428,0.05714285714285714,risk_adaptive_hybrid_rollout,69,22.464188173000366,160.45848695000262,paper_hard_holdoutfit,/home/dkj/research/uav_dt_project/results/scheme_c_holdout/configs/paper_hard_holdoutfit.yaml
0.15714285714285714,0.15714285714285714,0.15714285714285714,0.15,0.15714285714285714,0.772450054379041,0.2275499456209589,1.2877308564022993,0.5640915267316605,0.5519958391186486,-2.356676595450923,0.007142857142857143,0.9928571428571429,1.0,0.7,0.9428571428571428,0.05714285714285714,periodic,70,14.517597432000002,103.69712451428573,paper_hard_holdoutfit,/home/dkj/research/uav_dt_project/results/scheme_c_holdout/configs/paper_hard_holdoutfit.yaml
0.03770386097069289,0.03770386097069289,0.11428571428571428,0.11428571428571428,0.11428571428571428,0.6831467506246619,0.3168532493753381,1.1503200501070714,0.8026526825515888,0.7945249923052095,-2.591122033286914,0.0,1.0,0.9142857142857143,0.8285714285714286,0.9357142857142857,0.06428571428571428,security_risk,70,14.3859779229997,102.75698516428358,paper_hard_holdoutfit,/home/dkj/research/uav_dt_project/results/scheme_c_holdout/configs/paper_hard_holdoutfit.yaml
0.15714285714285714,0.15714285714285714,0.18571428571428572,0.18571428571428572,0.18571428571428572,0.30356607925048484,0.6964339207495152,0.4754575276918875,1.5960851757753407,1.5874029639862388,-12.304137477586796,0.014285714285714285,0.9857142857142858,0.8142857142857143,0.9714285714285714,0.9785714285714285,0.02142857142857143,security_margin,70,13.712688181000885,97.9477727214349,paper_hard_holdoutfit,/home/dkj/research/uav_dt_project/results/scheme_c_holdout/configs/paper_hard_holdoutfit.yaml
0.0,0.0,0.0,0.0,0.0,0.20244291320235255,0.7975570867976475,0.7861751351839767,1.7824136220250004,1.772678006693812,-19.77888811846624,0.0,1.0,1.0,0.8642857142857143,0.9428571428571428,0.05714285714285714,rollout_joint,70,22.084019758000068,157.74299827142906,paper_hard_holdoutfit,/home/dkj/research/uav_dt_project/results/scheme_c_holdout/configs/paper_hard_holdoutfit.yaml
0.13035714285714287,0.13035714285714287,0.5214285714285715,0.4714285714285714,0.5214285714285715,0.9178928759485532,0.08210712405144685,1.4099807562449915,0.18556301070103168,0.17279686830971705,-1.606496766337841,0.02857142857142857,0.9714285714285714,0.7642857142857142,0.9214285714285714,0.9857142857142858,0.014285714285714285,risk_adaptive_hybrid_rollout,70,22.889298625000265,163.49499017857332,paper_hard_holdoutfit,/home/dkj/research/uav_dt_project/results/scheme_c_holdout/configs/paper_hard_holdoutfit.yaml
0.15714285714285714,0.15714285714285714,0.15714285714285714,0.14285714285714285,0.15714285714285714,0.7970986416817141,0.20290135831828604,1.3090846137634216,0.3068242045656381,0.29937642452827873,-2.635385281767473,0.0,1.0,1.0,0.8142857142857143,0.95,0.05,periodic,71,14.136161601999447,100.97258287142462,paper_hard_holdoutfit,/home/dkj/research/uav_dt_project/results/scheme_c_holdout/configs/paper_hard_holdoutfit.yaml
0.033389585409051785,0.033389585409051785,0.10714285714285714,0.1,0.10714285714285714,0.6731170692687384,0.3268829307312617,1.0386472081911866,0.8994878844978734,0.8937712543762963,-2.619376146361074,0.0,1.0,0.9785714285714285,0.8714285714285714,0.95,0.05,security_risk,71,14.810139402000459,105.786710014289,paper_hard_holdoutfit,/home/dkj/research/uav_dt_project/results/scheme_c_holdout/configs/paper_hard_holdoutfit.yaml
0.15714285714285714,0.15714285714285714,0.16428571428571428,0.14285714285714285,0.16428571428571428,0.3107205025881521,0.6892794974118479,0.8316521782168207,1.7428616812118383,1.7230750554570367,-12.18385725655583,0.02142857142857143,0.9785714285714285,0.9285714285714286,0.9142857142857143,0.9642857142857143,0.03571428571428571,security_margin,71,15.640749363000396,111.71963830714569,paper_hard_holdoutfit,/home/dkj/research/uav_dt_project/results/scheme_c_holdout/configs/paper_hard_holdoutfit.yaml
0.0,0.0,0.0,0.0,0.0,0.2072123843644742,0.7927876156355258,0.784743478210594,1.7815114249230664,1.7741968596932698,-19.667819192585416,0.0,1.0,1.0,0.8857142857142857,0.95,0.05,rollout_joint,71,22.939862185000493,163.85615846428922,paper_hard_holdoutfit,/home/dkj/research/uav_dt_project/results/scheme_c_holdout/configs/paper_hard_holdoutfit.yaml
0.13035714285714287,0.13035714285714287,0.5214285714285715,0.4928571428571429,0.5214285714285715,0.9164613890375469,0.08353861096245309,1.3878248712251056,0.2434739458510676,0.2351503212351386,-1.5214149770004486,0.02142857142857143,0.9785714285714285,0.6714285714285714,0.9571428571428572,0.9642857142857143,0.03571428571428571,risk_adaptive_hybrid_rollout,71,22.82705784100017,163.05041315000122,paper_hard_holdoutfit,/home/dkj/research/uav_dt_project/results/scheme_c_holdout/configs/paper_hard_holdoutfit.yaml
0.15714285714285714,0.15714285714285714,0.15714285714285714,0.15,0.15714285714285714,0.7907633093528259,0.2092366906471741,1.2916005717414734,0.44972119525743764,0.43795369773341586,-2.4521171363281966,0.0,1.0,1.0,0.7785714285714286,0.95,0.05,periodic,72,14.41194525499941,102.94246610713864,paper_hard_holdoutfit,/home/dkj/research/uav_dt_project/results/scheme_c_holdout/configs/paper_hard_holdoutfit.yaml
0.03361773790107914,0.03361773790107914,0.10714285714285714,0.10714285714285714,0.10714285714285714,0.6878868035473961,0.31211319645260394,1.0364930206720937,0.8844955742137914,0.8776605987846596,-2.5921464075050737,0.0,1.0,0.9357142857142857,0.8642857142857143,0.95,0.05,security_risk,72,14.373660156999904,102.66900112142788,paper_hard_holdoutfit,/home/dkj/research/uav_dt_project/results/scheme_c_holdout/configs/paper_hard_holdoutfit.yaml
0.1560146519916762,0.1560146519916762,0.17142857142857143,0.16428571428571428,0.17142857142857143,0.30346446697559176,0.6965355330244082,0.49187383924846945,1.5645061411541372,1.5381485925131824,-12.872915357733243,0.014285714285714285,0.9857142857142858,0.8857142857142857,0.9285714285714286,0.9571428571428572,0.04285714285714286,security_margin,72,14.986290194000503,107.04492995714645,paper_hard_holdoutfit,/home/dkj/research/uav_dt_project/results/scheme_c_holdout/configs/paper_hard_holdoutfit.yaml
0.0,0.0,0.0,0.0,0.0,0.20674837472606397,0.7932516252739361,0.7780204969627587,1.7860961518947454,1.7809193437674433,-19.646748341382914,0.0,1.0,1.0,0.9142857142857143,0.95,0.05,rollout_joint,72,22.663577081000767,161.88269343571977,paper_hard_holdoutfit,/home/dkj/research/uav_dt_project/results/scheme_c_holdout/configs/paper_hard_holdoutfit.yaml
0.13214285714285715,0.13214285714285715,0.5285714285714286,0.5071428571428571,0.5285714285714286,0.889739719771659,0.11026028022834096,1.3379003078725467,0.3407090173652381,0.33248314614607505,-1.5210868715563055,0.02142857142857143,0.9785714285714285,0.6214285714285714,0.9428571428571428,0.9571428571428572,0.04285714285714286,risk_adaptive_hybrid_rollout,72,23.388740651000262,167.06243322143044,paper_hard_holdoutfit,/home/dkj/research/uav_dt_project/results/scheme_c_holdout/configs/paper_hard_holdoutfit.yaml
0.15714285714285714,0.15714285714285714,0.15714285714285714,0.14285714285714285,0.15714285714285714,0.7832054287217826,0.21679457127821736,1.2911537457234565,0.43739506294840064,0.4325135129077102,-2.49282654139613,0.0,1.0,1.0,0.8785714285714286,0.9642857142857143,0.03571428571428571,periodic,73,14.720334272999935,105.14524480714239,paper_hard_holdoutfit,/home/dkj/research/uav_dt_project/results/scheme_c_holdout/configs/paper_hard_holdoutfit.yaml
0.03825388644981154,0.03825388644981154,0.12857142857142856,0.12857142857142856,0.12857142857142856,0.7362548324972765,0.26374516750272337,1.2754367001396139,0.4551252288867381,0.4539812388103971,-2.627303510102185,0.0,1.0,1.0,0.9571428571428572,0.95,0.05,security_risk,73,14.225941012000476,101.61386437143197,paper_hard_holdoutfit,/home/dkj/research/uav_dt_project/results/scheme_c_holdout/configs/paper_hard_holdoutfit.yaml
0.15714285714285714,0.15714285714285714,0.17142857142857143,0.16428571428571428,0.17142857142857143,0.3176685063805135,0.6823314936194865,0.5267792993349846,1.5284454950801158,1.5169550425682152,-12.529202378040823,0.02857142857142857,0.9714285714285714,0.8857142857142857,0.9428571428571428,0.9642857142857143,0.03571428571428571,security_margin,73,13.677188123000633,97.69420087857596,paper_hard_holdoutfit,/home/dkj/research/uav_dt_project/results/scheme_c_holdout/configs/paper_hard_holdoutfit.yaml
0.0,0.0,0.0,0.0,0.0,0.2086581429331475,0.7913418570668523,0.7837302407922183,1.7788444406608306,1.77524685765453,-19.675397289190773,0.0,1.0,1.0,0.9071428571428571,0.95,0.05,rollout_joint,73,21.942135160999896,156.72953686428497,paper_hard_holdoutfit,/home/dkj/research/uav_dt_project/results/scheme_c_holdout/configs/paper_hard_holdoutfit.yaml
0.13035714285714287,0.13035714285714287,0.5214285714285715,0.4928571428571429,0.5214285714285715,0.9089948131675084,0.09100518683249145,1.3873627824092076,0.25954406237653105,0.2524881324801331,-1.5467349639819317,0.02857142857142857,0.9714285714285714,0.6857142857142857,0.95,0.9642857142857143,0.03571428571428571,risk_adaptive_hybrid_rollout,73,22.54199714099923,161.01426529285163,paper_hard_holdoutfit,/home/dkj/research/uav_dt_project/results/scheme_c_holdout/configs/paper_hard_holdoutfit.yaml
0.15714285714285714,0.15714285714285714,0.15714285714285714,0.14285714285714285,0.15714285714285714,0.7581114415576684,0.24188855844233162,1.2921085573593705,0.6261628668456508,0.6174135173351538,-2.3421299885634435,0.007142857142857143,0.9928571428571429,1.0,0.7428571428571429,0.9357142857142857,0.06428571428571428,periodic,74,14.830347420999715,105.93105300714082,paper_hard_holdoutfit,/home/dkj/research/uav_dt_project/results/scheme_c_holdout/configs/paper_hard_holdoutfit.yaml
0.04116375021031985,0.04116375021031985,0.1357142857142857,0.11428571428571428,0.1357142857142857,0.7299346342297045,0.2700653657702955,1.2950523293997471,0.45198475541656363,0.44747164247383964,-2.6694896771804055,0.0,1.0,1.0,0.8714285714285714,0.9428571428571428,0.05714285714285714,security_risk,74,13.805977078000069,98.61412198571477,paper_hard_holdoutfit,/home/dkj/research/uav_dt_project/results/scheme_c_holdout/configs/paper_hard_holdoutfit.yaml
0.15714285714285714,0.15714285714285714,0.17857142857142858,0.17142857142857143,0.17857142857142858,0.30768830056547875,0.6923116994345211,0.5251649505233823,1.5433033881021008,1.518769600184787,-12.62695924553232,0.014285714285714285,0.9857142857142858,0.9,0.9357142857142857,0.9428571428571428,0.05714285714285714,security_margin,74,13.770791240000108,98.36279457142935,paper_hard_holdoutfit,/home/dkj/research/uav_dt_project/results/scheme_c_holdout/configs/paper_hard_holdoutfit.yaml
0.0,0.0,0.0,0.0,0.0,0.20544014761721244,0.7945598523827876,0.7939561136851957,1.774659555512302,1.764950851351582,-19.78020197361419,0.0,1.0,1.0,0.8714285714285714,0.9428571428571428,0.05714285714285714,rollout_joint,74,22.83237115400061,163.08836538571865,paper_hard_holdoutfit,/home/dkj/research/uav_dt_project/results/scheme_c_holdout/configs/paper_hard_holdoutfit.yaml
0.13214285714285715,0.13214285714285715,0.5285714285714286,0.5,0.5285714285714286,0.908406023145092,0.0915939768549081,1.3934236401576503,0.24293240411700512,0.23286369740508042,-1.5801463243759266,0.02142857142857143,0.9785714285714285,0.6857142857142857,0.9428571428571428,0.95,0.05,risk_adaptive_hybrid_rollout,74,21.94824959500056,156.77321139286116,paper_hard_holdoutfit,/home/dkj/research/uav_dt_project/results/scheme_c_holdout/configs/paper_hard_holdoutfit.yaml
0.15714285714285714,0.15714285714285714,0.15714285714285714,0.15714285714285714,0.15714285714285714,0.7779489646380251,0.22205103536197499,1.2861893859528684,0.5867633024373676,0.577184541149839,-2.287940115047616,0.0,1.0,1.0,0.7571428571428571,0.95,0.05,periodic,75,13.923294139999598,99.45210099999713,paper_hard_holdoutfit,/home/dkj/research/uav_dt_project/results/scheme_c_holdout/configs/paper_hard_holdoutfit.yaml
0.030870005434960986,0.030870005434960986,0.10714285714285714,0.10714285714285714,0.10714285714285714,0.7410427393719397,0.2589572606280605,1.2688090301061261,0.45593330932761983,0.44910916308364734,-2.611186474483203,0.0,1.0,1.0,0.8357142857142857,0.95,0.05,security_risk,75,14.108111555000505,100.77222539286075,paper_hard_holdoutfit,/home/dkj/research/uav_dt_project/results/scheme_c_holdout/configs/paper_hard_holdoutfit.yaml
0.15660804218089258,0.15660804218089258,0.16428571428571428,0.15,0.16428571428571428,0.3138165439538071,0.6861834560461927,0.5400048975642076,1.5195026270749772,1.4988730521535172,-12.604821615569302,0.02857142857142857,0.9714285714285714,0.9285714285714286,0.9142857142857143,0.9571428571428572,0.04285714285714286,security_margin,75,14.201211804000195,101.43722717142997,paper_hard_holdoutfit,/home/dkj/research/uav_dt_project/results/scheme_c_holdout/configs/paper_hard_holdoutfit.yaml
0.0,0.0,0.0,0.0,0.0,0.20586392446519994,0.7941360755348001,0.7775525547222526,1.788958301196938,1.7814737415286463,-19.600830318657486,0.0,1.0,1.0,0.8928571428571429,0.95,0.05,rollout_joint,75,22.40664697700049,160.04747840714637,paper_hard_holdoutfit,/home/dkj/research/uav_dt_project/results/scheme_c_holdout/configs/paper_hard_holdoutfit.yaml
0.13035714285714287,0.13035714285714287,0.5214285714285715,0.4857142857142857,0.5214285714285715,0.8899005086535476,0.11009949134645237,1.3460776091284357,0.3412790608558461,0.3380329452927224,-1.544083381949552,0.02857142857142857,0.9714285714285714,0.6357142857142857,0.9285714285714286,0.9571428571428572,0.04285714285714286,risk_adaptive_hybrid_rollout,75,22.490730518999953,160.64807513571395,paper_hard_holdoutfit,/home/dkj/research/uav_dt_project/results/scheme_c_holdout/configs/paper_hard_holdoutfit.yaml
0.15714285714285714,0.15714285714285714,0.15714285714285714,0.15,0.15714285714285714,0.7686568830008923,0.23134311699910778,1.3012835753469778,0.5731144316625179,0.5567570374809965,-2.3395750840728486,0.007142857142857143,0.9928571428571429,1.0,0.8,0.9428571428571428,0.05714285714285714,periodic,76,15.474225032000504,110.5301788000036,paper_hard_holdoutfit,/home/dkj/research/uav_dt_project/results/scheme_c_holdout/configs/paper_hard_holdoutfit.yaml
0.034825582652601196,0.034825582652601196,0.12142857142857143,0.12142857142857143,0.12142857142857143,0.7428303733775603,0.2571696266224397,1.3197099742252276,0.4128252524072661,0.4066899367086381,-2.631665368917687,0.0,1.0,1.0,0.8857142857142857,0.9357142857142857,0.06428571428571428,security_risk,76,14.520981443999517,103.72129602856798,paper_hard_holdoutfit,/home/dkj/research/uav_dt_project/results/scheme_c_holdout/configs/paper_hard_holdoutfit.yaml
0.15714285714285714,0.15714285714285714,0.16428571428571428,0.15,0.16428571428571428,0.3179445385242185,0.6820554614757812,0.841009939501947,1.6934720893514106,1.6646926421381805,-12.08393524342916,0.02857142857142857,0.9714285714285714,0.9214285714285714,0.8785714285714286,0.9428571428571428,0.05714285714285714,security_margin,76,13.958824056000594,99.70588611428995,paper_hard_holdoutfit,/home/dkj/research/uav_dt_project/results/scheme_c_holdout/configs/paper_hard_holdoutfit.yaml
0.0,0.0,0.0,0.0,0.0,0.20289969044673326,0.7971003095532667,0.7882111734358492,1.7817929685081864,1.770744967432051,-19.646459179287394,0.0,1.0,1.0,0.8571428571428571,0.9357142857142857,0.06428571428571428,rollout_joint,76,22.174975789999735,158.39268421428383,paper_hard_holdoutfit,/home/dkj/research/uav_dt_project/results/scheme_c_holdout/configs/paper_hard_holdoutfit.yaml
0.13035714285714287,0.13035714285714287,0.5214285714285715,0.5071428571428571,0.5214285714285715,0.9036047456979561,0.09639525430204395,1.390441425396121,0.3056906299272103,0.2975372240908224,-1.4611563451653047,0.02857142857142857,0.9714285714285714,0.65,0.9428571428571428,0.9428571428571428,0.05714285714285714,risk_adaptive_hybrid_rollout,76,23.089287363999574,164.92348117142552,paper_hard_holdoutfit,/home/dkj/research/uav_dt_project/results/scheme_c_holdout/configs/paper_hard_holdoutfit.yaml
0.15714285714285714,0.15714285714285714,0.15714285714285714,0.14285714285714285,0.15714285714285714,0.7683077298757792,0.2316922701242207,1.286176324591003,0.5340146564452375,0.524956439105205,-2.426667135365276,0.0,1.0,1.0,0.7142857142857143,0.9571428571428572,0.04285714285714286,periodic,77,17.218129612000666,122.98664008571905,paper_hard_holdoutfit,/home/dkj/research/uav_dt_project/results/scheme_c_holdout/configs/paper_hard_holdoutfit.yaml
0.0353087509136643,0.0353087509136643,0.12142857142857143,0.11428571428571428,0.12142857142857143,0.7283854867199231,0.2716145132800768,1.2616748303264655,0.4876043718520782,0.48456803417223243,-2.6244994096834757,0.0,1.0,1.0,0.8785714285714286,0.95,0.05,security_risk,77,15.112665075999757,107.94760768571255,paper_hard_holdoutfit,/home/dkj/research/uav_dt_project/results/scheme_c_holdout/configs/paper_hard_holdoutfit.yaml
0.15714285714285714,0.15714285714285714,0.18571428571428572,0.17857142857142858,0.18571428571428572,0.31874016304918634,0.6812598369508137,0.5084522720771696,1.5548131354528492,1.547257255221281,-12.106292926756266,0.02142857142857143,0.9785714285714285,0.85,0.9714285714285714,0.9571428571428572,0.04285714285714286,security_margin,77,14.797984488000111,105.6998892000008,paper_hard_holdoutfit,/home/dkj/research/uav_dt_project/results/scheme_c_holdout/configs/paper_hard_holdoutfit.yaml
0.0,0.0,0.0,0.0,0.0,0.20837778312442196,0.791622216875578,0.778123858300085,1.7858277007267884,1.7808647435326832,-19.72982910638037,0.0,1.0,1.0,0.8714285714285714,0.95,0.05,rollout_joint,77,25.655867184999806,183.25619417857004,paper_hard_holdoutfit,/home/dkj/research/uav_dt_project/results/scheme_c_holdout/configs/paper_hard_holdoutfit.yaml
0.13035714285714287,0.13035714285714287,0.5214285714285715,0.5,0.5214285714285715,0.918842506997052,0.08115749300294779,1.3886980415557453,0.22846455210116137,0.21903809322866824,-1.533361728649638,0.02857142857142857,0.9714285714285714,0.6785714285714286,0.9428571428571428,0.9571428571428572,0.04285714285714286,risk_adaptive_hybrid_rollout,77,26.42489588599983,188.74925632857023,paper_hard_holdoutfit,/home/dkj/research/uav_dt_project/results/scheme_c_holdout/configs/paper_hard_holdoutfit.yaml
0.15714285714285714,0.15714285714285714,0.15714285714285714,0.14285714285714285,0.15714285714285714,0.7341477053078262,0.2658522946921738,1.2561502317545525,0.7199407784670386,0.7100928150063598,-2.523189306462992,0.007142857142857143,0.9928571428571429,1.0,0.8071428571428572,0.9357142857142857,0.06428571428571428,periodic,78,16.372501257000295,116.9464375500021,paper_hard_holdoutfit,/home/dkj/research/uav_dt_project/results/scheme_c_holdout/configs/paper_hard_holdoutfit.yaml
0.037320973864340884,0.037320973864340884,0.12857142857142856,0.12857142857142856,0.12857142857142856,0.7253382619481791,0.274661738051821,1.3277730671960815,0.47435868577881835,0.46085421868303006,-2.621805936001447,0.007142857142857143,0.9928571428571429,1.0,0.8214285714285714,0.9285714285714286,0.07142857142857142,security_risk,78,15.92764442599946,113.76888875713901,paper_hard_holdoutfit,/home/dkj/research/uav_dt_project/results/scheme_c_holdout/configs/paper_hard_holdoutfit.yaml
0.15691296371780447,0.15691296371780447,0.16428571428571428,0.16428571428571428,0.16428571428571428,0.3123170652586042,0.6876829347413957,0.5345615608564913,1.5310046208415424,1.5117436731022142,-12.571067813269291,0.02857142857142857,0.9714285714285714,0.8928571428571429,0.9428571428571428,0.95,0.05,security_margin,78,16.40500364899981,117.17859749285579,paper_hard_holdoutfit,/home/dkj/research/uav_dt_project/results/scheme_c_holdout/configs/paper_hard_holdoutfit.yaml
0.0,0.0,0.0,0.0,0.0,0.20273913633196874,0.7972608636680314,0.8110238206560102,1.7636662774850278,1.7478408094328846,-19.863053680637027,0.0,1.0,1.0,0.8642857142857143,0.9357142857142857,0.06428571428571428,rollout_joint,78,25.999602846000016,185.7114489000001,paper_hard_holdoutfit,/home/dkj/research/uav_dt_project/results/scheme_c_holdout/configs/paper_hard_holdoutfit.yaml
0.13035714285714287,0.13035714285714287,0.5214285714285715,0.5071428571428571,0.5214285714285715,0.8861889237031175,0.11381107629688239,1.3451958428403135,0.3680089345162485,0.363030848856651,-1.506842163964178,0.02857142857142857,0.9714285714285714,0.6214285714285714,0.9642857142857143,0.95,0.05,risk_adaptive_hybrid_rollout,78,26.11187820900068,186.51341577857627,paper_hard_holdoutfit,/home/dkj/research/uav_dt_project/results/scheme_c_holdout/configs/paper_hard_holdoutfit.yaml
0.15714285714285714,0.15714285714285714,0.15714285714285714,0.15,0.15714285714285714,0.7719330520310661,0.22806694796893384,1.2982008371666307,0.5155723661384048,0.5082871864699762,-2.4092539795322736,0.0,1.0,1.0,0.7642857142857142,0.95,0.05,periodic,79,16.266936133000854,116.1924009500061,paper_hard_holdoutfit,/home/dkj/research/uav_dt_project/results/scheme_c_holdout/configs/paper_hard_holdoutfit.yaml
0.034329242986224466,0.034329242986224466,0.11428571428571428,0.11428571428571428,0.11428571428571428,0.7374534191527636,0.2625465808472365,1.3141020934829353,0.43608727522008667,0.4321783960347913,-2.615300041876292,0.0,1.0,1.0,0.85,0.9428571428571428,0.05714285714285714,security_risk,79,17.482318250999924,124.87370179285661,paper_hard_holdoutfit,/home/dkj/research/uav_dt_project/results/scheme_c_holdout/configs/paper_hard_holdoutfit.yaml
0.15714285714285714,0.15714285714285714,0.17857142857142858,0.17142857142857143,0.17857142857142858,0.3102637743940442,0.6897362256059558,0.5044017651059844,1.5577587583218941,1.5474162548936892,-12.29103174672911,0.02142857142857143,0.9785714285714285,0.8642857142857143,0.95,0.9714285714285714,0.02857142857142857,security_margin,79,15.51489129499987,110.82065210714192,paper_hard_holdoutfit,/home/dkj/research/uav_dt_project/results/scheme_c_holdout/configs/paper_hard_holdoutfit.yaml
0.0,0.0,0.0,0.0,0.0,0.20592162744511538,0.7940783725548847,0.7887487554304445,1.7765055909309042,1.7701372382596212,-19.65984737469922,0.0,1.0,1.0,0.8642857142857143,0.95,0.05,rollout_joint,79,24.729565500999342,176.63975357856674,paper_hard_holdoutfit,/home/dkj/research/uav_dt_project/results/scheme_c_holdout/configs/paper_hard_holdoutfit.yaml
0.13035714285714287,0.13035714285714287,0.5214285714285715,0.4857142857142857,0.5214285714285715,0.9153815996112038,0.08461840038879612,1.430339880777905,0.1757722860514195,0.15532558175207314,-1.599557041383483,0.02857142857142857,0.9714285714285714,0.7285714285714285,0.9428571428571428,0.9642857142857143,0.03571428571428571,risk_adaptive_hybrid_rollout,79,25.131358394999552,179.50970282142538,paper_hard_holdoutfit,/home/dkj/research/uav_dt_project/results/scheme_c_holdout/configs/paper_hard_holdoutfit.yaml
0.15714285714285714,0.15714285714285714,0.15714285714285714,0.15,0.15714285714285714,0.7931730005530941,0.20682699944690577,1.3217094313980535,0.3969715806373321,0.39002022374478595,-2.4941009755712122,0.0,1.0,1.0,0.8,0.95,0.05,periodic,80,15.965784796000662,114.0413199714333,paper_hard_holdoutfit,/home/dkj/research/uav_dt_project/results/scheme_c_holdout/configs/paper_hard_holdoutfit.yaml
0.03290785329432507,0.03290785329432507,0.11428571428571428,0.11428571428571428,0.11428571428571428,0.7302219887015281,0.26977801129847173,1.284691243042192,0.4775759410515653,0.47403062914191724,-2.599243792211937,0.0,1.0,1.0,0.8785714285714286,0.95,0.05,security_risk,80,15.572519566000665,111.23228261429047,paper_hard_holdoutfit,/home/dkj/research/uav_dt_project/results/scheme_c_holdout/configs/paper_hard_holdoutfit.yaml
0.15714285714285714,0.15714285714285714,0.17142857142857143,0.15,0.17142857142857143,0.29629226107689216,0.7037077389231078,0.736617034808131,1.827523485418509,1.7974570796686997,-12.261978511616011,0.014285714285714285,0.9857142857142858,0.9071428571428571,0.9071428571428571,0.9428571428571428,0.05714285714285714,security_margin,80,15.57331257199985,111.23794694285607,paper_hard_holdoutfit,/home/dkj/research/uav_dt_project/results/scheme_c_holdout/configs/paper_hard_holdoutfit.yaml
0.0,0.0,0.0,0.0,0.0,0.20569111177409077,0.7943088882259092,0.7880818442169819,1.776853484384129,1.7708617491289782,-19.63765312813087,0.0,1.0,1.0,0.8785714285714286,0.95,0.05,rollout_joint,80,24.038135904999763,171.7009707499983,paper_hard_holdoutfit,/home/dkj/research/uav_dt_project/results/scheme_c_holdout/configs/paper_hard_holdoutfit.yaml
0.13214285714285715,0.13214285714285715,0.5285714285714286,0.5071428571428571,0.5285714285714286,0.9025614126391533,0.09743858736084673,1.395757797628585,0.27725540000251675,0.26944768735643587,-1.5162870763436498,0.02142857142857143,0.9785714285714285,0.6428571428571429,0.8928571428571429,0.9428571428571428,0.05714285714285714,risk_adaptive_hybrid_rollout,80,25.036790889000258,178.83422063571612,paper_hard_holdoutfit,/home/dkj/research/uav_dt_project/results/scheme_c_holdout/configs/paper_hard_holdoutfit.yaml
0.15714285714285714,0.15714285714285714,0.15714285714285714,0.1357142857142857,0.15714285714285714,0.7472718839620685,0.25272811603793155,1.2670879370155737,0.62858193471645,0.6146803860374893,-2.4188691278042995,0.0,1.0,1.0,0.75,0.95,0.05,periodic,81,15.652215019999858,111.80153585714184,paper_hard_holdoutfit,/home/dkj/research/uav_dt_project/results/scheme_c_holdout/configs/paper_hard_holdoutfit.yaml
0.03570208247466256,0.03570208247466256,0.12142857142857143,0.08571428571428572,0.12142857142857143,0.7130302181459218,0.2869697818540781,1.2211893269575724,0.563713726030529,0.5556619399459221,-2.6631196048196175,0.0,1.0,1.0,0.8142857142857143,0.9357142857142857,0.06428571428571428,security_risk,81,15.593693897999401,111.38352784285287,paper_hard_holdoutfit,/home/dkj/research/uav_dt_project/results/scheme_c_holdout/configs/paper_hard_holdoutfit.yaml
0.15714285714285714,0.15714285714285714,0.17142857142857143,0.15,0.17142857142857143,0.30023296517648385,0.699767034823516,0.5203285831373171,1.5364751670631107,1.5086980134977848,-12.893596966739796,0.014285714285714285,0.9857142857142858,0.9428571428571428,0.8928571428571429,0.95,0.05,security_margin,81,15.496539437000138,110.68956740714384,paper_hard_holdoutfit,/home/dkj/research/uav_dt_project/results/scheme_c_holdout/configs/paper_hard_holdoutfit.yaml
0.0,0.0,0.0,0.0,0.0,0.204147047285759,0.795852952714241,0.7933763049911532,1.7778012086774895,1.7655872492855214,-19.708054482531836,0.0,1.0,1.0,0.85,0.9357142857142857,0.06428571428571428,rollout_joint,81,25.34744103600042,181.05315025714586,paper_hard_holdoutfit,/home/dkj/research/uav_dt_project/results/scheme_c_holdout/configs/paper_hard_holdoutfit.yaml
0.13035714285714287,0.13035714285714287,0.5214285714285715,0.4857142857142857,0.5214285714285715,0.8848850554636956,0.11511494453630444,1.36028734427958,0.34151921229120075,0.3364689448979276,-1.5401927180598005,0.02142857142857143,0.9785714285714285,0.6571428571428571,0.9214285714285714,0.95,0.05,risk_adaptive_hybrid_rollout,81,25.43926712600023,181.70905090000164,paper_hard_holdoutfit,/home/dkj/research/uav_dt_project/results/scheme_c_holdout/configs/paper_hard_holdoutfit.yaml
0.11875,0.11875,0.11875,0.11875,0.11875,0.6749301251798857,0.3250698748201143,1.0124078347216714,0.8791546827394999,0.8712588251411709,-3.416255516854727,0.0,1.0,1.0,0.85625,1.0,0.0,periodic,62,17.61914002499998,110.11962515624987,scenario_stress_holdoutfit,/home/dkj/research/uav_dt_project/results/scheme_c_holdout/configs/scenario_stress_holdoutfit.yaml
0.03955970367075895,0.03955970367075895,0.13125,0.13125,0.13125,0.7463406793048314,0.25365932069516867,1.0745388041776929,0.4686584729213486,0.4672510504170953,-2.8494645785979458,0.0,1.0,0.99375,0.94375,1.0,0.0,security_risk,62,18.151475644999664,113.4467227812479,scenario_stress_holdoutfit,/home/dkj/research/uav_dt_project/results/scheme_c_holdout/configs/scenario_stress_holdoutfit.yaml
0.11868232344505418,0.11868232344505418,0.125,0.1125,0.125,0.2420970234688132,0.7579029765311868,0.2841409248678871,1.7591949384653511,1.745490283692002,-17.71118726538108,0.0,1.0,0.89375,0.9875,1.0,0.0,security_margin,62,17.75980793800045,110.99879961250281,scenario_stress_holdoutfit,/home/dkj/research/uav_dt_project/results/scheme_c_holdout/configs/scenario_stress_holdoutfit.yaml
0.11875,0.11875,0.475,0.4375,0.475,0.5148980527477633,0.4851019472522366,0.7058734845624978,1.631395802456709,1.6301618646837632,-5.7302644617732765,0.0,1.0,0.63125,0.9875,1.0,0.0,rollout_joint,62,24.630411365999862,153.94007103749914,scenario_stress_holdoutfit,/home/dkj/research/uav_dt_project/results/scheme_c_holdout/configs/scenario_stress_holdoutfit.yaml
0.11875,0.11875,0.475,0.45,0.475,0.4779573223480373,0.5220426776519626,0.6138515153938388,1.913830773394631,1.912787643382917,-6.00280226327178,0.0,1.0,0.60625,0.95625,1.0,0.0,risk_adaptive_hybrid_rollout,62,24.132116570000107,150.82572856250067,scenario_stress_holdoutfit,/home/dkj/research/uav_dt_project/results/scheme_c_holdout/configs/scenario_stress_holdoutfit.yaml
0.11875,0.11875,0.11875,0.1125,0.11875,0.6594276190103756,0.3405723809896244,0.9818084178568551,0.9638358252930856,0.9568340556026003,-3.4465509460726445,0.0,1.0,0.9875,0.84375,1.0,0.0,periodic,63,18.25376499199956,114.08603119999725,scenario_stress_holdoutfit,/home/dkj/research/uav_dt_project/results/scheme_c_holdout/configs/scenario_stress_holdoutfit.yaml
0.041419355419794385,0.041419355419794385,0.1375,0.125,0.1375,0.7218892736489664,0.2781107263510335,1.0174854863582206,0.5905354415582955,0.5846143067359031,-2.8787328236568626,0.0,1.0,1.0,0.90625,1.0,0.0,security_risk,63,17.88428150999971,111.77675943749819,scenario_stress_holdoutfit,/home/dkj/research/uav_dt_project/results/scheme_c_holdout/configs/scenario_stress_holdoutfit.yaml
0.11875,0.11875,0.11875,0.1,0.11875,0.24450292135543208,0.7554970786445679,0.3352481403297048,1.697788365092015,1.6769313348125632,-18.095618113467673,0.0,1.0,0.975,0.93125,1.0,0.0,security_margin,63,17.82023594600014,111.37647466250087,scenario_stress_holdoutfit,/home/dkj/research/uav_dt_project/results/scheme_c_holdout/configs/scenario_stress_holdoutfit.yaml
0.11875,0.11875,0.475,0.425,0.475,0.5491691623143333,0.4508308376856668,0.8410801399056806,1.3133506217731852,1.3052899708140264,-6.006052790740159,0.0,1.0,0.8,0.8875,1.0,0.0,rollout_joint,63,24.130862334000085,150.81788958750053,scenario_stress_holdoutfit,/home/dkj/research/uav_dt_project/results/scheme_c_holdout/configs/scenario_stress_holdoutfit.yaml
0.11875,0.11875,0.475,0.41875,0.475,0.5321834167223661,0.46781658327763387,0.8109687677947749,1.395503631824867,1.3926957274789986,-6.198096986845437,0.0,1.0,0.775,0.94375,1.0,0.0,risk_adaptive_hybrid_rollout,63,24.1114262659994,150.69641416249624,scenario_stress_holdoutfit,/home/dkj/research/uav_dt_project/results/scheme_c_holdout/configs/scenario_stress_holdoutfit.yaml
0.11875,0.11875,0.11875,0.1125,0.11875,0.6760909132675923,0.3239090867324076,1.0287409888907786,0.807018730543394,0.8013017445546389,-3.52262527449093,0.0,1.0,1.0,0.85625,1.0,0.0,periodic,64,17.721052956000676,110.75658097500423,scenario_stress_holdoutfit,/home/dkj/research/uav_dt_project/results/scheme_c_holdout/configs/scenario_stress_holdoutfit.yaml
0.03616115614841946,0.03616115614841946,0.125,0.11875,0.125,0.7151218608440291,0.284878139155971,0.8771189119217313,0.7989470100816157,0.7979319110108121,-2.7637559566937204,0.0,1.0,1.0,0.9375,1.0,0.0,security_risk,64,17.557866324000315,109.73666452500197,scenario_stress_holdoutfit,/home/dkj/research/uav_dt_project/results/scheme_c_holdout/configs/scenario_stress_holdoutfit.yaml
0.11875,0.11875,0.1375,0.13125,0.1375,0.2565975436821859,0.7434024563178141,0.3218100349657306,1.7385762926571389,1.7281173633839615,-16.835300221792853,0.00625,0.99375,0.8625,0.9875,1.0,0.0,security_margin,64,18.108841465000296,113.18025915625185,scenario_stress_holdoutfit,/home/dkj/research/uav_dt_project/results/scheme_c_holdout/configs/scenario_stress_holdoutfit.yaml
0.11875,0.11875,0.475,0.44375,0.475,0.5767607372213848,0.4232392627786153,0.8117174537560599,1.0882788720738379,1.0872202557467376,-6.13818477846034,0.0,1.0,0.65,0.9875,1.0,0.0,rollout_joint,64,24.741048974000478,154.631556087503,scenario_stress_holdoutfit,/home/dkj/research/uav_dt_project/results/scheme_c_holdout/configs/scenario_stress_holdoutfit.yaml
0.11875,0.11875,0.475,0.4375,0.475,0.5355015440701998,0.46449845592980027,0.8383873072036672,1.3232073706646517,1.3226923472792027,-6.2471042226255165,0.0,1.0,0.6875,0.96875,1.0,0.0,risk_adaptive_hybrid_rollout,64,27.071040392000214,169.19400245000134,scenario_stress_holdoutfit,/home/dkj/research/uav_dt_project/results/scheme_c_holdout/configs/scenario_stress_holdoutfit.yaml
0.11875,0.11875,0.11875,0.1,0.11875,0.6377453059463377,0.3622546940536623,0.957891606417163,1.0199107659387756,1.0126206148756998,-3.5336153855019843,0.0,1.0,1.0,0.8375,1.0,0.0,periodic,65,19.62475132899999,122.65469580624995,scenario_stress_holdoutfit,/home/dkj/research/uav_dt_project/results/scheme_c_holdout/configs/scenario_stress_holdoutfit.yaml
0.038942990507642904,0.038942990507642904,0.13125,0.1125,0.13125,0.693918096115698,0.306081903884302,0.9335742435948247,0.7470659353214358,0.7443246539154711,-2.8651849155128226,0.0,1.0,1.0,0.90625,1.0,0.0,security_risk,65,18.511141860999487,115.6946366312468,scenario_stress_holdoutfit,/home/dkj/research/uav_dt_project/results/scheme_c_holdout/configs/scenario_stress_holdoutfit.yaml
0.11875,0.11875,0.11875,0.1,0.11875,0.2417398267113271,0.7582601732886729,0.3335212388193781,1.7079167530579114,1.6850190089904409,-17.9645263871325,0.0,1.0,0.9625,0.93125,1.0,0.0,security_margin,65,18.796339988,117.477124925,scenario_stress_holdoutfit,/home/dkj/research/uav_dt_project/results/scheme_c_holdout/configs/scenario_stress_holdoutfit.yaml
0.11875,0.11875,0.475,0.4125,0.475,0.5133438489194064,0.48665615108059346,0.6993302960266254,1.6939679986196214,1.689920189757268,-5.980866579639107,0.0,1.0,0.70625,0.95,1.0,0.0,rollout_joint,65,25.388903996999943,158.68064998124964,scenario_stress_holdoutfit,/home/dkj/research/uav_dt_project/results/scheme_c_holdout/configs/scenario_stress_holdoutfit.yaml
0.11875,0.11875,0.475,0.4,0.475,0.635718457051534,0.36428154294846593,1.042581017309652,0.46104708075581635,0.45842136514179355,-7.149244653105304,0.0,1.0,0.81875,0.93125,1.0,0.0,risk_adaptive_hybrid_rollout,65,25.029974547000165,156.43734091875103,scenario_stress_holdoutfit,/home/dkj/research/uav_dt_project/results/scheme_c_holdout/configs/scenario_stress_holdoutfit.yaml
0.11875,0.11875,0.11875,0.1125,0.11875,0.6613235333461271,0.33867646665387285,0.9883616146215417,0.9337999383127901,0.9242767063787832,-3.4660259525004333,0.0,1.0,1.0,0.8375,1.0,0.0,periodic,66,18.457134538999526,115.35709086874704,scenario_stress_holdoutfit,/home/dkj/research/uav_dt_project/results/scheme_c_holdout/configs/scenario_stress_holdoutfit.yaml
0.0402758075993413,0.0402758075993413,0.1375,0.11875,0.1375,0.730907928517565,0.269092071482435,1.0016691332874896,0.5428614596635032,0.5402943801078284,-2.869162913028085,0.0,1.0,1.0,0.9,1.0,0.0,security_risk,66,18.602434157999596,116.26521348749748,scenario_stress_holdoutfit,/home/dkj/research/uav_dt_project/results/scheme_c_holdout/configs/scenario_stress_holdoutfit.yaml
0.11875,0.11875,0.11875,0.10625,0.11875,0.24132365876180684,0.7586763412381933,0.329430238854796,1.7089762150622705,1.6958063405372736,-17.976226140359657,0.0,1.0,0.94375,0.95,1.0,0.0,security_margin,66,18.33517518699955,114.59484491874719,scenario_stress_holdoutfit,/home/dkj/research/uav_dt_project/results/scheme_c_holdout/configs/scenario_stress_holdoutfit.yaml
0.11875,0.11875,0.475,0.45,0.475,0.5013379974026594,0.49866200259734067,0.6857012281353849,1.7795406803642577,1.7765221945176606,-5.723014290784224,0.0,1.0,0.63125,0.95625,1.0,0.0,rollout_joint,66,25.115445386999454,156.9715336687466,scenario_stress_holdoutfit,/home/dkj/research/uav_dt_project/results/scheme_c_holdout/configs/scenario_stress_holdoutfit.yaml
0.11875,0.11875,0.475,0.43125,0.475,0.5578071758320273,0.44219282416797256,0.8420561600956494,1.1876727123212771,1.1822775921266564,-6.393182971966626,0.0,1.0,0.7625,0.91875,1.0,0.0,risk_adaptive_hybrid_rollout,66,24.865233423000063,155.4077088937504,scenario_stress_holdoutfit,/home/dkj/research/uav_dt_project/results/scheme_c_holdout/configs/scenario_stress_holdoutfit.yaml
0.11875,0.11875,0.11875,0.1125,0.11875,0.6724112850976797,0.3275887149023203,1.0156777216759003,0.8379425591801981,0.8242272384371002,-3.5412454731282166,0.0,1.0,1.0,0.79375,1.0,0.0,periodic,67,18.28943001299922,114.30893758124512,scenario_stress_holdoutfit,/home/dkj/research/uav_dt_project/results/scheme_c_holdout/configs/scenario_stress_holdoutfit.yaml
0.03671922012492599,0.03671922012492599,0.125,0.11875,0.125,0.7060763716168583,0.2939236283831417,0.9353624049438551,0.7456687912927996,0.7415490627478516,-2.8135783846573013,0.0,1.0,1.0,0.93125,1.0,0.0,security_risk,67,18.22718012199948,113.91987576249676,scenario_stress_holdoutfit,/home/dkj/research/uav_dt_project/results/scheme_c_holdout/configs/scenario_stress_holdoutfit.yaml
0.11875,0.11875,0.11875,0.1,0.11875,0.24155493504347375,0.7584450649565262,0.3230306967150926,1.706738783834822,1.6776617900110833,-18.139521140890263,0.0,1.0,0.9625,0.9375,1.0,0.0,security_margin,67,18.39611433600021,114.97571460000131,scenario_stress_holdoutfit,/home/dkj/research/uav_dt_project/results/scheme_c_holdout/configs/scenario_stress_holdoutfit.yaml
0.11875,0.11875,0.475,0.44375,0.475,0.5079496552184123,0.4920503447815877,0.7007170583290007,1.7234520184871087,1.7175056608813914,-5.81380890448685,0.0,1.0,0.65625,0.95625,1.0,0.0,rollout_joint,67,25.26363614099955,157.8977258812472,scenario_stress_holdoutfit,/home/dkj/research/uav_dt_project/results/scheme_c_holdout/configs/scenario_stress_holdoutfit.yaml
0.11875,0.11875,0.475,0.425,0.475,0.5273525740351459,0.47264742596485415,0.8036484523101427,1.4338175917499476,1.4250730727446639,-6.226930027158665,0.0,1.0,0.8,0.925,1.0,0.0,risk_adaptive_hybrid_rollout,67,24.61576572100057,153.84853575625357,scenario_stress_holdoutfit,/home/dkj/research/uav_dt_project/results/scheme_c_holdout/configs/scenario_stress_holdoutfit.yaml
0.11875,0.11875,0.11875,0.10625,0.11875,0.663070293262205,0.336929706737795,1.0236627208780018,0.8425995941614814,0.8379407796175306,-3.5691448405771866,0.0,1.0,1.0,0.85625,1.0,0.0,periodic,68,18.376759665999998,114.85474791249999,scenario_stress_holdoutfit,/home/dkj/research/uav_dt_project/results/scheme_c_holdout/configs/scenario_stress_holdoutfit.yaml
0.04296420716465108,0.04296420716465108,0.14375,0.125,0.14375,0.7235756126321853,0.27642438736781466,1.0368937007151176,0.5842417424864113,0.5772421485712355,-2.8398421319682177,0.0,1.0,1.0,0.85,1.0,0.0,security_risk,68,18.120156975999635,113.25098109999772,scenario_stress_holdoutfit,/home/dkj/research/uav_dt_project/results/scheme_c_holdout/configs/scenario_stress_holdoutfit.yaml
0.11875,0.11875,0.13125,0.125,0.13125,0.2585180900738597,0.7414819099261404,0.3284038628005648,1.7282933318312472,1.71217627201213,-17.12326197234355,0.00625,0.99375,0.8875,0.975,1.0,0.0,security_margin,68,18.35808794999957,114.73804968749732,scenario_stress_holdoutfit,/home/dkj/research/uav_dt_project/results/scheme_c_holdout/configs/scenario_stress_holdoutfit.yaml
0.11875,0.11875,0.475,0.425,0.475,0.5916528398380312,0.40834716016196876,0.9189502325103456,1.073103652810733,1.0701452413731058,-5.669788095619806,0.0,1.0,0.83125,0.9375,1.0,0.0,rollout_joint,68,24.929660314999637,155.81037696874773,scenario_stress_holdoutfit,/home/dkj/research/uav_dt_project/results/scheme_c_holdout/configs/scenario_stress_holdoutfit.yaml
0.11875,0.11875,0.475,0.425,0.475,0.5245425097292734,0.47545749027072653,0.7907717718531319,1.5185476437643195,1.5082139826250605,-6.005258873962836,0.00625,0.99375,0.80625,0.90625,1.0,0.0,risk_adaptive_hybrid_rollout,68,24.65974105999976,154.1233816249985,scenario_stress_holdoutfit,/home/dkj/research/uav_dt_project/results/scheme_c_holdout/configs/scenario_stress_holdoutfit.yaml
0.11875,0.11875,0.11875,0.10625,0.11875,0.6622082198468419,0.33779178015315814,1.021700671496025,0.8628168382154575,0.8575027956000552,-3.5435607432786655,0.0,1.0,1.0,0.85,1.0,0.0,periodic,69,18.48992742399969,115.56204639999805,scenario_stress_holdoutfit,/home/dkj/research/uav_dt_project/results/scheme_c_holdout/configs/scenario_stress_holdoutfit.yaml
0.03925318474524826,0.03925318474524826,0.125,0.1125,0.125,0.6902681442322054,0.3097318557677946,0.9094822863217729,0.8058669915728981,0.8018248681131489,-2.829152244117584,0.0,1.0,0.96875,0.9125,1.0,0.0,security_risk,69,18.407908467000198,115.04942791875123,scenario_stress_holdoutfit,/home/dkj/research/uav_dt_project/results/scheme_c_holdout/configs/scenario_stress_holdoutfit.yaml
0.11875,0.11875,0.13125,0.125,0.13125,0.26134863257946034,0.7386513674205397,0.34326564456970327,1.7105998035120884,1.6945265798155937,-16.981714657086453,0.0125,0.9875,0.9125,0.9625,1.0,0.0,security_margin,69,18.260798452000017,114.12999032500011,scenario_stress_holdoutfit,/home/dkj/research/uav_dt_project/results/scheme_c_holdout/configs/scenario_stress_holdoutfit.yaml
0.11875,0.11875,0.475,0.41875,0.475,0.5299014316055185,0.4700985683944815,0.795554549617222,1.5185867653651592,1.5146330363317164,-5.7785275060710095,0.0,1.0,0.78125,0.925,1.0,0.0,rollout_joint,69,24.726173135000863,154.5385820937554,scenario_stress_holdoutfit,/home/dkj/research/uav_dt_project/results/scheme_c_holdout/configs/scenario_stress_holdoutfit.yaml
0.11875,0.11875,0.475,0.43125,0.475,0.5116762071626423,0.48832379283735766,0.7337071258483242,1.6524135268048785,1.6475333887847525,-5.982971391081469,0.00625,0.99375,0.74375,0.93125,1.0,0.0,risk_adaptive_hybrid_rollout,69,24.916486205999718,155.72803878749824,scenario_stress_holdoutfit,/home/dkj/research/uav_dt_project/results/scheme_c_holdout/configs/scenario_stress_holdoutfit.yaml
0.11875,0.11875,0.11875,0.09375,0.11875,0.6092093920731971,0.39079060792680287,0.8933798533095164,1.1206518140913555,1.111613733748136,-3.6244684177968516,0.0,1.0,1.0,0.81875,1.0,0.0,periodic,70,17.519076030999713,109.4942251937482,scenario_stress_holdoutfit,/home/dkj/research/uav_dt_project/results/scheme_c_holdout/configs/scenario_stress_holdoutfit.yaml
0.03783058480276276,0.03783058480276276,0.13125,0.13125,0.13125,0.7451897995825025,0.2548102004174975,1.0719253096231913,0.4984945954565637,0.4952754306538246,-2.821879435996056,0.0,1.0,0.99375,0.91875,1.0,0.0,security_risk,70,17.607700206000118,110.04812628750074,scenario_stress_holdoutfit,/home/dkj/research/uav_dt_project/results/scheme_c_holdout/configs/scenario_stress_holdoutfit.yaml
0.11865836518890285,0.11865836518890285,0.125,0.125,0.125,0.26378127631238024,0.7362187236876198,0.3135387609199991,1.732766560775601,1.7176369618742195,-17.233577053147997,0.0125,0.9875,0.88125,0.975,1.0,0.0,security_margin,70,18.35797040699981,114.73731504374882,scenario_stress_holdoutfit,/home/dkj/research/uav_dt_project/results/scheme_c_holdout/configs/scenario_stress_holdoutfit.yaml
0.11875,0.11875,0.475,0.4375,0.475,0.5275928519189186,0.4724071480810812,0.7311336830285653,1.6603614485328417,1.659278241678453,-5.337798658717533,0.0,1.0,0.65625,0.9625,1.0,0.0,rollout_joint,70,24.053324427000007,150.33327766875004,scenario_stress_holdoutfit,/home/dkj/research/uav_dt_project/results/scheme_c_holdout/configs/scenario_stress_holdoutfit.yaml
0.11875,0.11875,0.475,0.4375,0.475,0.5083939537373637,0.49160604626263626,0.6966212968188422,1.733540240294414,1.7327712366506856,-5.787677635973858,0.0125,0.9875,0.5625,0.9875,1.0,0.0,risk_adaptive_hybrid_rollout,70,23.83312841099996,148.95705256874976,scenario_stress_holdoutfit,/home/dkj/research/uav_dt_project/results/scheme_c_holdout/configs/scenario_stress_holdoutfit.yaml
0.11875,0.11875,0.11875,0.1,0.11875,0.6265273947533705,0.37347260524662956,0.940520076051085,0.9837211659527124,0.9769976853604359,-3.623381614015602,0.0,1.0,1.0,0.825,1.0,0.0,periodic,71,17.56313398400016,109.769587400001,scenario_stress_holdoutfit,/home/dkj/research/uav_dt_project/results/scheme_c_holdout/configs/scenario_stress_holdoutfit.yaml
0.03873361674114195,0.03873361674114195,0.13125,0.125,0.13125,0.7271233004498912,0.2728766995501089,0.9712022034103438,0.6137032470725992,0.6111091316379931,-2.838108568000247,0.0,1.0,0.9875,0.90625,1.0,0.0,security_risk,71,17.72144583299996,110.75903645624976,scenario_stress_holdoutfit,/home/dkj/research/uav_dt_project/results/scheme_c_holdout/configs/scenario_stress_holdoutfit.yaml
0.11754293512666039,0.11754293512666039,0.11875,0.1,0.11875,0.25039731718421704,0.7496026828157829,0.30550765162409743,1.7257582059495433,1.7024372551568998,-17.975416472993064,0.0,1.0,0.94375,0.95625,1.0,0.0,security_margin,71,17.634483083000305,110.2155192687519,scenario_stress_holdoutfit,/home/dkj/research/uav_dt_project/results/scheme_c_holdout/configs/scenario_stress_holdoutfit.yaml
0.11875,0.11875,0.475,0.4375,0.475,0.5681051533266498,0.4318948466733502,0.8613491067738195,1.1861521622340605,1.1827112457414042,-6.007935946992321,0.0,1.0,0.75625,0.925,1.0,0.0,rollout_joint,71,24.524423155000477,153.27764471875298,scenario_stress_holdoutfit,/home/dkj/research/uav_dt_project/results/scheme_c_holdout/configs/scenario_stress_holdoutfit.yaml
0.11875,0.11875,0.475,0.425,0.475,0.5135739581148264,0.48642604188517347,0.7601936337018538,1.5879926073147215,1.5803532538911456,-6.156248929858639,0.0,1.0,0.83125,0.9125,1.0,0.0,risk_adaptive_hybrid_rollout,71,24.337300889999824,152.1081305624989,scenario_stress_holdoutfit,/home/dkj/research/uav_dt_project/results/scheme_c_holdout/configs/scenario_stress_holdoutfit.yaml
0.11875,0.11875,0.11875,0.10625,0.11875,0.6693035018205273,0.3306964981794727,0.9921769324700648,0.845405406942527,0.8392101212839475,-3.5659452249072414,0.0,1.0,1.0,0.875,1.0,0.0,periodic,72,17.86720137500015,111.67000859375094,scenario_stress_holdoutfit,/home/dkj/research/uav_dt_project/results/scheme_c_holdout/configs/scenario_stress_holdoutfit.yaml
0.0411070770700779,0.0411070770700779,0.13125,0.11875,0.13125,0.7105753417854361,0.2894246582145638,0.916334470429484,0.7493385046695463,0.74568481987716,-2.830472258672729,0.0,1.0,1.0,0.90625,1.0,0.0,security_risk,72,18.157967586999803,113.48729741874877,scenario_stress_holdoutfit,/home/dkj/research/uav_dt_project/results/scheme_c_holdout/configs/scenario_stress_holdoutfit.yaml
0.11875,0.11875,0.13125,0.125,0.13125,0.24892289472726495,0.751077105272735,0.3339411043234425,1.7170702326349558,1.7093222049594003,-17.464892081066203,0.0,1.0,0.91875,0.96875,1.0,0.0,security_margin,72,18.41775387600137,115.11096172500856,scenario_stress_holdoutfit,/home/dkj/research/uav_dt_project/results/scheme_c_holdout/configs/scenario_stress_holdoutfit.yaml
0.11875,0.11875,0.475,0.45625,0.475,0.49496888191038024,0.5050311180896196,0.658399263881237,1.8316459685304562,1.828580180909243,-5.735969017035717,0.0,1.0,0.6125,0.95,1.0,0.0,rollout_joint,72,24.280000799000845,151.75000499375528,scenario_stress_holdoutfit,/home/dkj/research/uav_dt_project/results/scheme_c_holdout/configs/scenario_stress_holdoutfit.yaml
0.11875,0.11875,0.475,0.45,0.475,0.4736767406283461,0.5263232593716539,0.622420497617411,1.9282703097954055,1.9279035723422122,-5.87719733945613,0.0,1.0,0.6125,0.975,1.0,0.0,risk_adaptive_hybrid_rollout,72,24.285185916000046,151.7824119750003,scenario_stress_holdoutfit,/home/dkj/research/uav_dt_project/results/scheme_c_holdout/configs/scenario_stress_holdoutfit.yaml
0.11875,0.11875,0.11875,0.10625,0.11875,0.6585479673479951,0.34145203265200486,0.9295367962807959,0.9949962418984425,0.98634977250119,-3.610781579017238,0.0,1.0,0.975,0.80625,1.0,0.0,periodic,73,17.57601194200106,109.85007463750662,scenario_stress_holdoutfit,/home/dkj/research/uav_dt_project/results/scheme_c_holdout/configs/scenario_stress_holdoutfit.yaml
0.034828988054115384,0.034828988054115384,0.125,0.1125,0.125,0.7265725592573898,0.27342744074261016,0.9841163676793663,0.627319002416892,0.625279054662057,-2.8331338110373325,0.0,1.0,1.0,0.93125,1.0,0.0,security_risk,73,17.672824221001065,110.45515138125666,scenario_stress_holdoutfit,/home/dkj/research/uav_dt_project/results/scheme_c_holdout/configs/scenario_stress_holdoutfit.yaml
0.11875,0.11875,0.13125,0.11875,0.13125,0.2533507086809572,0.7466492913190428,0.32992947346313484,1.7199978249391799,1.7109076198634945,-17.622434758644268,0.0,1.0,0.91875,0.96875,1.0,0.0,security_margin,73,17.898113863000617,111.86321164375386,scenario_stress_holdoutfit,/home/dkj/research/uav_dt_project/results/scheme_c_holdout/configs/scenario_stress_holdoutfit.yaml
0.11875,0.11875,0.475,0.44375,0.475,0.5069094927293067,0.4930905072706932,0.6835221315071098,1.7548735147554677,1.751900267204109,-5.617712919979827,0.0,1.0,0.6,0.95625,1.0,0.0,rollout_joint,73,24.230808055001035,151.44255034375647,scenario_stress_holdoutfit,/home/dkj/research/uav_dt_project/results/scheme_c_holdout/configs/scenario_stress_holdoutfit.yaml
0.11875,0.11875,0.475,0.45,0.475,0.5743024919815362,0.42569750801846384,0.8119130029197287,1.0162945346997259,1.0162178916357245,-6.578906870267225,0.0,1.0,0.625,0.99375,1.0,0.0,risk_adaptive_hybrid_rollout,73,24.891933733999394,155.57458583749622,scenario_stress_holdoutfit,/home/dkj/research/uav_dt_project/results/scheme_c_holdout/configs/scenario_stress_holdoutfit.yaml
0.11875,0.11875,0.11875,0.1125,0.11875,0.6865575593619042,0.3134424406380958,1.0548177506717078,0.7386482001984671,0.7284702869341718,-3.5843090546199634,0.0,1.0,1.0,0.8125,1.0,0.0,periodic,74,18.41175990300144,115.073499393759,scenario_stress_holdoutfit,/home/dkj/research/uav_dt_project/results/scheme_c_holdout/configs/scenario_stress_holdoutfit.yaml
0.03814402990530677,0.03814402990530677,0.13125,0.125,0.13125,0.7288702025549914,0.2711297974450087,0.9322443526181902,0.692272404423283,0.6893067814179509,-2.785079795658477,0.0,1.0,1.0,0.8875,1.0,0.0,security_risk,74,18.30889569700048,114.430598106253,scenario_stress_holdoutfit,/home/dkj/research/uav_dt_project/results/scheme_c_holdout/configs/scenario_stress_holdoutfit.yaml
0.11849376198804526,0.11849376198804526,0.11875,0.10625,0.11875,0.24292196422324444,0.7570780357767557,0.298263004161041,1.7489187268071948,1.7255749025425928,-18.215263641664944,0.0,1.0,0.93125,0.975,1.0,0.0,security_margin,74,18.602265079000063,116.26415674375039,scenario_stress_holdoutfit,/home/dkj/research/uav_dt_project/results/scheme_c_holdout/configs/scenario_stress_holdoutfit.yaml
0.11875,0.11875,0.475,0.4375,0.475,0.5253381633148287,0.4746618366851713,0.7773855016288531,1.5337209136932435,1.521562133463673,-5.866435530362054,0.0,1.0,0.68125,0.95625,1.0,0.0,rollout_joint,74,25.178286727999875,157.36429204999922,scenario_stress_holdoutfit,/home/dkj/research/uav_dt_project/results/scheme_c_holdout/configs/scenario_stress_holdoutfit.yaml
0.11875,0.11875,0.475,0.425,0.475,0.49417147029521596,0.505828529704784,0.7150211313496323,1.7028004552352152,1.6945310299976597,-6.170502120171606,0.0,1.0,0.75625,0.95,1.0,0.0,risk_adaptive_hybrid_rollout,74,25.013383450999754,156.33364656874846,scenario_stress_holdoutfit,/home/dkj/research/uav_dt_project/results/scheme_c_holdout/configs/scenario_stress_holdoutfit.yaml
0.11875,0.11875,0.11875,0.1,0.11875,0.6249920028469603,0.37500799715303973,0.8739690267918375,1.0790927612138301,1.0703571587377678,-3.7004186298428623,0.0,1.0,1.0,0.8125,1.0,0.0,periodic,75,18.640002649999587,116.50001656249742,scenario_stress_holdoutfit,/home/dkj/research/uav_dt_project/results/scheme_c_holdout/configs/scenario_stress_holdoutfit.yaml
0.04215047679961458,0.04215047679961458,0.13125,0.125,0.13125,0.698051514310724,0.30194848568927596,0.9358448948849845,0.7294826968119994,0.7229444057208079,-2.8616419969674967,0.0,1.0,0.94375,0.8875,1.0,0.0,security_risk,75,18.49417757000083,115.58860981250518,scenario_stress_holdoutfit,/home/dkj/research/uav_dt_project/results/scheme_c_holdout/configs/scenario_stress_holdoutfit.yaml
0.11875,0.11875,0.1375,0.11875,0.1375,0.2564614355337611,0.7435385644662389,0.3270905446921673,1.737046679451791,1.722103635722042,-17.141795417008357,0.00625,0.99375,0.88125,0.9625,1.0,0.0,security_margin,75,18.849847842999225,117.81154901874515,scenario_stress_holdoutfit,/home/dkj/research/uav_dt_project/results/scheme_c_holdout/configs/scenario_stress_holdoutfit.yaml
0.11875,0.11875,0.475,0.41875,0.475,0.5395960007056315,0.4604039992943686,0.8045666294949836,1.4669263099228453,1.4656860799010063,-5.6512125784928795,0.0,1.0,0.71875,0.95,1.0,0.0,rollout_joint,75,25.330106581999644,158.31316613749777,scenario_stress_holdoutfit,/home/dkj/research/uav_dt_project/results/scheme_c_holdout/configs/scenario_stress_holdoutfit.yaml
0.11875,0.11875,0.475,0.44375,0.475,0.48562116224781227,0.5143788377521876,0.6947425435007962,1.7803717919524769,1.778684598772346,-5.976636583552684,0.0,1.0,0.65625,0.9375,1.0,0.0,risk_adaptive_hybrid_rollout,75,25.600380669000515,160.00237918125322,scenario_stress_holdoutfit,/home/dkj/research/uav_dt_project/results/scheme_c_holdout/configs/scenario_stress_holdoutfit.yaml
0.11875,0.11875,0.11875,0.10625,0.11875,0.6673782290961274,0.3326217709038726,0.9943381187181395,0.9064631259359768,0.9042302489817425,-3.476979136788766,0.0,1.0,1.0,0.85,1.0,0.0,periodic,76,18.488855495999815,115.55534684999884,scenario_stress_holdoutfit,/home/dkj/research/uav_dt_project/results/scheme_c_holdout/configs/scenario_stress_holdoutfit.yaml
0.04245037926846703,0.04245037926846703,0.14375,0.125,0.14375,0.7298745001069534,0.2701254998930467,1.092333715305075,0.5180700713726232,0.514460120027387,-2.894853619508569,0.0,1.0,1.0,0.875,1.0,0.0,security_risk,76,19.004658838999603,118.77911774374752,scenario_stress_holdoutfit,/home/dkj/research/uav_dt_project/results/scheme_c_holdout/configs/scenario_stress_holdoutfit.yaml
0.11774708798960228,0.11774708798960228,0.125,0.11875,0.125,0.2626446816211757,0.7373553183788243,0.3357745137139315,1.7181391099210175,1.7029262230624986,-17.16401901024183,0.0125,0.9875,0.89375,0.975,1.0,0.0,security_margin,76,18.288993050999125,114.30620656874453,scenario_stress_holdoutfit,/home/dkj/research/uav_dt_project/results/scheme_c_holdout/configs/scenario_stress_holdoutfit.yaml
0.11875,0.11875,0.475,0.45,0.475,0.5249485354340266,0.47505146456597325,0.7424157611205162,1.658813705371863,1.6580535340198028,-5.391168531453867,0.0,1.0,0.6375,0.9625,1.0,0.0,rollout_joint,76,24.91034627299996,155.68966420624974,scenario_stress_holdoutfit,/home/dkj/research/uav_dt_project/results/scheme_c_holdout/configs/scenario_stress_holdoutfit.yaml
0.11875,0.11875,0.475,0.44375,0.475,0.5119704132244267,0.48802958677557323,0.7535011644126733,1.653522072202387,1.651565899818591,-5.824476672226062,0.0125,0.9875,0.73125,0.93125,1.0,0.0,risk_adaptive_hybrid_rollout,76,25.001134344000093,156.25708965000058,scenario_stress_holdoutfit,/home/dkj/research/uav_dt_project/results/scheme_c_holdout/configs/scenario_stress_holdoutfit.yaml
0.11875,0.11875,0.11875,0.1125,0.11875,0.6731932754133937,0.32680672458660626,1.0211580434574163,0.8514077098791232,0.8426480146708281,-3.4917878016846315,0.0,1.0,1.0,0.825,1.0,0.0,periodic,77,18.233994187999997,113.96246367499998,scenario_stress_holdoutfit,/home/dkj/research/uav_dt_project/results/scheme_c_holdout/configs/scenario_stress_holdoutfit.yaml
0.03687865763816107,0.03687865763816107,0.125,0.1125,0.125,0.7121275976437262,0.2878724023562738,0.9013865199404091,0.7398672142888961,0.7345493975143731,-2.808049236738536,0.0,1.0,1.0,0.8375,1.0,0.0,security_risk,77,18.56762982500004,116.04768640625025,scenario_stress_holdoutfit,/home/dkj/research/uav_dt_project/results/scheme_c_holdout/configs/scenario_stress_holdoutfit.yaml
0.11776069227347814,0.11776069227347814,0.125,0.11875,0.125,0.2541249654504985,0.7458750345495015,0.31696609094697303,1.7366019439082359,1.7208114809220398,-17.48484002244454,0.0125,0.9875,0.9,0.98125,1.0,0.0,security_margin,77,18.518227075999675,115.73891922499797,scenario_stress_holdoutfit,/home/dkj/research/uav_dt_project/results/scheme_c_holdout/configs/scenario_stress_holdoutfit.yaml
0.11875,0.11875,0.475,0.45625,0.475,0.5860779230631701,0.41392207693682986,0.8684170916277717,1.0742291186046062,1.072892685848816,-5.83287119763801,0.0,1.0,0.7,0.95,1.0,0.0,rollout_joint,77,24.99496588799957,156.2185367999973,scenario_stress_holdoutfit,/home/dkj/research/uav_dt_project/results/scheme_c_holdout/configs/scenario_stress_holdoutfit.yaml
0.11875,0.11875,0.475,0.44375,0.475,0.5846505643435636,0.4153494356564364,0.8797626302235418,1.0607834137265422,1.0491843720530085,-6.230712976913976,0.0125,0.9875,0.83125,0.875,1.0,0.0,risk_adaptive_hybrid_rollout,77,24.897506432000228,155.60941520000142,scenario_stress_holdoutfit,/home/dkj/research/uav_dt_project/results/scheme_c_holdout/configs/scenario_stress_holdoutfit.yaml
0.11875,0.11875,0.11875,0.11875,0.11875,0.6730934899783614,0.32690651002163856,1.024067954272515,0.9081106236244738,0.9001191976256934,-3.380841385884513,0.0,1.0,1.0,0.84375,1.0,0.0,periodic,78,18.812886559000617,117.58054099375386,scenario_stress_holdoutfit,/home/dkj/research/uav_dt_project/results/scheme_c_holdout/configs/scenario_stress_holdoutfit.yaml
0.038296824659656684,0.038296824659656684,0.125,0.11875,0.125,0.6999088705828381,0.3000911294171619,0.9638856178973269,0.7722705846584519,0.766640253466606,-2.7748937924309782,0.0,1.0,1.0,0.9,1.0,0.0,security_risk,78,18.793765266000264,117.46103291250165,scenario_stress_holdoutfit,/home/dkj/research/uav_dt_project/results/scheme_c_holdout/configs/scenario_stress_holdoutfit.yaml
0.11875,0.11875,0.13125,0.13125,0.13125,0.2689091867008163,0.7310908132991837,0.3317990645276723,1.7188342011199633,1.7048763509037599,-16.951433317355367,0.0125,0.9875,0.88125,0.98125,1.0,0.0,security_margin,78,18.058582431000104,112.86614019375065,scenario_stress_holdoutfit,/home/dkj/research/uav_dt_project/results/scheme_c_holdout/configs/scenario_stress_holdoutfit.yaml
0.11875,0.11875,0.475,0.45,0.475,0.5448415409534438,0.455158459046556,0.8057913185679002,1.5035029427146027,1.50269431634485,-5.280614735451098,0.0,1.0,0.7125,0.9625,1.0,0.0,rollout_joint,78,24.68967849600085,154.31049060000532,scenario_stress_holdoutfit,/home/dkj/research/uav_dt_project/results/scheme_c_holdout/configs/scenario_stress_holdoutfit.yaml
0.11875,0.11875,0.475,0.45,0.475,0.5695480389942913,0.4304519610057088,0.8443775108060617,1.160654048296422,1.1590143682192817,-6.1808085040545215,0.0125,0.9875,0.66875,0.975,1.0,0.0,risk_adaptive_hybrid_rollout,78,25.080373165999845,156.75233228749903,scenario_stress_holdoutfit,/home/dkj/research/uav_dt_project/results/scheme_c_holdout/configs/scenario_stress_holdoutfit.yaml
0.11875,0.11875,0.11875,0.1125,0.11875,0.6847808878140544,0.3152191121859455,1.0415104647256148,0.7453119778296781,0.7369577864415124,-3.5777577358976345,0.0,1.0,1.0,0.7875,1.0,0.0,periodic,79,17.8503972949984,111.56498309374001,scenario_stress_holdoutfit,/home/dkj/research/uav_dt_project/results/scheme_c_holdout/configs/scenario_stress_holdoutfit.yaml
0.03984177219923156,0.03984177219923156,0.125,0.1125,0.125,0.6882940126483958,0.3117059873516042,0.8851382803701465,0.8649304992579623,0.8629846590383867,-2.8051520961924075,0.0,1.0,1.0,0.9125,1.0,0.0,security_risk,79,18.600535360999856,116.2533460062491,scenario_stress_holdoutfit,/home/dkj/research/uav_dt_project/results/scheme_c_holdout/configs/scenario_stress_holdoutfit.yaml
0.117982145195854,0.117982145195854,0.125,0.11875,0.125,0.25362578332724856,0.7463742166727514,0.3121729414985452,1.7390819140326055,1.7230405134791063,-17.442401999208066,0.00625,0.99375,0.89375,0.975,1.0,0.0,security_margin,79,18.015479230998608,112.5967451937413,scenario_stress_holdoutfit,/home/dkj/research/uav_dt_project/results/scheme_c_holdout/configs/scenario_stress_holdoutfit.yaml
0.11875,0.11875,0.475,0.4375,0.475,0.5424143282113242,0.4575856717886757,0.8009799941028358,1.4833987197022838,1.4830789522961734,-5.402496436190168,0.0,1.0,0.74375,0.975,1.0,0.0,rollout_joint,79,24.583902534999652,153.64939084374782,scenario_stress_holdoutfit,/home/dkj/research/uav_dt_project/results/scheme_c_holdout/configs/scenario_stress_holdoutfit.yaml
0.11875,0.11875,0.475,0.4375,0.475,0.5066342107002197,0.4933657892997803,0.7274183974692864,1.6827628202588922,1.681712151786232,-5.9467203451360575,0.00625,0.99375,0.7,0.98125,1.0,0.0,risk_adaptive_hybrid_rollout,79,23.817924817998573,148.86203011249108,scenario_stress_holdoutfit,/home/dkj/research/uav_dt_project/results/scheme_c_holdout/configs/scenario_stress_holdoutfit.yaml
0.11875,0.11875,0.11875,0.1125,0.11875,0.665911179886187,0.3340888201138131,1.0051462492668641,0.904350314996439,0.8930388673315981,-3.462367353475053,0.0,1.0,1.0,0.80625,1.0,0.0,periodic,80,18.068777907999902,112.92986192499939,scenario_stress_holdoutfit,/home/dkj/research/uav_dt_project/results/scheme_c_holdout/configs/scenario_stress_holdoutfit.yaml
0.037333374454349824,0.037333374454349824,0.125,0.125,0.125,0.6912584265362189,0.308741573463781,0.8488131654042599,0.9223091743510482,0.9214940110394199,-2.7149718322865737,0.0,1.0,0.9625,0.94375,1.0,0.0,security_risk,80,17.886754486000427,111.79221553750267,scenario_stress_holdoutfit,/home/dkj/research/uav_dt_project/results/scheme_c_holdout/configs/scenario_stress_holdoutfit.yaml
0.11873152961108006,0.11873152961108006,0.11875,0.1125,0.11875,0.2522454642599316,0.7477545357400683,0.3135136846818313,1.7366669753103685,1.7137657460528413,-17.836605968502482,0.0,1.0,0.91875,0.96875,1.0,0.0,security_margin,80,17.62821618000089,110.17635112500557,scenario_stress_holdoutfit,/home/dkj/research/uav_dt_project/results/scheme_c_holdout/configs/scenario_stress_holdoutfit.yaml
0.11875,0.11875,0.475,0.44375,0.475,0.5536491343935452,0.44635086560645487,0.8336560990746665,1.4031773402924728,1.4018272432602157,-5.4659801257951575,0.0,1.0,0.73125,0.96875,1.0,0.0,rollout_joint,80,24.2624423569996,151.6402647312475,scenario_stress_holdoutfit,/home/dkj/research/uav_dt_project/results/scheme_c_holdout/configs/scenario_stress_holdoutfit.yaml
0.11875,0.11875,0.475,0.45,0.475,0.5065630944268193,0.4934369055731806,0.749051197797098,1.6183813115845687,1.6176533430046587,-6.116126391591953,0.0,1.0,0.66875,0.9875,1.0,0.0,risk_adaptive_hybrid_rollout,80,24.44358400800047,152.77240005000294,scenario_stress_holdoutfit,/home/dkj/research/uav_dt_project/results/scheme_c_holdout/configs/scenario_stress_holdoutfit.yaml
0.11875,0.11875,0.11875,0.1125,0.11875,0.6642638530874503,0.33573614691254977,0.9736119707900063,0.9287967145165055,0.922992674118705,-3.4776649943010005,0.0,1.0,1.0,0.84375,1.0,0.0,periodic,81,17.94974496100076,112.18590600625475,scenario_stress_holdoutfit,/home/dkj/research/uav_dt_project/results/scheme_c_holdout/configs/scenario_stress_holdoutfit.yaml
0.046584045902721166,0.046584045902721166,0.15,0.1125,0.15,0.6962496538912907,0.3037503461087093,1.0027107749000255,0.6652233628097323,0.6534578734177006,-2.9202721053087677,0.0,1.0,1.0,0.85625,1.0,0.0,security_risk,81,17.625382599999284,110.15864124999553,scenario_stress_holdoutfit,/home/dkj/research/uav_dt_project/results/scheme_c_holdout/configs/scenario_stress_holdoutfit.yaml
0.11875,0.11875,0.11875,0.1,0.11875,0.249780866732412,0.750219133267588,0.31706725749433745,1.7223455744529097,1.6989031328285857,-18.210435747712967,0.0,1.0,0.96875,0.95,1.0,0.0,security_margin,81,17.927796855999986,112.04873034999991,scenario_stress_holdoutfit,/home/dkj/research/uav_dt_project/results/scheme_c_holdout/configs/scenario_stress_holdoutfit.yaml
0.11875,0.11875,0.475,0.4125,0.475,0.547552639794064,0.452447360205936,0.8229729923779547,1.369009720402262,1.3625968761745162,-5.850280344404405,0.0,1.0,0.76875,0.925,1.0,0.0,rollout_joint,81,23.816846124998847,148.8552882812428,scenario_stress_holdoutfit,/home/dkj/research/uav_dt_project/results/scheme_c_holdout/configs/scenario_stress_holdoutfit.yaml
0.11875,0.11875,0.475,0.40625,0.475,0.5869218448075498,0.41307815519245006,0.8801380450952158,0.9621438370053056,0.9606396573536594,-6.622987031299883,0.0,1.0,0.76875,0.9375,1.0,0.0,risk_adaptive_hybrid_rollout,81,24.560252764000325,153.50157977500203,scenario_stress_holdoutfit,/home/dkj/research/uav_dt_project/results/scheme_c_holdout/configs/scenario_stress_holdoutfit.yaml
