episode_length,total_secrecy_rate,avg_sync_cost,avg_sync_bandwidth,sync_request_rate,avg_sync_applied,avg_pending_syncs,avg_twin_quality,avg_twin_badness,avg_secrecy_rate,avg_realized_loss,avg_margin_gap,avg_cert_slack,certified_safe_rate,certificate_violation_prob,certificate_cover_rate,certificate_in_policy_cover_rate,certificate_empirical_cover_rate,certificate_margin_cover_rate,prediction_violation_prob,outage_prob,success_prob,method,seed,runtime_sec,runtime_per_slot_ms,scenario,config_path
120.0,193.4848853091832,0.15,0.15,0.15,0.13333333333333333,0.15,0.8774454862349707,0.12255451376502924,1.6123740442431933,0.10579390746884591,0.09380126599000087,-2.1291798458867532,0.0,1.0,1.0,1.0,1.0,1.0,0.725,0.9,0.1,periodic,62,11.950394724999569,99.58662270832974,paper_base_holdoutfit,results/final_2026-05-12/scheme_c_holdout/configs/paper_base_holdoutfit.yaml
120.0,181.0610312902482,0.03807417603816213,0.03807417603816213,0.13333333333333333,0.13333333333333333,0.13333333333333333,0.769256077008949,0.23074392299105095,1.508841927418735,0.2951483722051801,0.294730566663393,-2.5838300513881576,0.0,1.0,1.0,1.0,1.0,1.0,0.95,0.9083333333333333,0.09166666666666666,security_risk,62,11.93340082800023,99.44500690000193,paper_base_holdoutfit,results/final_2026-05-12/scheme_c_holdout/configs/paper_base_holdoutfit.yaml
120.0,78.08821373810648,0.23333333333333334,0.23333333333333334,0.26666666666666666,0.25833333333333336,0.26666666666666666,0.34352846380747526,0.6564715361925247,0.6507351144842206,1.77164278406513,1.7662903586852527,-15.716036396766855,0.016666666666666666,0.9833333333333333,0.9583333333333334,0.9583333333333334,0.9583333333333334,0.9583333333333334,0.975,0.9083333333333333,0.09166666666666666,security_margin,62,12.25605164999979,102.13376374999825,paper_base_holdoutfit,results/final_2026-05-12/scheme_c_holdout/configs/paper_base_holdoutfit.yaml
120.0,194.99920835037986,0.19583333333333333,0.19583333333333333,0.38333333333333336,0.375,0.38333333333333336,0.9404450876988351,0.059554912301164956,1.624993402919832,0.0656018874712403,0.05535630055256404,-1.732394160216752,0.0,1.0,1.0,1.0,1.0,1.0,0.8083333333333333,0.9,0.1,rollout_joint,62,157.03149585499887,1308.5957987916574,paper_base_holdoutfit,results/final_2026-05-12/scheme_c_holdout/configs/paper_base_holdoutfit.yaml
120.0,189.78900739044977,0.15,0.15,0.15,0.125,0.15,0.850212170425906,0.1497878295740938,1.5815750615870814,0.2145867337465661,0.2043126157347407,-2.1323152708881397,0.0,1.0,1.0,1.0,1.0,1.0,0.6916666666666667,0.875,0.125,periodic,63,12.63600308400055,105.30002570000458,paper_base_holdoutfit,results/final_2026-05-12/scheme_c_holdout/configs/paper_base_holdoutfit.yaml
120.0,183.63481200939674,0.04585638637701682,0.04585638637701682,0.15,0.125,0.15,0.738809482974512,0.2611905170254881,1.5302901000783062,0.3810552211750855,0.3732994761117274,-2.5721849254651654,0.0,1.0,1.0,1.0,1.0,1.0,0.875,0.875,0.125,security_risk,63,12.096676695000497,100.80563912500413,paper_base_holdoutfit,results/final_2026-05-12/scheme_c_holdout/configs/paper_base_holdoutfit.yaml
120.0,83.36647833816119,0.23186501064931755,0.23186501064931755,0.3,0.25833333333333336,0.3,0.35672231127628024,0.6432776887237197,0.6947206528180099,1.7303800634617157,1.7194781339077105,-12.2249427867869,0.0,1.0,0.9166666666666666,0.9166666666666666,0.9166666666666666,0.9166666666666666,0.9083333333333333,0.9,0.1,security_margin,63,12.20954225800051,101.74618548333758,paper_base_holdoutfit,results/final_2026-05-12/scheme_c_holdout/configs/paper_base_holdoutfit.yaml
120.0,199.07225042403206,0.19791666666666666,0.19791666666666666,0.4,0.36666666666666664,0.4,0.9397590323916408,0.060240967608359126,1.6589354202002673,0.06751897203700469,0.05863791403375768,-1.701942361352351,0.0,1.0,1.0,1.0,1.0,1.0,0.7666666666666667,0.875,0.125,rollout_joint,63,156.30119451099927,1302.509954258327,paper_base_holdoutfit,results/final_2026-05-12/scheme_c_holdout/configs/paper_base_holdoutfit.yaml
120.0,191.58394136436297,0.15,0.15,0.15,0.13333333333333333,0.15,0.8692273754859438,0.13077262451405622,1.5965328447030247,0.1556277932091258,0.14717237232847688,-2.0940257541431904,0.0,1.0,1.0,1.0,1.0,1.0,0.7166666666666667,0.9,0.1,periodic,64,12.252516623000702,102.10430519167251,paper_base_holdoutfit,results/final_2026-05-12/scheme_c_holdout/configs/paper_base_holdoutfit.yaml
120.0,182.27117375074008,0.03695078974708508,0.03695078974708508,0.13333333333333333,0.13333333333333333,0.13333333333333333,0.7715904398595513,0.2284095601404487,1.518926447922834,0.29460089984996074,0.2930119874002264,-2.53739559935718,0.0,1.0,1.0,1.0,1.0,1.0,0.8833333333333333,0.8916666666666667,0.10833333333333334,security_risk,64,11.995356366000124,99.96130305000104,paper_base_holdoutfit,results/final_2026-05-12/scheme_c_holdout/configs/paper_base_holdoutfit.yaml
120.0,82.23625753487934,0.23333333333333334,0.23333333333333334,0.275,0.25833333333333336,0.275,0.35073626659775975,0.6492637334022402,0.6853021461239945,1.7212728341229375,1.7142640808985938,-14.204546623636448,0.016666666666666666,0.9833333333333333,0.9833333333333333,0.9833333333333333,0.9833333333333333,0.9833333333333333,0.9583333333333334,0.9,0.1,security_margin,64,12.204834840998956,101.70695700832464,paper_base_holdoutfit,results/final_2026-05-12/scheme_c_holdout/configs/paper_base_holdoutfit.yaml
120.0,197.56933342193423,0.17916666666666667,0.17916666666666667,0.39166666666666666,0.38333333333333336,0.39166666666666666,0.9431129106174351,0.056887089382564864,1.646411111849452,0.06007984882669369,0.05328656718201525,-1.6980579829496552,0.0,1.0,1.0,1.0,1.0,1.0,0.8166666666666667,0.9,0.1,rollout_joint,64,154.5545191300007,1287.954326083339,paper_base_holdoutfit,results/final_2026-05-12/scheme_c_holdout/configs/paper_base_holdoutfit.yaml
120.0,194.440536911636,0.15,0.15,0.15,0.13333333333333333,0.15,0.8750974194529638,0.12490258054703607,1.6203378075969668,0.12460830428916776,0.1157699175850581,-2.095072278121995,0.0,1.0,1.0,1.0,1.0,1.0,0.6416666666666667,0.8833333333333333,0.11666666666666667,periodic,65,12.097032648000095,100.80860540000079,paper_base_holdoutfit,results/final_2026-05-12/scheme_c_holdout/configs/paper_base_holdoutfit.yaml
120.0,185.5687363451219,0.03896709509766326,0.03896709509766326,0.13333333333333333,0.11666666666666667,0.13333333333333333,0.7624653412377107,0.2375346587622893,1.546406136209349,0.27734849440075027,0.26864646846837864,-2.6148844578709136,0.0,1.0,1.0,1.0,1.0,1.0,0.7416666666666667,0.8916666666666667,0.10833333333333334,security_risk,65,11.987635621000663,99.89696350833886,paper_base_holdoutfit,results/final_2026-05-12/scheme_c_holdout/configs/paper_base_holdoutfit.yaml
120.0,83.93984304820005,0.2318789883814252,0.2318789883814252,0.31666666666666665,0.2916666666666667,0.31666666666666665,0.3644232268477297,0.6355767731522701,0.6994986920683337,1.7694497485331444,1.7676771794092148,-14.940885360452723,0.0,1.0,0.8583333333333333,0.8583333333333333,0.8583333333333333,0.8583333333333333,0.9583333333333334,0.9,0.1,security_margin,65,12.223275070000454,101.86062558333713,paper_base_holdoutfit,results/final_2026-05-12/scheme_c_holdout/configs/paper_base_holdoutfit.yaml
120.0,198.2890259841489,0.2,0.2,0.39166666666666666,0.375,0.39166666666666666,0.941678434412173,0.058321565587827015,1.6524085498679075,0.06488671155612079,0.053696033990502,-1.7037570554364365,0.0,1.0,1.0,1.0,1.0,1.0,0.7666666666666667,0.8833333333333333,0.11666666666666667,rollout_joint,65,152.04265812500125,1267.022151041677,paper_base_holdoutfit,results/final_2026-05-12/scheme_c_holdout/configs/paper_base_holdoutfit.yaml
120.0,192.35111566716455,0.15,0.15,0.15,0.13333333333333333,0.15,0.8677643056668349,0.132235694333165,1.602925963893038,0.16886059809204854,0.15675077267451484,-2.0767522608548368,0.0,1.0,1.0,1.0,1.0,1.0,0.75,0.8916666666666667,0.10833333333333334,periodic,66,12.209107771001072,101.74256475834227,paper_base_holdoutfit,results/final_2026-05-12/scheme_c_holdout/configs/paper_base_holdoutfit.yaml
120.0,182.22339211343143,0.03834503132573131,0.03834503132573131,0.13333333333333333,0.13333333333333333,0.13333333333333333,0.7661178291791063,0.23388217082089377,1.5185282676119285,0.3023272531164878,0.2974473395754907,-2.5609124339541958,0.0,1.0,1.0,1.0,1.0,1.0,0.8583333333333333,0.9,0.1,security_risk,66,12.228092665000077,101.90077220833398,paper_base_holdoutfit,results/final_2026-05-12/scheme_c_holdout/configs/paper_base_holdoutfit.yaml
120.0,82.48334144086185,0.23175245497965208,0.23175245497965208,0.25833333333333336,0.25,0.25833333333333336,0.33598816616453736,0.6640118338354628,0.6873611786738487,1.747714334851414,1.7342367736115847,-14.112002428907667,0.016666666666666666,0.9833333333333333,0.9916666666666667,0.9916666666666667,0.9916666666666667,0.9916666666666667,0.9333333333333333,0.8916666666666667,0.10833333333333334,security_margin,66,12.635495393999008,105.29579494999173,paper_base_holdoutfit,results/final_2026-05-12/scheme_c_holdout/configs/paper_base_holdoutfit.yaml
120.0,199.3220814718859,0.20208333333333334,0.20208333333333334,0.39166666666666666,0.36666666666666664,0.39166666666666666,0.9413448517362587,0.058655148263741366,1.6610173455990491,0.05645955073811792,0.04766014334910513,-1.7082447863111838,0.0,1.0,1.0,1.0,1.0,1.0,0.8,0.8833333333333333,0.11666666666666667,rollout_joint,66,158.73512295299952,1322.792691274996,paper_base_holdoutfit,results/final_2026-05-12/scheme_c_holdout/configs/paper_base_holdoutfit.yaml
120.0,189.75710704467954,0.15,0.15,0.15,0.13333333333333333,0.15,0.8790081215110973,0.12099187848890267,1.5813092253723295,0.10705726402893635,0.09822920119503935,-2.1508421273920058,0.0,1.0,1.0,1.0,1.0,1.0,0.775,0.9166666666666666,0.08333333333333333,periodic,67,13.407408835000751,111.72840695833959,paper_base_holdoutfit,results/final_2026-05-12/scheme_c_holdout/configs/paper_base_holdoutfit.yaml
120.0,183.11762227894826,0.037876244322838794,0.037876244322838794,0.13333333333333333,0.13333333333333333,0.13333333333333333,0.7705413754285957,0.2294586245714044,1.5259801856579023,0.28034313261319543,0.27659575501045747,-2.5673511110443523,0.0,1.0,1.0,1.0,1.0,1.0,0.8666666666666667,0.9,0.1,security_risk,67,14.645762426000147,122.0480202166679,paper_base_holdoutfit,results/final_2026-05-12/scheme_c_holdout/configs/paper_base_holdoutfit.yaml
120.0,76.71871388074428,0.23333333333333334,0.23333333333333334,0.25833333333333336,0.225,0.25833333333333336,0.3229631798019466,0.6770368201980533,0.639322615672869,1.7642457995282195,1.747032535843971,-14.690661516492145,0.0,1.0,1.0,1.0,1.0,1.0,0.9333333333333333,0.9083333333333333,0.09166666666666666,security_margin,67,13.786486103999778,114.88738419999815,paper_base_holdoutfit,results/final_2026-05-12/scheme_c_holdout/configs/paper_base_holdoutfit.yaml
120.0,193.3637674011123,0.22083333333333333,0.22083333333333333,0.4,0.36666666666666664,0.4,0.9373377369644735,0.06266226303552641,1.6113647283426027,0.07166881790287696,0.060877560818971437,-1.7566862730469344,0.0,1.0,1.0,1.0,1.0,1.0,0.8333333333333334,0.9083333333333333,0.09166666666666666,rollout_joint,67,167.17045889099973,1393.0871574249977,paper_base_holdoutfit,results/final_2026-05-12/scheme_c_holdout/configs/paper_base_holdoutfit.yaml
120.0,195.3624253948361,0.15,0.15,0.15,0.14166666666666666,0.15,0.8883536441582626,0.11164635584173747,1.6280202116236342,0.10369111528787557,0.0972762974384385,-2.022408407837328,0.0,1.0,1.0,1.0,1.0,1.0,0.825,0.8833333333333333,0.11666666666666667,periodic,68,12.03810222500033,100.31751854166941,paper_base_holdoutfit,results/final_2026-05-12/scheme_c_holdout/configs/paper_base_holdoutfit.yaml
120.0,185.88305146289252,0.04209141018263951,0.04209141018263951,0.14166666666666666,0.11666666666666667,0.14166666666666666,0.7438549517515954,0.2561450482484046,1.5490254288574377,0.3437860970478052,0.33538454073056045,-2.5996946191237873,0.0,1.0,1.0,1.0,1.0,1.0,0.85,0.8833333333333333,0.11666666666666667,security_risk,68,13.252709972000957,110.43924976667465,paper_base_holdoutfit,results/final_2026-05-12/scheme_c_holdout/configs/paper_base_holdoutfit.yaml
120.0,86.03137728221887,0.23333333333333334,0.23333333333333334,0.275,0.25833333333333336,0.275,0.35425789646316874,0.6457421035368313,0.7169281440184906,1.70103109544222,1.6889730859799672,-11.600193443297535,0.016666666666666666,0.9833333333333333,0.9916666666666667,0.9916666666666667,0.9916666666666667,0.9916666666666667,0.9416666666666667,0.9,0.1,security_margin,68,13.127696174999073,109.39746812499227,paper_base_holdoutfit,results/final_2026-05-12/scheme_c_holdout/configs/paper_base_holdoutfit.yaml
120.0,195.68615307297034,0.22916666666666666,0.22916666666666666,0.4,0.35833333333333334,0.4,0.9366944716706018,0.06330552832939826,1.6307179422747529,0.07336202340659241,0.0629751628006373,-1.7427127483733211,0.0,1.0,1.0,1.0,1.0,1.0,0.8333333333333334,0.8916666666666667,0.10833333333333334,rollout_joint,68,160.77117707100115,1339.7598089250096,paper_base_holdoutfit,results/final_2026-05-12/scheme_c_holdout/configs/paper_base_holdoutfit.yaml
120.0,197.20591374661737,0.15,0.15,0.15,0.14166666666666666,0.15,0.8934524477007929,0.10654755229920723,1.6433826145551447,0.09177996203470676,0.08234320723605035,-2.0139379692571984,0.0,1.0,1.0,1.0,1.0,1.0,0.7666666666666667,0.8833333333333333,0.11666666666666667,periodic,69,11.70191511899975,97.51595932499792,paper_base_holdoutfit,results/final_2026-05-12/scheme_c_holdout/configs/paper_base_holdoutfit.yaml
120.0,183.0627267652506,0.04062462233626239,0.04062462233626239,0.14166666666666666,0.125,0.14166666666666666,0.7632846684764604,0.2367153315235396,1.525522723043755,0.30068013602946925,0.289495276519167,-2.5831421716376606,0.0,1.0,1.0,1.0,1.0,1.0,0.7916666666666666,0.8833333333333333,0.11666666666666667,security_risk,69,11.604129250999904,96.70107709166587,paper_base_holdoutfit,results/final_2026-05-12/scheme_c_holdout/configs/paper_base_holdoutfit.yaml
120.0,88.27077448749878,0.2333333333333333,0.2333333333333333,0.2833333333333333,0.25833333333333336,0.2833333333333333,0.3625329869415894,0.6374670130584106,0.7355897873958231,1.6713975609137643,1.6603356393217454,-11.004640241614704,0.016666666666666666,0.9833333333333333,0.9833333333333333,0.9833333333333333,0.9833333333333333,0.9833333333333333,0.925,0.8833333333333333,0.11666666666666667,security_margin,69,11.905514255999151,99.21261879999292,paper_base_holdoutfit,results/final_2026-05-12/scheme_c_holdout/configs/paper_base_holdoutfit.yaml
120.0,195.7421016777511,0.21041666666666667,0.21041666666666667,0.4,0.36666666666666664,0.4,0.9369770269893798,0.06302297301062033,1.6311841806479257,0.07651732291311421,0.06774974782774497,-1.7287346830263763,0.0,1.0,1.0,1.0,1.0,1.0,0.775,0.9,0.1,rollout_joint,69,150.05277731300157,1250.4398109416798,paper_base_holdoutfit,results/final_2026-05-12/scheme_c_holdout/configs/paper_base_holdoutfit.yaml
120.0,192.53707971494669,0.15,0.15,0.15,0.13333333333333333,0.15,0.8718859783676669,0.12811402163233312,1.6044756642912223,0.15783446592127995,0.14629568495339726,-2.078601201205404,0.0,1.0,1.0,1.0,1.0,1.0,0.7166666666666667,0.8833333333333333,0.11666666666666667,periodic,70,11.960918279000907,99.67431899167423,paper_base_holdoutfit,results/final_2026-05-12/scheme_c_holdout/configs/paper_base_holdoutfit.yaml
120.0,183.4389595588538,0.0411112748246587,0.0411112748246587,0.14166666666666666,0.125,0.14166666666666666,0.7589304693907298,0.2410695306092702,1.5286579963237819,0.3344754587705889,0.325891749771777,-2.574600488083762,0.0,1.0,1.0,1.0,1.0,1.0,0.8,0.8833333333333333,0.11666666666666667,security_risk,70,11.68016330700084,97.334694225007,paper_base_holdoutfit,results/final_2026-05-12/scheme_c_holdout/configs/paper_base_holdoutfit.yaml
120.0,78.99974352645475,0.23333333333333334,0.23333333333333334,0.275,0.26666666666666666,0.275,0.3464416653621189,0.653558334637881,0.6583311960537895,1.757570882242373,1.751130519931627,-14.736420381642779,0.016666666666666666,0.9833333333333333,0.975,0.975,0.975,0.975,0.9583333333333334,0.9083333333333333,0.09166666666666666,security_margin,70,12.453440020000926,103.77866683334105,paper_base_holdoutfit,results/final_2026-05-12/scheme_c_holdout/configs/paper_base_holdoutfit.yaml
120.0,197.0834518169811,0.19791666666666666,0.19791666666666666,0.39166666666666666,0.36666666666666664,0.39166666666666666,0.9404413905939109,0.059558609406089105,1.6423620984748424,0.0667328803776838,0.05397581056858493,-1.7240372396000945,0.0,1.0,1.0,1.0,1.0,1.0,0.75,0.8916666666666667,0.10833333333333334,rollout_joint,70,155.28444101599962,1294.0370084666636,paper_base_holdoutfit,results/final_2026-05-12/scheme_c_holdout/configs/paper_base_holdoutfit.yaml
120.0,191.387605580451,0.15,0.15,0.15,0.13333333333333333,0.15,0.8725718411730786,0.1274281588269214,1.594896713170425,0.12582202412921695,0.11669840265560029,-2.1237212548213846,0.0,1.0,1.0,1.0,1.0,1.0,0.6583333333333333,0.9083333333333333,0.09166666666666666,periodic,71,12.26759336699979,102.22994472499825,paper_base_holdoutfit,results/final_2026-05-12/scheme_c_holdout/configs/paper_base_holdoutfit.yaml
120.0,183.0079304165818,0.04148193621521066,0.04148193621521066,0.14166666666666666,0.125,0.14166666666666666,0.7521284109414849,0.2478715890585151,1.5250660868048482,0.32452210659955044,0.3198634250430733,-2.6165680926340213,0.0,1.0,1.0,1.0,1.0,1.0,0.8583333333333333,0.8916666666666667,0.10833333333333334,security_risk,71,11.930513831001008,99.42094859167507,paper_base_holdoutfit,results/final_2026-05-12/scheme_c_holdout/configs/paper_base_holdoutfit.yaml
120.0,76.96337701339047,0.23333333333333334,0.23333333333333334,0.2833333333333333,0.25,0.2833333333333333,0.33389814466103357,0.6661018553389665,0.6413614751115873,1.7876124883340472,1.7818140313516841,-16.407342560611472,0.0,1.0,0.9666666666666667,0.9666666666666667,0.9666666666666667,0.9666666666666667,0.975,0.9,0.1,security_margin,71,12.170015670999419,101.41679725832849,paper_base_holdoutfit,results/final_2026-05-12/scheme_c_holdout/configs/paper_base_holdoutfit.yaml
120.0,195.39080922127334,0.18125,0.18125,0.4,0.375,0.4,0.9449904436322444,0.05500955636775573,1.6282567435106112,0.05716236595053936,0.048596150308853184,-1.7300818764938584,0.0,1.0,1.0,1.0,1.0,1.0,0.8416666666666667,0.9083333333333333,0.09166666666666666,rollout_joint,71,151.14828354699966,1259.5690295583306,paper_base_holdoutfit,results/final_2026-05-12/scheme_c_holdout/configs/paper_base_holdoutfit.yaml
120.0,193.7839623087549,0.15,0.15,0.15,0.14166666666666666,0.15,0.8906782915774075,0.10932170842259255,1.6148663525729574,0.0924639350538814,0.08256095536711525,-2.0481376484967324,0.0,1.0,1.0,1.0,1.0,1.0,0.6666666666666666,0.8916666666666667,0.10833333333333334,periodic,72,11.600137639999957,96.6678136666663,paper_base_holdoutfit,results/final_2026-05-12/scheme_c_holdout/configs/paper_base_holdoutfit.yaml
120.0,155.4104231940326,0.03970550847938969,0.03970550847938969,0.13333333333333333,0.11666666666666667,0.13333333333333333,0.7246330958337636,0.2753669041662364,1.2950868599502716,0.6205038187044063,0.6170769235600794,-2.590298230124341,0.0,1.0,1.0,1.0,1.0,1.0,0.8583333333333333,0.9,0.1,security_risk,72,11.809784961000332,98.41487467500276,paper_base_holdoutfit,results/final_2026-05-12/scheme_c_holdout/configs/paper_base_holdoutfit.yaml
120.0,84.66930114458307,0.23333333333333334,0.23333333333333334,0.30833333333333335,0.3,0.30833333333333335,0.36068206637175265,0.6393179336282473,0.7055775095381923,1.7000266369177837,1.6968017267988598,-23.45535493391245,0.0,1.0,0.8833333333333333,0.8833333333333333,0.8833333333333333,0.8833333333333333,0.9833333333333333,0.9,0.1,security_margin,72,11.858765913999378,98.82304928332815,paper_base_holdoutfit,results/final_2026-05-12/scheme_c_holdout/configs/paper_base_holdoutfit.yaml
120.0,196.2944847911252,0.23125,0.23125,0.4,0.3416666666666667,0.4,0.9346545276670499,0.06534547233294997,1.6357873732593766,0.07239311313373661,0.06268844592209823,-1.7560252671445324,0.0,1.0,1.0,1.0,1.0,1.0,0.7916666666666666,0.8916666666666667,0.10833333333333334,rollout_joint,72,146.56217191799988,1221.3514326499987,paper_base_holdoutfit,results/final_2026-05-12/scheme_c_holdout/configs/paper_base_holdoutfit.yaml
120.0,190.1847872202093,0.15,0.15,0.15,0.125,0.15,0.8710082166467676,0.1289917833532324,1.5848732268350776,0.13401918092826104,0.12825590830539263,-2.14469462917239,0.0,1.0,1.0,1.0,1.0,1.0,0.7916666666666666,0.9083333333333333,0.09166666666666666,periodic,73,11.617663008000818,96.81385840000682,paper_base_holdoutfit,results/final_2026-05-12/scheme_c_holdout/configs/paper_base_holdoutfit.yaml
120.0,178.82573296301888,0.03829545726648663,0.03829545726648663,0.13333333333333333,0.13333333333333333,0.13333333333333333,0.7623637843159974,0.2376362156840026,1.4902144413584906,0.32780864255270764,0.32602555538814254,-2.56145608609176,0.0,1.0,1.0,1.0,1.0,1.0,0.8333333333333334,0.9,0.1,security_risk,73,11.446294934001344,95.38579111667786,paper_base_holdoutfit,results/final_2026-05-12/scheme_c_holdout/configs/paper_base_holdoutfit.yaml
120.0,82.49541369849678,0.23333333333333336,0.23333333333333336,0.2833333333333333,0.275,0.2833333333333333,0.3524174475651563,0.6475825524348438,0.6874617808208064,1.7542675645625074,1.7521290091877049,-15.13538746010075,0.016666666666666666,0.9833333333333333,0.9416666666666667,0.9416666666666667,0.9416666666666667,0.9416666666666667,0.9833333333333333,0.9,0.1,security_margin,73,11.57685316000061,96.47377633333842,paper_base_holdoutfit,results/final_2026-05-12/scheme_c_holdout/configs/paper_base_holdoutfit.yaml
120.0,195.21641198897856,0.1875,0.1875,0.39166666666666666,0.375,0.39166666666666666,0.9426838054539967,0.05731619454600341,1.626803433241488,0.06182708241346346,0.05128865310810909,-1.7290787931036453,0.0,1.0,1.0,1.0,1.0,1.0,0.8,0.9,0.1,rollout_joint,73,144.56020366600023,1204.6683638833351,paper_base_holdoutfit,results/final_2026-05-12/scheme_c_holdout/configs/paper_base_holdoutfit.yaml
120.0,196.85800870896168,0.15,0.15,0.15,0.14166666666666666,0.15,0.892484494343461,0.10751550565653896,1.640483405908014,0.09299541125354721,0.08156596303763243,-2.0208864190420326,0.0,1.0,1.0,1.0,1.0,1.0,0.7166666666666667,0.8833333333333333,0.11666666666666667,periodic,74,11.529447274999256,96.07872729166047,paper_base_holdoutfit,results/final_2026-05-12/scheme_c_holdout/configs/paper_base_holdoutfit.yaml
120.0,187.4349407091425,0.0384513648832034,0.0384513648832034,0.13333333333333333,0.125,0.13333333333333333,0.7636749119224402,0.23632508807755973,1.5619578392428541,0.2759256566267884,0.270825333251594,-2.5594075889473205,0.0,1.0,1.0,1.0,1.0,1.0,0.8583333333333333,0.875,0.125,security_risk,74,11.473230892001084,95.61025743334237,paper_base_holdoutfit,results/final_2026-05-12/scheme_c_holdout/configs/paper_base_holdoutfit.yaml
120.0,82.67525624778561,0.2332946931344149,0.2332946931344149,0.25833333333333336,0.25,0.25833333333333336,0.33759898675123956,0.6624010132487604,0.6889604687315468,1.7462305206573552,1.7300287188236976,-13.640954863710995,0.016666666666666666,0.9833333333333333,0.9833333333333333,0.9833333333333333,0.9833333333333333,0.9833333333333333,0.9333333333333333,0.8916666666666667,0.10833333333333334,security_margin,74,11.55997635499989,96.33313629166575,paper_base_holdoutfit,results/final_2026-05-12/scheme_c_holdout/configs/paper_base_holdoutfit.yaml
120.0,198.47994954969036,0.19166666666666668,0.19166666666666668,0.39166666666666666,0.38333333333333336,0.39166666666666666,0.9437140480862941,0.05628595191370597,1.653999579580753,0.05966001384281072,0.04852778242035417,-1.694436093670315,0.0,1.0,1.0,1.0,1.0,1.0,0.775,0.8833333333333333,0.11666666666666667,rollout_joint,74,144.47077766199982,1203.9231471833316,paper_base_holdoutfit,results/final_2026-05-12/scheme_c_holdout/configs/paper_base_holdoutfit.yaml
120.0,191.74498341386695,0.15,0.15,0.15,0.13333333333333333,0.15,0.873046211628039,0.126953788371961,1.5978748617822245,0.14116926150548698,0.13051365861554165,-2.1029462772493184,0.0,1.0,1.0,1.0,1.0,1.0,0.7583333333333333,0.8916666666666667,0.10833333333333334,periodic,75,11.48781289100043,95.73177409167026,paper_base_holdoutfit,results/final_2026-05-12/scheme_c_holdout/configs/paper_base_holdoutfit.yaml
120.0,175.94519597446907,0.03863716421424976,0.03863716421424976,0.13333333333333333,0.13333333333333333,0.13333333333333333,0.7615649083202786,0.23843509167972143,1.466209966453909,0.35618712398892427,0.34827676274759173,-2.58395388301652,0.0,1.0,1.0,1.0,1.0,1.0,0.7666666666666667,0.9,0.1,security_risk,75,11.619410821000201,96.828423508335,paper_base_holdoutfit,results/final_2026-05-12/scheme_c_holdout/configs/paper_base_holdoutfit.yaml
120.0,85.73862473764902,0.23251172355429126,0.23251172355429126,0.2833333333333333,0.26666666666666666,0.2833333333333333,0.35468635404970106,0.6453136459502988,0.7144885394804085,1.7379263561135758,1.7337083945023137,-15.123477736236403,0.016666666666666666,0.9833333333333333,0.9666666666666667,0.9666666666666667,0.9666666666666667,0.9666666666666667,0.9583333333333334,0.8916666666666667,0.10833333333333334,security_margin,75,11.589019269000346,96.57516057500288,paper_base_holdoutfit,results/final_2026-05-12/scheme_c_holdout/configs/paper_base_holdoutfit.yaml
120.0,197.3745929018957,0.20833333333333334,0.20833333333333334,0.39166666666666666,0.35833333333333334,0.39166666666666666,0.9385801582175205,0.061419841782479515,1.6447882741824642,0.06577102080034589,0.05608548293794179,-1.7272101728157816,0.0,1.0,1.0,1.0,1.0,1.0,0.7833333333333333,0.8833333333333333,0.11666666666666667,rollout_joint,75,150.28467752399956,1252.3723126999964,paper_base_holdoutfit,results/final_2026-05-12/scheme_c_holdout/configs/paper_base_holdoutfit.yaml
120.0,199.23481659293344,0.15,0.15,0.15,0.14166666666666666,0.15,0.8941163406758086,0.10588365932419143,1.6602901382744453,0.09076152952612467,0.07914036788106278,-2.0047674827864013,0.0,1.0,1.0,1.0,1.0,1.0,0.7333333333333333,0.875,0.125,periodic,76,11.73862636100057,97.82188634167142,paper_base_holdoutfit,results/final_2026-05-12/scheme_c_holdout/configs/paper_base_holdoutfit.yaml
120.0,183.43716150508754,0.03865426656100171,0.03865426656100171,0.13333333333333333,0.13333333333333333,0.13333333333333333,0.7687519449680784,0.2312480550319216,1.5286430125423962,0.2845518492460164,0.2777435662577259,-2.5784272927702108,0.0,1.0,1.0,1.0,1.0,1.0,0.825,0.8833333333333333,0.11666666666666667,security_risk,76,11.803101505000086,98.35917920833406,paper_base_holdoutfit,results/final_2026-05-12/scheme_c_holdout/configs/paper_base_holdoutfit.yaml
120.0,88.38668236552486,0.23333333333333334,0.23333333333333334,0.275,0.26666666666666666,0.275,0.3502959457186282,0.6497040542813718,0.7365556863793739,1.7161907772905414,1.7033050792543627,-12.724185653373336,0.016666666666666666,0.9833333333333333,0.9833333333333333,0.9833333333333333,0.9833333333333333,0.9833333333333333,0.9416666666666667,0.875,0.125,security_margin,76,11.768525854000472,98.07104878333728,paper_base_holdoutfit,results/final_2026-05-12/scheme_c_holdout/configs/paper_base_holdoutfit.yaml
120.0,199.9598259142755,0.18541666666666667,0.18541666666666667,0.39166666666666666,0.375,0.39166666666666666,0.9404877794745723,0.059512220525427754,1.6663318826189626,0.06852280213178948,0.056843021728845526,-1.6888334853050766,0.0,1.0,1.0,1.0,1.0,1.0,0.7833333333333333,0.8833333333333333,0.11666666666666667,rollout_joint,76,146.7171149450005,1222.6426245416708,paper_base_holdoutfit,results/final_2026-05-12/scheme_c_holdout/configs/paper_base_holdoutfit.yaml
120.0,186.3452799363058,0.15,0.15,0.15,0.11666666666666667,0.15,0.8337897437012508,0.16621025629874922,1.5528773328025482,0.21645757585658737,0.20708968876460546,-2.255146957517677,0.0,1.0,1.0,1.0,1.0,1.0,0.7583333333333333,0.9,0.1,periodic,77,11.702936790001331,97.5244732500111,paper_base_holdoutfit,results/final_2026-05-12/scheme_c_holdout/configs/paper_base_holdoutfit.yaml
120.0,153.71753526088767,0.04350515387291101,0.04350515387291101,0.15,0.125,0.15,0.7308011593065182,0.26919884069348166,1.2809794605073972,0.6282512887343156,0.6195435365801188,-2.5591859420395955,0.0,1.0,1.0,1.0,1.0,1.0,0.7833333333333333,0.9,0.1,security_risk,77,11.707434674999604,97.5619556249967,paper_base_holdoutfit,results/final_2026-05-12/scheme_c_holdout/configs/paper_base_holdoutfit.yaml
120.0,81.30445242628943,0.23333333333333334,0.23333333333333334,0.2833333333333333,0.2833333333333333,0.2833333333333333,0.3535261085822465,0.6464738914177537,0.6775371035524119,1.7649326516369113,1.7621788637855529,-15.824100765133919,0.016666666666666666,0.9833333333333333,0.9333333333333333,0.9333333333333333,0.9333333333333333,0.9333333333333333,0.9833333333333333,0.9,0.1,security_margin,77,11.871531857999798,98.92943214999832,paper_base_holdoutfit,results/final_2026-05-12/scheme_c_holdout/configs/paper_base_holdoutfit.yaml
120.0,198.25184165739805,0.19583333333333333,0.19583333333333333,0.38333333333333336,0.375,0.38333333333333336,0.9395776425827075,0.06042235741729242,1.652098680478317,0.07117224318457896,0.06221290767060553,-1.6999027960259212,0.0,1.0,1.0,1.0,1.0,1.0,0.7916666666666666,0.8833333333333333,0.11666666666666667,rollout_joint,77,148.4654486470008,1237.2120720583403,paper_base_holdoutfit,results/final_2026-05-12/scheme_c_holdout/configs/paper_base_holdoutfit.yaml
120.0,198.1984240166869,0.15,0.15,0.15,0.14166666666666666,0.15,0.890333327263605,0.10966667273639501,1.6516535334723907,0.104091241095036,0.09263559232990569,-1.9992964348183717,0.0,1.0,1.0,1.0,1.0,1.0,0.7416666666666667,0.875,0.125,periodic,78,11.821231074000025,98.5102589500002,paper_base_holdoutfit,results/final_2026-05-12/scheme_c_holdout/configs/paper_base_holdoutfit.yaml
120.0,185.89989395750825,0.038179250250526264,0.038179250250526264,0.13333333333333333,0.13333333333333333,0.13333333333333333,0.7658349773811761,0.23416502261882394,1.5491657829792354,0.3064682570117412,0.2962713787074444,-2.5297797269884863,0.0,1.0,1.0,1.0,1.0,1.0,0.8333333333333334,0.8666666666666667,0.13333333333333333,security_risk,78,11.663051460000133,97.19209550000112,paper_base_holdoutfit,results/final_2026-05-12/scheme_c_holdout/configs/paper_base_holdoutfit.yaml
120.0,86.61608249985849,0.23297371384897844,0.23297371384897844,0.2916666666666667,0.2916666666666667,0.2916666666666667,0.3615478089979355,0.6384521910020644,0.7218006874988208,1.7403975286191875,1.735937362188722,-15.423790588832336,0.016666666666666666,0.9833333333333333,0.9416666666666667,0.9416666666666667,0.9416666666666667,0.9416666666666667,0.9833333333333333,0.8916666666666667,0.10833333333333334,security_margin,78,11.943592894000176,99.5299407833348,paper_base_holdoutfit,results/final_2026-05-12/scheme_c_holdout/configs/paper_base_holdoutfit.yaml
120.0,199.80079671074807,0.19166666666666668,0.19166666666666668,0.38333333333333336,0.375,0.38333333333333336,0.9434400349933637,0.056559965006636306,1.665006639256234,0.06172264227084126,0.04874523830081098,-1.6961493866066264,0.0,1.0,1.0,1.0,1.0,1.0,0.75,0.8833333333333333,0.11666666666666667,rollout_joint,78,147.98586790400077,1233.2155658666732,paper_base_holdoutfit,results/final_2026-05-12/scheme_c_holdout/configs/paper_base_holdoutfit.yaml
120.0,195.66392854922572,0.15,0.15,0.15,0.14166666666666666,0.15,0.8868783868318942,0.11312161316810573,1.6305327379102144,0.10368358067817442,0.09434343110375473,-2.0257137010318,0.0,1.0,1.0,1.0,1.0,1.0,0.7833333333333333,0.8833333333333333,0.11666666666666667,periodic,79,11.645871470000202,97.04892891666834,paper_base_holdoutfit,results/final_2026-05-12/scheme_c_holdout/configs/paper_base_holdoutfit.yaml
120.0,176.16098848340752,0.04451177786236194,0.04451177786236194,0.15,0.125,0.15,0.7457267077260145,0.25427329227398554,1.4680082373617294,0.4167219903373693,0.41176420697648286,-2.5961321414015943,0.0,1.0,1.0,1.0,1.0,1.0,0.8083333333333333,0.8916666666666667,0.10833333333333334,security_risk,79,11.744295942000463,97.86913285000385,paper_base_holdoutfit,results/final_2026-05-12/scheme_c_holdout/configs/paper_base_holdoutfit.yaml
120.0,81.08751196980525,0.23127481801457067,0.23127481801457067,0.275,0.275,0.275,0.3452977183303678,0.6547022816696322,0.6757292664150437,1.7725753937900162,1.767502684212784,-15.85341155297623,0.016666666666666666,0.9833333333333333,0.95,0.95,0.95,0.95,0.975,0.9,0.1,security_margin,79,12.1243973189994,101.036644324995,paper_base_holdoutfit,results/final_2026-05-12/scheme_c_holdout/configs/paper_base_holdoutfit.yaml
120.0,196.6885577956793,0.20833333333333334,0.20833333333333334,0.39166666666666666,0.375,0.39166666666666666,0.9413511333680307,0.05864886663196938,1.6390713149639942,0.06170424815157939,0.04989924241500849,-1.7214990729008677,0.0,1.0,1.0,1.0,1.0,1.0,0.7666666666666667,0.8916666666666667,0.10833333333333334,rollout_joint,79,150.88623789199846,1257.3853157666538,paper_base_holdoutfit,results/final_2026-05-12/scheme_c_holdout/configs/paper_base_holdoutfit.yaml
120.0,193.369812739047,0.15,0.15,0.15,0.14166666666666666,0.15,0.889407222023686,0.11059277797631396,1.611415106158725,0.10256770330249763,0.09548282172422669,-2.040109438527615,0.0,1.0,1.0,1.0,1.0,1.0,0.7166666666666667,0.9,0.1,periodic,80,11.770208607000313,98.0850717250026,paper_base_holdoutfit,results/final_2026-05-12/scheme_c_holdout/configs/paper_base_holdoutfit.yaml
120.0,183.1952849476376,0.038648617163443796,0.038648617163443796,0.13333333333333333,0.125,0.13333333333333333,0.7602768412259411,0.23972315877405892,1.5266273745636465,0.3051197937000616,0.3023665481486985,-2.6161652604255625,0.0,1.0,1.0,1.0,1.0,1.0,0.8583333333333333,0.8833333333333333,0.11666666666666667,security_risk,80,11.765941215999192,98.04951013332659,paper_base_holdoutfit,results/final_2026-05-12/scheme_c_holdout/configs/paper_base_holdoutfit.yaml
120.0,84.74053398442578,0.23227533374436488,0.23227533374436488,0.26666666666666666,0.25833333333333336,0.26666666666666666,0.34553826233668256,0.6544617376633174,0.7061711165368815,1.7240049420495955,1.706053103843123,-12.817244105585477,0.016666666666666666,0.9833333333333333,0.9916666666666667,0.9916666666666667,0.9916666666666667,0.9916666666666667,0.9333333333333333,0.8916666666666667,0.10833333333333334,security_margin,80,11.777098701000796,98.14248917500663,paper_base_holdoutfit,results/final_2026-05-12/scheme_c_holdout/configs/paper_base_holdoutfit.yaml
120.0,196.1373371137085,0.22083333333333333,0.22083333333333333,0.39166666666666666,0.36666666666666664,0.39166666666666666,0.9386854218178254,0.061314578182174465,1.6344778092809042,0.06580233920676287,0.056140542722289896,-1.7337157212074203,0.0,1.0,1.0,1.0,1.0,1.0,0.7833333333333333,0.9,0.1,rollout_joint,80,148.96910996800034,1241.409249733336,paper_base_holdoutfit,results/final_2026-05-12/scheme_c_holdout/configs/paper_base_holdoutfit.yaml
120.0,194.32123623378604,0.15,0.15,0.15,0.14166666666666666,0.15,0.8929195283277295,0.10708047167227047,1.6193436352815502,0.09991884353335126,0.08668784904791506,-2.035446808610268,0.0,1.0,1.0,1.0,1.0,1.0,0.7416666666666667,0.8916666666666667,0.10833333333333334,periodic,81,11.71695750300023,97.64131252500192,paper_base_holdoutfit,results/final_2026-05-12/scheme_c_holdout/configs/paper_base_holdoutfit.yaml
120.0,185.8629832193854,0.0385277422794767,0.0385277422794767,0.13333333333333333,0.13333333333333333,0.13333333333333333,0.7687613882190676,0.2312386117809324,1.5488581934948784,0.27919363560538635,0.27255557221432175,-2.565933200811682,0.0,1.0,1.0,1.0,1.0,1.0,0.875,0.8833333333333333,0.11666666666666667,security_risk,81,11.62939187200027,96.91159893333558,paper_base_holdoutfit,results/final_2026-05-12/scheme_c_holdout/configs/paper_base_holdoutfit.yaml
120.0,84.42244656297765,0.23333333333333334,0.23333333333333334,0.26666666666666666,0.24166666666666667,0.26666666666666666,0.35101155980477367,0.6489884401952264,0.7035203880248138,1.7094718262365767,1.6997796645148413,-12.310420129705223,0.016666666666666666,0.9833333333333333,0.9833333333333333,0.9833333333333333,0.9833333333333333,0.9833333333333333,0.9166666666666666,0.8916666666666667,0.10833333333333334,security_margin,81,11.867451665000772,98.8954305416731,paper_base_holdoutfit,results/final_2026-05-12/scheme_c_holdout/configs/paper_base_holdoutfit.yaml
120.0,198.15378576468504,0.2,0.2,0.38333333333333336,0.375,0.38333333333333336,0.9399986468479538,0.06000135315204614,1.651281548039042,0.06327851530948675,0.05416725071712977,-1.7088606697727085,0.0,1.0,1.0,1.0,1.0,1.0,0.7833333333333333,0.8833333333333333,0.11666666666666667,rollout_joint,81,145.81110039899977,1215.092503324998,paper_base_holdoutfit,results/final_2026-05-12/scheme_c_holdout/configs/paper_base_holdoutfit.yaml
140.0,177.84033035772717,0.15714285714285714,0.15714285714285714,0.15714285714285714,0.15,0.15714285714285714,0.7842158874787248,0.21578411252127516,1.2702880739837654,0.4749503629410414,0.4638597299471482,-2.7593160078984678,0.0,1.0,1.0,1.0,1.0,1.0,0.7714285714285715,0.95,0.05,periodic,62,13.658490619000077,97.56064727857198,paper_hard_holdoutfit,results/final_2026-05-12/scheme_c_holdout/configs/paper_hard_holdoutfit.yaml
140.0,177.9352195236829,0.036804139597615214,0.036804139597615214,0.12857142857142856,0.12142857142857143,0.12857142857142856,0.7559657689552378,0.24403423104476224,1.2709658537405921,0.36201541043123675,0.36119865200709683,-2.947781180709326,0.0,1.0,1.0,1.0,1.0,1.0,0.9714285714285714,0.95,0.05,security_risk,62,13.556065443000989,96.82903887857849,paper_hard_holdoutfit,results/final_2026-05-12/scheme_c_holdout/configs/paper_hard_holdoutfit.yaml
140.0,70.91234278917561,0.15666367988971974,0.15666367988971974,0.17142857142857143,0.15714285714285714,0.17142857142857143,0.2968516774126276,0.7031483225873725,0.5065167342083973,1.4083032804317726,1.3941949200415893,-31.785731166225805,0.0,1.0,1.0,1.0,1.0,1.0,0.9857142857142858,0.9928571428571429,0.007142857142857143,security_margin,62,13.715911461998985,97.97079615713561,paper_hard_holdoutfit,results/final_2026-05-12/scheme_c_holdout/configs/paper_hard_holdoutfit.yaml
140.0,200.19940973130707,0.1,0.1,0.4,0.39285714285714285,0.4,0.9410355768586807,0.058964423141319194,1.4299957837950505,0.0830296276126298,0.07529525639234068,-2.0323229301695753,0.0,1.0,1.0,1.0,1.0,1.0,0.8285714285714286,0.95,0.05,rollout_joint,62,178.2831761870002,1273.451258478573,paper_hard_holdoutfit,results/final_2026-05-12/scheme_c_holdout/configs/paper_hard_holdoutfit.yaml
140.0,184.895667902122,0.15714285714285714,0.15714285714285714,0.15714285714285714,0.15714285714285714,0.15714285714285714,0.7938890142954812,0.2061109857045186,1.3206833421580142,0.41739040022737633,0.4079894524671655,-2.7605734231172456,0.0,1.0,1.0,1.0,1.0,1.0,0.7285714285714285,0.9357142857142857,0.06428571428571428,periodic,63,13.66219194400037,97.58708531428836,paper_hard_holdoutfit,results/final_2026-05-12/scheme_c_holdout/configs/paper_hard_holdoutfit.yaml
140.0,183.28699177350492,0.03658732758600061,0.03658732758600061,0.12857142857142856,0.12857142857142856,0.12857142857142856,0.7536639213436653,0.24633607865633472,1.309192798382178,0.3693596173029232,0.3607554703857492,-2.887220760177741,0.0,1.0,1.0,1.0,1.0,1.0,0.8642857142857143,0.9285714285714286,0.07142857142857142,security_risk,63,13.517768415998944,96.55548868570675,paper_hard_holdoutfit,results/final_2026-05-12/scheme_c_holdout/configs/paper_hard_holdoutfit.yaml
140.0,66.22004919746449,0.15714285714285714,0.15714285714285714,0.17857142857142858,0.15714285714285714,0.17857142857142858,0.3097001551447676,0.6902998448552323,0.47300035141046065,1.5729630998163613,1.5548781952640107,-21.819991419192466,0.0,1.0,0.9785714285714285,0.9785714285714285,0.9785714285714285,0.9785714285714285,0.9428571428571428,0.95,0.05,security_margin,63,13.834746305999943,98.81961647142816,paper_hard_holdoutfit,results/final_2026-05-12/scheme_c_holdout/configs/paper_hard_holdoutfit.yaml
140.0,203.3363311117148,0.10535714285714286,0.10535714285714286,0.42142857142857143,0.36428571428571427,0.42142857142857143,0.9350612420023359,0.06493875799766395,1.452402365083677,0.10059254695925635,0.09404071199905222,-2.0156681402675214,0.0,1.0,1.0,1.0,1.0,1.0,0.8285714285714286,0.9285714285714286,0.07142857142857142,rollout_joint,63,174.4066302930005,1245.7616449500035,paper_hard_holdoutfit,results/final_2026-05-12/scheme_c_holdout/configs/paper_hard_holdoutfit.yaml
140.0,181.90843914078306,0.15714285714285714,0.15714285714285714,0.15714285714285714,0.15,0.15714285714285714,0.7828290145057756,0.2171709854942244,1.299345993862736,0.47300595172248683,0.4679523801718522,-2.7320655458393146,0.0,1.0,1.0,1.0,1.0,1.0,0.8071428571428572,0.9428571428571428,0.05714285714285714,periodic,64,13.651240465000228,97.50886046428734,paper_hard_holdoutfit,results/final_2026-05-12/scheme_c_holdout/configs/paper_hard_holdoutfit.yaml
140.0,170.1236578218185,0.040242052254788024,0.040242052254788024,0.1357142857142857,0.12142857142857143,0.1357142857142857,0.7266765216487453,0.2733234783512548,1.2151689844415607,0.5377015463071971,0.5352047550451613,-2.9274486633702215,0.0,1.0,1.0,1.0,1.0,1.0,0.8928571428571429,0.9357142857142857,0.06428571428571428,security_risk,64,13.602763164000862,97.16259402857759,paper_hard_holdoutfit,results/final_2026-05-12/scheme_c_holdout/configs/paper_hard_holdoutfit.yaml
140.0,66.22649580047275,0.1558466029754977,0.1558466029754977,0.17142857142857143,0.15714285714285714,0.17142857142857143,0.30178700832407923,0.6982129916759209,0.47304639857480535,1.5852928647472846,1.560641722260647,-19.920495669066643,0.014285714285714285,0.9857142857142858,0.9857142857142858,0.9857142857142858,0.9857142857142858,0.9857142857142858,0.95,0.9714285714285714,0.02857142857142857,security_margin,64,13.777701336999598,98.41215240713998,paper_hard_holdoutfit,results/final_2026-05-12/scheme_c_holdout/configs/paper_hard_holdoutfit.yaml
140.0,201.68477828516606,0.10178571428571428,0.10178571428571428,0.40714285714285714,0.38571428571428573,0.40714285714285714,0.9391813851324838,0.060818614867516246,1.4406055591797575,0.09215090518111128,0.08620792884077258,-2.016184006167446,0.0,1.0,1.0,1.0,1.0,1.0,0.8857142857142857,0.95,0.05,rollout_joint,64,173.5804182439988,1239.860130314277,paper_hard_holdoutfit,results/final_2026-05-12/scheme_c_holdout/configs/paper_hard_holdoutfit.yaml
140.0,183.91391109670195,0.15714285714285714,0.15714285714285714,0.15714285714285714,0.15714285714285714,0.15714285714285714,0.7935227274613825,0.20647727253861742,1.313670793547871,0.4114303671610573,0.4053207331426462,-2.7773718314803673,0.0,1.0,1.0,1.0,1.0,1.0,0.85,0.95,0.05,periodic,65,13.643201351000243,97.45143822143031,paper_hard_holdoutfit,results/final_2026-05-12/scheme_c_holdout/configs/paper_hard_holdoutfit.yaml
140.0,184.1063513945512,0.037069198363819354,0.037069198363819354,0.12857142857142856,0.12142857142857143,0.12857142857142856,0.7562339224551615,0.24376607754483848,1.3150453671039373,0.3560607692148613,0.35355025312409233,-2.907784759078863,0.0,1.0,1.0,1.0,1.0,1.0,0.9285714285714286,0.9428571428571428,0.05714285714285714,security_risk,65,13.812427478000245,98.66019627143032,paper_hard_holdoutfit,results/final_2026-05-12/scheme_c_holdout/configs/paper_hard_holdoutfit.yaml
140.0,68.34260817604343,0.15714285714285714,0.15714285714285714,0.18571428571428572,0.16428571428571428,0.18571428571428572,0.3113025446522153,0.6886974553477848,0.4881614869717388,1.5621417235825032,1.5485915884460715,-22.063631405638045,0.0,1.0,0.9785714285714285,0.9785714285714285,0.9785714285714285,0.9785714285714285,0.9428571428571428,0.95,0.05,security_margin,65,13.805161443000543,98.60829602143245,paper_hard_holdoutfit,results/final_2026-05-12/scheme_c_holdout/configs/paper_hard_holdoutfit.yaml
140.0,203.5495157753846,0.10357142857142858,0.10357142857142858,0.4142857142857143,0.37142857142857144,0.4142857142857143,0.9395800775732046,0.06041992242679528,1.4539251126813186,0.08220723640233464,0.07506713062071173,-2.014610550807148,0.0,1.0,1.0,1.0,1.0,1.0,0.8571428571428571,0.95,0.05,rollout_joint,65,178.7192326179993,1276.5659472714237,paper_hard_holdoutfit,results/final_2026-05-12/scheme_c_holdout/configs/paper_hard_holdoutfit.yaml
140.0,175.27480059309522,0.15714285714285714,0.15714285714285714,0.15714285714285714,0.15,0.15714285714285714,0.7662617548669025,0.23373824513309757,1.2519628613792515,0.5807393096261126,0.568575431527991,-2.751198427272231,0.0,1.0,1.0,1.0,1.0,1.0,0.7857142857142857,0.95,0.05,periodic,66,13.825686680998842,98.75490486427745,paper_hard_holdoutfit,results/final_2026-05-12/scheme_c_holdout/configs/paper_hard_holdoutfit.yaml
140.0,173.3499691835554,0.037428403115485856,0.037428403115485856,0.12857142857142856,0.12142857142857143,0.12857142857142856,0.7438049179401884,0.25619508205981156,1.2382140655968243,0.43283119418482313,0.4272613726036343,-2.9508106645869137,0.0,1.0,1.0,1.0,1.0,1.0,0.85,0.95,0.05,security_risk,66,13.784334691999902,98.45953351428501,paper_hard_holdoutfit,results/final_2026-05-12/scheme_c_holdout/configs/paper_hard_holdoutfit.yaml
140.0,62.14042395797997,0.15714285714285714,0.15714285714285714,0.17857142857142858,0.15,0.17857142857142858,0.2949980330638165,0.7050019669361833,0.44386017112842835,1.566212585851896,1.5451285960382848,-25.05411317026622,0.0,1.0,1.0,1.0,1.0,1.0,0.95,0.9571428571428572,0.04285714285714286,security_margin,66,13.710173418998238,97.9298101357017,paper_hard_holdoutfit,results/final_2026-05-12/scheme_c_holdout/configs/paper_hard_holdoutfit.yaml
140.0,203.45771496554443,0.1,0.1,0.4,0.39285714285714285,0.4,0.9408895651364939,0.0591104348635062,1.4532693926110316,0.08092134309519934,0.07158286987341965,-2.0110019953259406,0.0,1.0,1.0,1.0,1.0,1.0,0.8,0.95,0.05,rollout_joint,66,177.2271057020007,1265.9078978714335,paper_hard_holdoutfit,results/final_2026-05-12/scheme_c_holdout/configs/paper_hard_holdoutfit.yaml
140.0,174.489736862637,0.15714285714285714,0.15714285714285714,0.15714285714285714,0.15714285714285714,0.15714285714285714,0.7779687946537388,0.22203120534626117,1.2463552633045498,0.5681753532479719,0.5590658248747914,-2.6674295203745144,0.0,1.0,1.0,1.0,1.0,1.0,0.7571428571428571,0.9714285714285714,0.02857142857142857,periodic,67,13.824039949999133,98.74314249999381,paper_hard_holdoutfit,results/final_2026-05-12/scheme_c_holdout/configs/paper_hard_holdoutfit.yaml
140.0,169.12200050294976,0.039435401753963935,0.039435401753963935,0.1357142857142857,0.12142857142857143,0.1357142857142857,0.7296342126605202,0.2703657873394799,1.208014289306784,0.4687179356078963,0.46595769813302024,-2.9858487304337467,0.0,1.0,1.0,1.0,1.0,1.0,0.9071428571428571,0.9571428571428572,0.04285714285714286,security_risk,67,13.797980246001316,98.55700175715226,paper_hard_holdoutfit,results/final_2026-05-12/scheme_c_holdout/configs/paper_hard_holdoutfit.yaml
140.0,62.975309489664724,0.15583757768281836,0.15583757768281836,0.15714285714285714,0.1357142857142857,0.15714285714285714,0.2894224002450527,0.7105775997549472,0.4498236392118909,1.5763243088828216,1.545575936164058,-20.058629930378082,0.0,1.0,1.0,1.0,1.0,1.0,0.9214285714285714,0.9642857142857143,0.03571428571428571,security_margin,67,13.776167853000516,98.40119895000369,paper_hard_holdoutfit,results/final_2026-05-12/scheme_c_holdout/configs/paper_hard_holdoutfit.yaml
140.0,198.56150760277106,0.10357142857142858,0.10357142857142858,0.4142857142857143,0.39285714285714285,0.4142857142857143,0.938083909102396,0.061916090897603825,1.4182964828769362,0.09117574339694123,0.08388230139309205,-2.0429688248749525,0.0,1.0,1.0,1.0,1.0,1.0,0.8571428571428571,0.9642857142857143,0.03571428571428571,rollout_joint,67,175.08064272700176,1250.576019478584,paper_hard_holdoutfit,results/final_2026-05-12/scheme_c_holdout/configs/paper_hard_holdoutfit.yaml
140.0,180.95893758267806,0.15714285714285714,0.15714285714285714,0.15714285714285714,0.15714285714285714,0.15714285714285714,0.7795658750011712,0.2204341249988287,1.2925638398762718,0.547064871116888,0.5401928646569393,-2.6538949689526916,0.0,1.0,1.0,1.0,1.0,1.0,0.7428571428571429,0.95,0.05,periodic,68,13.740695811999103,98.14782722856502,paper_hard_holdoutfit,results/final_2026-05-12/scheme_c_holdout/configs/paper_hard_holdoutfit.yaml
140.0,181.67265822252514,0.037406750877680334,0.037406750877680334,0.12857142857142856,0.11428571428571428,0.12857142857142856,0.7385942840328837,0.26140571596711626,1.2976618444466081,0.42272954464880763,0.4153749520803964,-2.942559496135869,0.0,1.0,1.0,1.0,1.0,1.0,0.85,0.9285714285714286,0.07142857142857142,security_risk,68,13.73248157299895,98.08915409284964,paper_hard_holdoutfit,results/final_2026-05-12/scheme_c_holdout/configs/paper_hard_holdoutfit.yaml
140.0,79.94082772072974,0.15714285714285714,0.15714285714285714,0.18571428571428572,0.17857142857142858,0.18571428571428572,0.30877807211370345,0.6912219278862965,0.5710059122909268,1.3436256919483083,1.331097184984346,-34.41007460867708,0.0,1.0,1.0,1.0,1.0,1.0,0.9785714285714285,0.9642857142857143,0.03571428571428571,security_margin,68,13.61992651500077,97.28518939286265,paper_hard_holdoutfit,results/final_2026-05-12/scheme_c_holdout/configs/paper_hard_holdoutfit.yaml
140.0,201.16238319149446,0.10535714285714286,0.10535714285714286,0.42142857142857143,0.38571428571428573,0.42142857142857143,0.9401925869357647,0.05980741306423532,1.4368741656535318,0.07984576140970552,0.07374919843123201,-2.038765844927823,0.0,1.0,1.0,1.0,1.0,1.0,0.85,0.95,0.05,rollout_joint,68,177.39719982799943,1267.1228559142817,paper_hard_holdoutfit,results/final_2026-05-12/scheme_c_holdout/configs/paper_hard_holdoutfit.yaml
140.0,177.1302941821785,0.15714285714285714,0.15714285714285714,0.15714285714285714,0.1357142857142857,0.15714285714285714,0.7661868286654784,0.2338131713345216,1.2652163870155606,0.48496266139119665,0.4782866569661598,-2.867657269012166,0.0,1.0,1.0,1.0,1.0,1.0,0.7714285714285715,0.95,0.05,periodic,69,13.600507756000297,97.1464839714307,paper_hard_holdoutfit,results/final_2026-05-12/scheme_c_holdout/configs/paper_hard_holdoutfit.yaml
140.0,172.44075835358143,0.04471791984776006,0.04471791984776006,0.15,0.12142857142857143,0.15,0.7242753093073512,0.27572469069264877,1.2317197025255817,0.49820235031791804,0.48944269867855345,-2.971934334178634,0.0,1.0,1.0,1.0,1.0,1.0,0.8214285714285714,0.9428571428571428,0.05714285714285714,security_risk,69,13.778075522997824,98.41482516427017,paper_hard_holdoutfit,results/final_2026-05-12/scheme_c_holdout/configs/paper_hard_holdoutfit.yaml
140.0,68.23361252343949,0.15714285714285714,0.15714285714285714,0.17857142857142858,0.17142857142857143,0.17857142857142858,0.30109865727357843,0.6989013427264216,0.48738294659599635,1.5715168179135548,1.5535525112948385,-22.562874159005514,0.014285714285714285,0.9857142857142858,1.0,1.0,1.0,1.0,0.9571428571428572,0.95,0.05,security_margin,69,13.682514719999745,97.73224799999818,paper_hard_holdoutfit,results/final_2026-05-12/scheme_c_holdout/configs/paper_hard_holdoutfit.yaml
140.0,202.18745920920676,0.10357142857142858,0.10357142857142858,0.4142857142857143,0.38571428571428573,0.4142857142857143,0.9408810844382693,0.05911891556173062,1.4441961372086198,0.08578995867306102,0.07941293086921976,-2.0236086577184738,0.0,1.0,1.0,1.0,1.0,1.0,0.8285714285714286,0.95,0.05,rollout_joint,69,177.8259419740025,1270.1852998143036,paper_hard_holdoutfit,results/final_2026-05-12/scheme_c_holdout/configs/paper_hard_holdoutfit.yaml
140.0,183.7438011627987,0.15714285714285714,0.15714285714285714,0.15714285714285714,0.15,0.15714285714285714,0.798779776574983,0.20122022342501705,1.3124557225914193,0.31481208183581716,0.3041289765256186,-2.807383082353225,0.0,1.0,1.0,1.0,1.0,1.0,0.7142857142857143,0.9428571428571428,0.05714285714285714,periodic,70,13.737455071001023,98.12467907857874,paper_hard_holdoutfit,results/final_2026-05-12/scheme_c_holdout/configs/paper_hard_holdoutfit.yaml
140.0,174.67786527081557,0.039885641621220484,0.039885641621220484,0.1357142857142857,0.12142857142857143,0.1357142857142857,0.7383429938883612,0.2616570061116387,1.2476990376486827,0.4262432974351247,0.4213200986256793,-2.993741656522472,0.0,1.0,1.0,1.0,1.0,1.0,0.8714285714285714,0.9357142857142857,0.06428571428571428,security_risk,70,13.648014675000013,97.48581910714294,paper_hard_holdoutfit,results/final_2026-05-12/scheme_c_holdout/configs/paper_hard_holdoutfit.yaml
140.0,63.768431554086725,0.15714285714285714,0.15714285714285714,0.17857142857142858,0.17857142857142858,0.17857142857142858,0.3137502324113766,0.6862497675886233,0.4554887968149052,1.5608373079835396,1.5453751723143552,-24.399486814221433,0.014285714285714285,0.9857142857142858,0.9714285714285714,0.9714285714285714,0.9714285714285714,0.9714285714285714,0.9714285714285714,1.0,0.0,security_margin,70,13.807109639001283,98.62221170715202,paper_hard_holdoutfit,results/final_2026-05-12/scheme_c_holdout/configs/paper_hard_holdoutfit.yaml
140.0,202.58386010823546,0.10178571428571428,0.10178571428571428,0.40714285714285714,0.38571428571428573,0.40714285714285714,0.9417849382021198,0.05821506179788012,1.4470275722016819,0.0773489559995626,0.06764415912446753,-2.0248321344217417,0.0,1.0,1.0,1.0,1.0,1.0,0.8357142857142857,0.95,0.05,rollout_joint,70,176.86341929799892,1263.3101378428494,paper_hard_holdoutfit,results/final_2026-05-12/scheme_c_holdout/configs/paper_hard_holdoutfit.yaml
140.0,176.11540187516266,0.15714285714285714,0.15714285714285714,0.15714285714285714,0.14285714285714285,0.15714285714285714,0.7639945165723674,0.2360054834276326,1.2579671562511618,0.5685700406647796,0.5600984618824729,-2.737190419782271,0.0,1.0,1.0,1.0,1.0,1.0,0.7785714285714286,0.95,0.05,periodic,71,13.616275164997205,97.2591083214086,paper_hard_holdoutfit,results/final_2026-05-12/scheme_c_holdout/configs/paper_hard_holdoutfit.yaml
140.0,181.47884707407434,0.0389632392280845,0.0389632392280845,0.1357142857142857,0.11428571428571428,0.1357142857142857,0.7503459225364993,0.2496540774635006,1.296277479100531,0.34287722526266745,0.33663201159721157,-2.9787973190435273,0.0,1.0,1.0,1.0,1.0,1.0,0.85,0.95,0.05,security_risk,71,13.704051331998926,97.88608094284947,paper_hard_holdoutfit,results/final_2026-05-12/scheme_c_holdout/configs/paper_hard_holdoutfit.yaml
140.0,59.63262758478662,0.15714285714285714,0.15714285714285714,0.16428571428571428,0.1357142857142857,0.16428571428571428,0.2899137049290458,0.7100862950709542,0.425947339891333,1.5959658563241728,1.5679573533434654,-23.317146257475972,0.0,1.0,1.0,1.0,1.0,1.0,0.95,0.9714285714285714,0.02857142857142857,security_margin,71,13.717436713999632,97.98169081428308,paper_hard_holdoutfit,results/final_2026-05-12/scheme_c_holdout/configs/paper_hard_holdoutfit.yaml
140.0,200.0272435159637,0.10178571428571428,0.10178571428571428,0.40714285714285714,0.38571428571428573,0.40714285714285714,0.9396727144900564,0.060327285509943755,1.4287660251140264,0.09244565277086407,0.08490686790917959,-2.0285179046280875,0.0,1.0,1.0,1.0,1.0,1.0,0.8857142857142857,0.9571428571428572,0.04285714285714286,rollout_joint,71,177.62343150600282,1268.7387964714487,paper_hard_holdoutfit,results/final_2026-05-12/scheme_c_holdout/configs/paper_hard_holdoutfit.yaml
140.0,179.07150693711915,0.15714285714285714,0.15714285714285714,0.15714285714285714,0.15,0.15714285714285714,0.765662753533037,0.23433724646696297,1.279082192407994,0.5824806371180524,0.5707413338255277,-2.69068470020708,0.0,1.0,1.0,1.0,1.0,1.0,0.7428571428571429,0.95,0.05,periodic,72,13.712611220998951,97.94722300713536,paper_hard_holdoutfit,results/final_2026-05-12/scheme_c_holdout/configs/paper_hard_holdoutfit.yaml
140.0,177.75692295714558,0.039660342661703964,0.039660342661703964,0.1357142857142857,0.12142857142857143,0.1357142857142857,0.7373997122821905,0.26260028771780963,1.269692306836754,0.4210525880851461,0.41668338430970714,-2.960583901116579,0.0,1.0,1.0,1.0,1.0,1.0,0.8857142857142857,0.95,0.05,security_risk,72,13.573477777001244,96.95341269286602,paper_hard_holdoutfit,results/final_2026-05-12/scheme_c_holdout/configs/paper_hard_holdoutfit.yaml
140.0,72.18890801120196,0.15714285714285714,0.15714285714285714,0.17857142857142858,0.17142857142857143,0.17857142857142858,0.2934617088460221,0.7065382911539779,0.5156350572228712,1.4187745603618034,1.4084812865716465,-32.15782027646603,0.0,1.0,0.9857142857142858,0.9857142857142858,0.9857142857142858,0.9857142857142858,0.9785714285714285,0.9642857142857143,0.03571428571428571,security_margin,72,13.747674146001373,98.19767247143838,paper_hard_holdoutfit,results/final_2026-05-12/scheme_c_holdout/configs/paper_hard_holdoutfit.yaml
140.0,199.98113068453068,0.10714285714285714,0.10714285714285714,0.42857142857142855,0.37142857142857144,0.42857142857142855,0.9371012696738427,0.06289873032615738,1.4284366477466477,0.09166707019558269,0.08517874936444936,-2.0527699515218796,0.0,1.0,1.0,1.0,1.0,1.0,0.85,0.95,0.05,rollout_joint,72,175.04657421600132,1250.332672971438,paper_hard_holdoutfit,results/final_2026-05-12/scheme_c_holdout/configs/paper_hard_holdoutfit.yaml
140.0,176.5991779189215,0.15714285714285714,0.15714285714285714,0.15714285714285714,0.14285714285714285,0.15714285714285714,0.7835232799763016,0.21647672002369847,1.261422699420868,0.4660701909376644,0.4600209601910592,-2.8220573759358127,0.0,1.0,1.0,1.0,1.0,1.0,0.8357142857142857,0.9642857142857143,0.03571428571428571,periodic,73,13.73579624100239,98.11283029287422,paper_hard_holdoutfit,results/final_2026-05-12/scheme_c_holdout/configs/paper_hard_holdoutfit.yaml
140.0,179.18728598614,0.036761549571449836,0.036761549571449836,0.12857142857142856,0.12857142857142856,0.12857142857142856,0.7472659775649175,0.2527340224350825,1.2799091856152858,0.40335137250568054,0.4020391854304501,-2.9265538566888374,0.0,1.0,1.0,1.0,1.0,1.0,0.9285714285714286,0.95,0.05,security_risk,73,13.685728751999704,97.75520537142646,paper_hard_holdoutfit,results/final_2026-05-12/scheme_c_holdout/configs/paper_hard_holdoutfit.yaml
140.0,74.63070506892682,0.15714285714285714,0.15714285714285714,0.17857142857142858,0.16428571428571428,0.17857142857142858,0.3069656333179376,0.6930343666820625,0.5330764647780487,1.3807175445726436,1.3684044907830957,-32.75515267496088,0.0,1.0,1.0,1.0,1.0,1.0,0.9785714285714285,0.9857142857142858,0.014285714285714285,security_margin,73,13.840357369997946,98.85969549998534,paper_hard_holdoutfit,results/final_2026-05-12/scheme_c_holdout/configs/paper_hard_holdoutfit.yaml
140.0,200.97272636855996,0.10357142857142858,0.10357142857142858,0.4142857142857143,0.39285714285714285,0.4142857142857143,0.9403815817184308,0.05961841828156928,1.4355194740611426,0.0865180291647473,0.07819178820093038,-2.0264065608833466,0.0,1.0,1.0,1.0,1.0,1.0,0.8714285714285714,0.9571428571428572,0.04285714285714286,rollout_joint,73,179.96147036600087,1285.4390740428632,paper_hard_holdoutfit,results/final_2026-05-12/scheme_c_holdout/configs/paper_hard_holdoutfit.yaml
140.0,183.07946653718608,0.15714285714285714,0.15714285714285714,0.15714285714285714,0.14285714285714285,0.15714285714285714,0.7819198676664192,0.21808013233358078,1.3077104752656148,0.4278348154192775,0.4181146734370233,-2.8108987148562625,0.0,1.0,1.0,1.0,1.0,1.0,0.7214285714285714,0.9428571428571428,0.05714285714285714,periodic,74,13.694300920000387,97.8164351428599,paper_hard_holdoutfit,results/final_2026-05-12/scheme_c_holdout/configs/paper_hard_holdoutfit.yaml
140.0,181.488893907403,0.039158917112079306,0.039158917112079306,0.1357142857142857,0.12142857142857143,0.1357142857142857,0.7473052022607665,0.25269479773923353,1.2963492421957357,0.38876984529659897,0.3810954812170671,-2.909211985118799,0.0,1.0,1.0,1.0,1.0,1.0,0.8428571428571429,0.9428571428571428,0.05714285714285714,security_risk,74,13.612329667997983,97.23092619998559,paper_hard_holdoutfit,results/final_2026-05-12/scheme_c_holdout/configs/paper_hard_holdoutfit.yaml
140.0,64.89192300945327,0.1554331708779538,0.1554331708779538,0.17142857142857143,0.15,0.17142857142857143,0.2879693886657804,0.7120306113342196,0.46351373578180904,1.5198472107219911,1.4954245909730595,-26.894470459263378,0.0,1.0,1.0,1.0,1.0,1.0,0.9642857142857143,0.95,0.05,security_margin,74,13.635786558999826,97.39847542142732,paper_hard_holdoutfit,results/final_2026-05-12/scheme_c_holdout/configs/paper_hard_holdoutfit.yaml
140.0,202.39367339746263,0.10535714285714286,0.10535714285714286,0.42142857142857143,0.37142857142857144,0.42142857142857143,0.9377212487310396,0.06227875126896052,1.4456690956961618,0.08835923390418886,0.08031392481287744,-2.027475073479434,0.0,1.0,1.0,1.0,1.0,1.0,0.8428571428571429,0.9357142857142857,0.06428571428571428,rollout_joint,74,175.4617732229999,1253.2983801642852,paper_hard_holdoutfit,results/final_2026-05-12/scheme_c_holdout/configs/paper_hard_holdoutfit.yaml
140.0,180.88731995631258,0.15714285714285714,0.15714285714285714,0.15714285714285714,0.15714285714285714,0.15714285714285714,0.7918882927357962,0.20811170726420378,1.2920522854022327,0.46732822074620567,0.4580764297086329,-2.710080452881345,0.0,1.0,1.0,1.0,1.0,1.0,0.8,0.95,0.05,periodic,75,13.700734213001851,97.86238723572751,paper_hard_holdoutfit,results/final_2026-05-12/scheme_c_holdout/configs/paper_hard_holdoutfit.yaml
140.0,163.0519553964996,0.039401498147201466,0.039401498147201466,0.1357142857142857,0.11428571428571428,0.1357142857142857,0.7293292977362995,0.2706707022637006,1.1646568242607114,0.5721942171381108,0.5658490560965768,-2.9209705958848797,0.0,1.0,1.0,1.0,1.0,1.0,0.8642857142857143,0.95,0.05,security_risk,75,13.790204635999544,98.50146168571102,paper_hard_holdoutfit,results/final_2026-05-12/scheme_c_holdout/configs/paper_hard_holdoutfit.yaml
140.0,74.23087270679721,0.15714285714285714,0.15714285714285714,0.17857142857142858,0.14285714285714285,0.17857142857142858,0.3045017563807279,0.6954982436192721,0.5302205193342658,1.5319041312097967,1.5117088329444346,-16.338936180171217,0.014285714285714285,0.9857142857142858,0.9928571428571429,0.9928571428571429,0.9928571428571429,0.9928571428571429,0.9071428571428571,0.9714285714285714,0.02857142857142857,security_margin,75,13.723624272999587,98.02588766428276,paper_hard_holdoutfit,results/final_2026-05-12/scheme_c_holdout/configs/paper_hard_holdoutfit.yaml
140.0,202.31113852413918,0.10357142857142858,0.10357142857142858,0.4142857142857143,0.37857142857142856,0.4142857142857143,0.9389660608427213,0.06103393915727868,1.4450795608867084,0.08351981124332673,0.07564822401304724,-2.027012137348689,0.0,1.0,1.0,1.0,1.0,1.0,0.85,0.95,0.05,rollout_joint,75,175.13187411099716,1250.941957935694,paper_hard_holdoutfit,results/final_2026-05-12/scheme_c_holdout/configs/paper_hard_holdoutfit.yaml
140.0,181.14829566935833,0.15714285714285714,0.15714285714285714,0.15714285714285714,0.15,0.15714285714285714,0.781731841847224,0.21826815815277603,1.2939163976382737,0.4933596774157927,0.4753954068868266,-2.7411489665871946,0.0,1.0,1.0,1.0,1.0,1.0,0.7642857142857142,0.95,0.05,periodic,76,13.748359782002808,98.20256987144863,paper_hard_holdoutfit,results/final_2026-05-12/scheme_c_holdout/configs/paper_hard_holdoutfit.yaml
140.0,146.16833036593343,0.03761509362353128,0.03761509362353128,0.12857142857142856,0.12142857142857143,0.12857142857142856,0.7149338944969161,0.28506610550308387,1.0440595026138102,0.8277213520233291,0.8223068986359738,-2.7590400260627526,0.0,1.0,1.0,1.0,1.0,1.0,0.85,0.9428571428571428,0.05714285714285714,security_risk,76,13.656014159001643,97.54295827858316,paper_hard_holdoutfit,results/final_2026-05-12/scheme_c_holdout/configs/paper_hard_holdoutfit.yaml
140.0,78.34016070970361,0.15714285714285714,0.15714285714285714,0.2,0.19285714285714287,0.2,0.31262306228220105,0.687376937717799,0.559572576497883,1.42755823649672,1.4170107355213213,-30.610439770828926,0.0,1.0,0.9642857142857143,0.9642857142857143,0.9642857142857143,0.9642857142857143,0.9714285714285714,0.95,0.05,security_margin,76,13.762221981000039,98.3015855785717,paper_hard_holdoutfit,results/final_2026-05-12/scheme_c_holdout/configs/paper_hard_holdoutfit.yaml
140.0,204.96562372695115,0.1,0.1,0.4,0.39285714285714285,0.4,0.9420399482810743,0.05796005171892555,1.4640401694782226,0.07876125770811847,0.07065322353186074,-2.0010768584761633,0.0,1.0,1.0,1.0,1.0,1.0,0.8214285714285714,0.9357142857142857,0.06428571428571428,rollout_joint,76,174.44759102700118,1246.054221621437,paper_hard_holdoutfit,results/final_2026-05-12/scheme_c_holdout/configs/paper_hard_holdoutfit.yaml
140.0,177.58582126067807,0.15714285714285714,0.15714285714285714,0.15714285714285714,0.14285714285714285,0.15714285714285714,0.7761135568195723,0.2238864431804277,1.2684701518619863,0.48102035729577913,0.4718177799450818,-2.788470831135119,0.0,1.0,1.0,1.0,1.0,1.0,0.7428571428571429,0.9571428571428572,0.04285714285714286,periodic,77,13.62725935799972,97.33756684285514,paper_hard_holdoutfit,results/final_2026-05-12/scheme_c_holdout/configs/paper_hard_holdoutfit.yaml
140.0,167.1789542535991,0.03822802472916964,0.03822802472916964,0.12857142857142856,0.12142857142857143,0.12857142857142856,0.7364595159717007,0.2635404840282994,1.194135387525708,0.4951235415768172,0.4920689722379452,-2.9606174951121065,0.0,1.0,1.0,1.0,1.0,1.0,0.8428571428571429,0.95,0.05,security_risk,77,13.741075002002617,98.15053572859013,paper_hard_holdoutfit,results/final_2026-05-12/scheme_c_holdout/configs/paper_hard_holdoutfit.yaml
140.0,65.2707604902997,0.15707269543005123,0.15707269543005123,0.17857142857142858,0.17142857142857143,0.17857142857142858,0.3106586325386287,0.6893413674613713,0.4662197177878549,1.5493326662910236,1.5368759949840753,-24.784221181828745,0.007142857142857143,0.9928571428571429,0.9857142857142858,0.9857142857142858,0.9857142857142858,0.9857142857142858,0.9785714285714285,0.9857142857142858,0.014285714285714285,security_margin,77,13.730157633999625,98.07255452856874,paper_hard_holdoutfit,results/final_2026-05-12/scheme_c_holdout/configs/paper_hard_holdoutfit.yaml
140.0,203.00740746175126,0.10357142857142858,0.10357142857142858,0.4142857142857143,0.38571428571428573,0.4142857142857143,0.9407195941662833,0.05928040583371674,1.4500529104410804,0.08531623950765398,0.07891456144124653,-2.0123907246166306,0.0,1.0,1.0,1.0,1.0,1.0,0.8428571428571429,0.95,0.05,rollout_joint,77,172.87083816499944,1234.7917011785673,paper_hard_holdoutfit,results/final_2026-05-12/scheme_c_holdout/configs/paper_hard_holdoutfit.yaml
140.0,175.28062812674244,0.15714285714285714,0.15714285714285714,0.15714285714285714,0.14285714285714285,0.15714285714285714,0.7385538160947404,0.2614461839052596,1.252004486619589,0.6749369514985805,0.6630530371863875,-2.9023531514434615,0.0,1.0,1.0,1.0,1.0,1.0,0.8214285714285714,0.9357142857142857,0.06428571428571428,periodic,78,13.506476743001258,96.47483387858041,paper_hard_holdoutfit,results/final_2026-05-12/scheme_c_holdout/configs/paper_hard_holdoutfit.yaml
140.0,184.44842610817182,0.03894923437042152,0.03894923437042152,0.1357142857142857,0.12857142857142856,0.1357142857142857,0.7452454009309155,0.2547545990690844,1.317488757915513,0.3870428922716331,0.37804363127278884,-2.9118301345939472,0.0,1.0,1.0,1.0,1.0,1.0,0.8571428571428571,0.9285714285714286,0.07142857142857142,security_risk,78,13.588667282001552,97.06190915715395,paper_hard_holdoutfit,results/final_2026-05-12/scheme_c_holdout/configs/paper_hard_holdoutfit.yaml
140.0,65.47905823894942,0.15714285714285714,0.15714285714285714,0.17857142857142858,0.17142857142857143,0.17857142857142858,0.29972164828250886,0.7002783517174913,0.4677075588496387,1.5738451683378794,1.5568566519174791,-23.796179294733808,0.007142857142857143,0.9928571428571429,0.9928571428571429,0.9928571428571429,0.9928571428571429,0.9928571428571429,0.9785714285714285,0.9642857142857143,0.03571428571428571,security_margin,78,13.529495801998564,96.63925572856117,paper_hard_holdoutfit,results/final_2026-05-12/scheme_c_holdout/configs/paper_hard_holdoutfit.yaml
140.0,205.71170290512572,0.10178571428571428,0.10178571428571428,0.40714285714285714,0.39285714285714285,0.40714285714285714,0.942117311749463,0.057882688250536975,1.4693693064651836,0.08060087512509218,0.07119343570675507,-1.9933064192034988,0.0,1.0,1.0,1.0,1.0,1.0,0.8285714285714286,0.9357142857142857,0.06428571428571428,rollout_joint,78,177.08696172500277,1264.9068694643054,paper_hard_holdoutfit,results/final_2026-05-12/scheme_c_holdout/configs/paper_hard_holdoutfit.yaml
140.0,180.70741114680325,0.15714285714285714,0.15714285714285714,0.15714285714285714,0.15,0.15714285714285714,0.7802555742092807,0.21974442579071937,1.290767222477166,0.4687149887179634,0.46104229829679305,-2.789292728944894,0.0,1.0,1.0,1.0,1.0,1.0,0.75,0.95,0.05,periodic,79,13.732902889001707,98.09216349286933,paper_hard_holdoutfit,results/final_2026-05-12/scheme_c_holdout/configs/paper_hard_holdoutfit.yaml
140.0,179.73552485417468,0.037816825111842624,0.037816825111842624,0.12857142857142856,0.12857142857142856,0.12857142857142856,0.7470203381917807,0.2529796618082193,1.2838251775298193,0.39121472924927253,0.3869759659633057,-2.942950495883703,0.0,1.0,1.0,1.0,1.0,1.0,0.85,0.9428571428571428,0.05714285714285714,security_risk,79,13.649915464000514,97.49939617143225,paper_hard_holdoutfit,results/final_2026-05-12/scheme_c_holdout/configs/paper_hard_holdoutfit.yaml
140.0,63.3226908460921,0.15714285714285714,0.15714285714285714,0.17857142857142858,0.16428571428571428,0.17857142857142858,0.3022586669701809,0.6977413330298192,0.4523049346149436,1.5624809570566733,1.5361373519129826,-24.4899274114668,0.0,1.0,1.0,1.0,1.0,1.0,0.9428571428571428,0.9785714285714285,0.02142857142857143,security_margin,79,13.69881942199936,97.84871015713829,paper_hard_holdoutfit,results/final_2026-05-12/scheme_c_holdout/configs/paper_hard_holdoutfit.yaml
140.0,200.06171659473603,0.10178571428571428,0.10178571428571428,0.40714285714285714,0.39285714285714285,0.40714285714285714,0.9403729019176138,0.059627098082386136,1.4290122613909717,0.08584886504760227,0.07633709163173134,-2.0283564011394817,0.0,1.0,1.0,1.0,1.0,1.0,0.8142857142857143,0.95,0.05,rollout_joint,79,178.96141225999963,1278.2958018571403,paper_hard_holdoutfit,results/final_2026-05-12/scheme_c_holdout/configs/paper_hard_holdoutfit.yaml
140.0,177.0912394962348,0.15714285714285714,0.15714285714285714,0.15714285714285714,0.15,0.15714285714285714,0.7663116444398493,0.2336883555601507,1.2649374249731058,0.5997675091314152,0.5923462816348791,-2.6849589433391694,0.0,1.0,1.0,1.0,1.0,1.0,0.7857142857142857,0.95,0.05,periodic,80,13.798387363000074,98.55990973571481,paper_hard_holdoutfit,results/final_2026-05-12/scheme_c_holdout/configs/paper_hard_holdoutfit.yaml
140.0,172.83834892504004,0.04137961864825234,0.04137961864825234,0.14285714285714285,0.12857142857142856,0.14285714285714285,0.7415697627849824,0.25843023721501757,1.2345596351788575,0.43380556877902854,0.4296782492751469,-2.950569134298759,0.0,1.0,1.0,1.0,1.0,1.0,0.8642857142857143,0.95,0.05,security_risk,80,13.749206386000878,98.20861704286342,paper_hard_holdoutfit,results/final_2026-05-12/scheme_c_holdout/configs/paper_hard_holdoutfit.yaml
140.0,74.27896363022099,0.15714285714285714,0.15714285714285714,0.18571428571428572,0.17857142857142858,0.18571428571428572,0.2980239789676578,0.7019760210323422,0.53056402593015,1.4421997404245375,1.4262804411926664,-30.915070913842776,0.0,1.0,0.9785714285714285,0.9785714285714285,0.9785714285714285,0.9785714285714285,0.9714285714285714,0.95,0.05,security_margin,80,13.69630414799758,97.83074391426842,paper_hard_holdoutfit,results/final_2026-05-12/scheme_c_holdout/configs/paper_hard_holdoutfit.yaml
140.0,201.25153289577435,0.10535714285714286,0.10535714285714286,0.42142857142857143,0.36428571428571427,0.42142857142857143,0.9386662089935133,0.0613337910064865,1.4375109492555311,0.08399544001184518,0.0753175293887065,-2.0445579153512545,0.0,1.0,1.0,1.0,1.0,1.0,0.8285714285714286,0.95,0.05,rollout_joint,80,176.759451214999,1262.5675086785643,paper_hard_holdoutfit,results/final_2026-05-12/scheme_c_holdout/configs/paper_hard_holdoutfit.yaml
140.0,177.23942833520388,0.15714285714285714,0.15714285714285714,0.15714285714285714,0.1357142857142857,0.15714285714285714,0.7490612982089785,0.25093870179102146,1.2659959166800276,0.5834320037128816,0.5708872189755135,-2.812065430005487,0.0,1.0,1.0,1.0,1.0,1.0,0.6785714285714286,0.95,0.05,periodic,81,13.875124264999613,99.10803046428295,paper_hard_holdoutfit,results/final_2026-05-12/scheme_c_holdout/configs/paper_hard_holdoutfit.yaml
140.0,182.29913030052887,0.04122954554216333,0.04122954554216333,0.14285714285714285,0.11428571428571428,0.14285714285714285,0.7471513336529049,0.25284866634709524,1.3021366450037777,0.3663142425779023,0.3594390797485208,-2.961079435588361,0.0,1.0,1.0,1.0,1.0,1.0,0.8142857142857143,0.9357142857142857,0.06428571428571428,security_risk,81,13.784020032999251,98.45728594999466,paper_hard_holdoutfit,results/final_2026-05-12/scheme_c_holdout/configs/paper_hard_holdoutfit.yaml
140.0,64.88872982766077,0.15632960651566383,0.15632960651566383,0.17142857142857143,0.14285714285714285,0.17142857142857143,0.29077118067859636,0.7092288193214037,0.46349092734043407,1.5820755868580754,1.553722393991021,-22.5858410864203,0.0,1.0,1.0,1.0,1.0,1.0,0.9214285714285714,0.9428571428571428,0.05714285714285714,security_margin,81,13.718816935001087,97.99154953572204,paper_hard_holdoutfit,results/final_2026-05-12/scheme_c_holdout/configs/paper_hard_holdoutfit.yaml
140.0,202.81898872406654,0.10535714285714286,0.10535714285714286,0.42142857142857143,0.37857142857142856,0.42142857142857143,0.9392662154689625,0.06073378453103747,1.448707062314761,0.08718286241534827,0.07974054957800895,-2.019197253532028,0.0,1.0,1.0,1.0,1.0,1.0,0.8214285714285714,0.95,0.05,rollout_joint,81,180.96887636799875,1292.6348311999911,paper_hard_holdoutfit,results/final_2026-05-12/scheme_c_holdout/configs/paper_hard_holdoutfit.yaml
160.0,169.21042965774498,0.11875,0.11875,0.11875,0.11875,0.11875,0.7190762022882942,0.2809237977117059,1.057565185360906,0.5245240125067177,0.5160330970896936,-2.3712492061820734,0.0625,0.9375,1.0,1.0,1.0,1.0,0.8625,0.65,0.35,periodic,62,15.506156496998301,96.91347810623938,scenario_stress_holdoutfit,results/final_2026-05-12/scheme_c_holdout/configs/scenario_stress_holdoutfit.yaml
160.0,135.79807925385472,0.034917346357061035,0.034917346357061035,0.11875,0.10625,0.11875,0.6726801528065866,0.3273198471934134,0.848737995336592,0.8631805953399707,0.8623750343416093,-1.4596275180992553,0.0375,0.9625,1.0,1.0,1.0,1.0,0.95,0.73125,0.26875,security_risk,62,15.71048101300039,98.19050633125244,scenario_stress_holdoutfit,results/final_2026-05-12/scheme_c_holdout/configs/scenario_stress_holdoutfit.yaml
160.0,104.86819930191054,0.11875,0.11875,0.1625,0.15,0.1625,0.3498048070695304,0.6501951929304697,0.6554262456369409,1.7746031555127733,1.7625915012405926,-19.355567701132014,0.08125,0.91875,0.98125,0.98125,0.98125,0.98125,0.9375,0.79375,0.20625,security_margin,62,15.616088624999975,97.60055390624984,scenario_stress_holdoutfit,results/final_2026-05-12/scheme_c_holdout/configs/scenario_stress_holdoutfit.yaml
160.0,198.85386887539056,0.1109375,0.1109375,0.44375,0.4125,0.44375,0.9314464027502168,0.06855359724978308,1.242836680471191,0.12117523299981806,0.11434234355303641,-0.5768768054100859,0.08125,0.91875,1.0,1.0,1.0,1.0,0.9125,0.43125,0.56875,rollout_joint,62,209.00001266300023,1306.2500791437515,scenario_stress_holdoutfit,results/final_2026-05-12/scheme_c_holdout/configs/scenario_stress_holdoutfit.yaml
160.0,166.62749774209288,0.11875,0.11875,0.11875,0.1125,0.11875,0.7060439951310876,0.29395600486891243,1.0414218608880805,0.5713430548159113,0.5643214060660814,-2.3799943796862277,0.08125,0.91875,1.0,1.0,1.0,1.0,0.8375,0.66875,0.33125,periodic,63,15.622616583998024,97.64135364998765,scenario_stress_holdoutfit,results/final_2026-05-12/scheme_c_holdout/configs/scenario_stress_holdoutfit.yaml
160.0,141.2997476102301,0.03394061012617359,0.03394061012617359,0.1125,0.10625,0.1125,0.6687150421980974,0.3312849578019025,0.8831234225639382,0.9134275848800378,0.9065607282822048,-1.4090355762288753,0.04375,0.95625,1.0,1.0,1.0,1.0,0.86875,0.69375,0.30625,security_risk,63,15.67928474600194,97.99552966251213,scenario_stress_holdoutfit,results/final_2026-05-12/scheme_c_holdout/configs/scenario_stress_holdoutfit.yaml
160.0,99.12037686006644,0.11875,0.11875,0.175,0.15625,0.175,0.36424724480410664,0.6357527551958932,0.6195023553754153,1.7442567184179545,1.7306553742557014,-10.829822436978741,0.08125,0.91875,1.0,1.0,1.0,1.0,0.89375,0.7875,0.2125,security_margin,63,15.550393140001688,97.18995712501055,scenario_stress_holdoutfit,results/final_2026-05-12/scheme_c_holdout/configs/scenario_stress_holdoutfit.yaml
160.0,201.85081243343188,0.10625,0.10625,0.425,0.40625,0.425,0.9343678891604303,0.06563211083956957,1.2615675777089492,0.10976567325451754,0.10239804184782655,-0.567621839193049,0.09375,0.90625,1.0,1.0,1.0,1.0,0.88125,0.41875,0.58125,rollout_joint,63,206.67563780000273,1291.722736250017,scenario_stress_holdoutfit,results/final_2026-05-12/scheme_c_holdout/configs/scenario_stress_holdoutfit.yaml
160.0,154.24770586041194,0.11875,0.11875,0.11875,0.1125,0.11875,0.6683597265885319,0.33164027341146796,0.9640481616275747,0.9035739883587743,0.8968406203331082,-2.0760054572501936,0.0625,0.9375,1.0,1.0,1.0,1.0,0.825,0.60625,0.39375,periodic,64,15.66038962300081,97.87743514375506,scenario_stress_holdoutfit,results/final_2026-05-12/scheme_c_holdout/configs/scenario_stress_holdoutfit.yaml
160.0,146.8280631110986,0.03454955093763391,0.03454955093763391,0.1125,0.1,0.1125,0.6840171344827912,0.3159828655172089,0.9176753944443663,0.7653127747933293,0.7626522784222605,-1.527875623054151,0.0375,0.9625,1.0,1.0,1.0,1.0,0.89375,0.6875,0.3125,security_risk,64,15.659184751999419,97.86990469999637,scenario_stress_holdoutfit,results/final_2026-05-12/scheme_c_holdout/configs/scenario_stress_holdoutfit.yaml
160.0,106.69458086720454,0.11875,0.11875,0.1625,0.15,0.1625,0.34584595595138534,0.6541540440486147,0.6668411304200283,1.7608913743018817,1.7471534014795005,-16.628128163050373,0.0875,0.9125,1.0,1.0,1.0,1.0,0.91875,0.7875,0.2125,security_margin,64,15.640573484000925,97.75358427500578,scenario_stress_holdoutfit,results/final_2026-05-12/scheme_c_holdout/configs/scenario_stress_holdoutfit.yaml
160.0,201.71333956223827,0.1078125,0.1078125,0.43125,0.41875,0.43125,0.9364781868918918,0.06352181310810812,1.2607083722639891,0.10266654133044048,0.09604227501902293,-0.5680036805777088,0.0875,0.9125,1.0,1.0,1.0,1.0,0.89375,0.375,0.625,rollout_joint,64,204.2449980800011,1276.5312380000069,scenario_stress_holdoutfit,results/final_2026-05-12/scheme_c_holdout/configs/scenario_stress_holdoutfit.yaml
160.0,151.63739271779014,0.11875,0.11875,0.11875,0.1,0.11875,0.6533253817649645,0.34667461823503565,0.9477337044861883,0.936439523246079,0.9284840542119286,-2.233055348379348,0.075,0.925,1.0,1.0,1.0,1.0,0.8125,0.7125,0.2875,periodic,65,15.453940213999886,96.58712633749929,scenario_stress_holdoutfit,results/final_2026-05-12/scheme_c_holdout/configs/scenario_stress_holdoutfit.yaml
160.0,138.48879603450735,0.033407712355168304,0.033407712355168304,0.1125,0.10625,0.1125,0.6758254402976024,0.3241745597023976,0.8655549752156709,0.8907699299346875,0.8860829176128749,-1.4161948340308435,0.0375,0.9625,1.0,1.0,1.0,1.0,0.9,0.68125,0.31875,security_risk,65,15.49547878500016,96.846742406251,scenario_stress_holdoutfit,results/final_2026-05-12/scheme_c_holdout/configs/scenario_stress_holdoutfit.yaml
160.0,110.98478999914451,0.11875000000000002,0.11875000000000002,0.175,0.16875,0.175,0.36278647754470106,0.6372135224552989,0.6936549374946532,1.7302547810462687,1.7235881953228571,-17.69563476563176,0.0875,0.9125,1.0,1.0,1.0,1.0,0.90625,0.7875,0.2125,security_margin,65,15.651524059001531,97.82202536875957,scenario_stress_holdoutfit,results/final_2026-05-12/scheme_c_holdout/configs/scenario_stress_holdoutfit.yaml
160.0,203.33514379740956,0.1125,0.1125,0.45,0.39375,0.45,0.9318685362982139,0.06813146370178605,1.2708446487338096,0.10729826701312055,0.09844978784938417,-0.578301777310539,0.0875,0.9125,1.0,1.0,1.0,1.0,0.8875,0.4625,0.5375,rollout_joint,65,209.30574705400068,1308.1609190875042,scenario_stress_holdoutfit,results/final_2026-05-12/scheme_c_holdout/configs/scenario_stress_holdoutfit.yaml
160.0,154.65149706077136,0.11875,0.11875,0.11875,0.1125,0.11875,0.6686774958265078,0.3313225041734922,0.966571856629821,0.9005448605348152,0.890988940496255,-2.1443291750829063,0.0625,0.9375,1.0,1.0,1.0,1.0,0.81875,0.64375,0.35625,periodic,66,15.679470382998261,97.99668989373913,scenario_stress_holdoutfit,results/final_2026-05-12/scheme_c_holdout/configs/scenario_stress_holdoutfit.yaml
160.0,136.20935537225267,0.03507662492293995,0.03507662492293995,0.11875,0.10625,0.11875,0.6719573764265058,0.32804262357349423,0.8513084710765793,0.877997707593584,0.8751810096552678,-1.4442264882501405,0.0375,0.9625,1.0,1.0,1.0,1.0,0.91875,0.7125,0.2875,security_risk,66,15.698594741999841,98.116217137499,scenario_stress_holdoutfit,results/final_2026-05-12/scheme_c_holdout/configs/scenario_stress_holdoutfit.yaml
160.0,98.15136410389661,0.11875000000000002,0.11875000000000002,0.16875,0.14375,0.16875,0.32893006797733465,0.6710699320226654,0.6134460256493538,1.9781752530797854,1.9723152484481576,-13.24355053080399,0.0875,0.9125,1.0,1.0,1.0,1.0,0.925,0.79375,0.20625,security_margin,66,15.804666803000146,98.77916751875091,scenario_stress_holdoutfit,results/final_2026-05-12/scheme_c_holdout/configs/scenario_stress_holdoutfit.yaml
160.0,198.9124234433426,0.1078125,0.1078125,0.43125,0.4125,0.43125,0.9353409220071429,0.0646590779928572,1.2432026465208912,0.1096154837515348,0.10237190174057079,-0.5828087821935904,0.0875,0.9125,1.0,1.0,1.0,1.0,0.9,0.4125,0.5875,rollout_joint,66,207.04775041899848,1294.0484401187405,scenario_stress_holdoutfit,results/final_2026-05-12/scheme_c_holdout/configs/scenario_stress_holdoutfit.yaml
160.0,154.977860774485,0.11875,0.11875,0.11875,0.1125,0.11875,0.6739488094302978,0.3260511905697022,0.9686116298405313,0.861906428382442,0.8474958398203694,-2.16531916007145,0.0375,0.9625,1.0,1.0,1.0,1.0,0.78125,0.65625,0.34375,periodic,67,15.600515019999875,97.50321887499922,scenario_stress_holdoutfit,results/final_2026-05-12/scheme_c_holdout/configs/scenario_stress_holdoutfit.yaml
160.0,134.69342962996348,0.03422876373173775,0.03422876373173775,0.1125,0.1125,0.1125,0.6725238340927759,0.32747616590722395,0.8418339351872717,0.9472411731830365,0.9451829549845516,-1.3861411386677205,0.0375,0.9625,1.0,1.0,1.0,1.0,0.925,0.7,0.3,security_risk,67,15.642398222997144,97.76498889373215,scenario_stress_holdoutfit,results/final_2026-05-12/scheme_c_holdout/configs/scenario_stress_holdoutfit.yaml
160.0,76.47297328455377,0.11875,0.11875,0.16875,0.15,0.16875,0.2933256880948497,0.7066743119051504,0.4779560830284611,2.349002197541016,2.338036208882416,-13.918884927221674,0.08125,0.91875,1.0,1.0,1.0,1.0,0.9125,0.7875,0.2125,security_margin,67,15.616662125001312,97.6041382812582,scenario_stress_holdoutfit,results/final_2026-05-12/scheme_c_holdout/configs/scenario_stress_holdoutfit.yaml
160.0,197.9438756058169,0.1109375,0.1109375,0.44375,0.39375,0.44375,0.9348505026795524,0.06514949732044754,1.2371492225363556,0.09798613966440305,0.08688274869196667,-0.6118932416991119,0.0625,0.9375,1.0,1.0,1.0,1.0,0.88125,0.3875,0.6125,rollout_joint,67,207.8441633509974,1299.0260209437338,scenario_stress_holdoutfit,results/final_2026-05-12/scheme_c_holdout/configs/scenario_stress_holdoutfit.yaml
160.0,161.68946924509237,0.11875,0.11875,0.11875,0.10625,0.11875,0.6968770336455867,0.3031229663544132,1.0105591827818272,0.624680839037224,0.6191244978235408,-2.3936597518497273,0.06875,0.93125,1.0,1.0,1.0,1.0,0.85,0.675,0.325,periodic,68,15.628661328999442,97.67913330624651,scenario_stress_holdoutfit,results/final_2026-05-12/scheme_c_holdout/configs/scenario_stress_holdoutfit.yaml
160.0,145.40111640592676,0.042213646177566726,0.042213646177566726,0.13125,0.1125,0.13125,0.6693842201154953,0.3306157798845047,0.9087569775370422,0.8570918249557989,0.8492838236924711,-1.4581995062890254,0.0375,0.9625,1.0,1.0,1.0,1.0,0.8375,0.6625,0.3375,security_risk,68,15.712756490000174,98.20472806250109,scenario_stress_holdoutfit,results/final_2026-05-12/scheme_c_holdout/configs/scenario_stress_holdoutfit.yaml
160.0,104.32782274163493,0.11875,0.11875,0.18125,0.175,0.18125,0.35773344862579026,0.6422665513742098,0.6520488921352183,1.7659135705930684,1.7588665732118867,-15.83180404933841,0.0875,0.9125,1.0,1.0,1.0,1.0,0.9125,0.775,0.225,security_margin,68,15.578819238002325,97.36762023751453,scenario_stress_holdoutfit,results/final_2026-05-12/scheme_c_holdout/configs/scenario_stress_holdoutfit.yaml
160.0,200.98465857233822,0.1109375,0.1109375,0.44375,0.4,0.44375,0.9329278863565029,0.06707211364349705,1.256154116077114,0.1056806877606872,0.09800780539263246,-0.5901813236621363,0.09375,0.90625,1.0,1.0,1.0,1.0,0.8875,0.4125,0.5875,rollout_joint,68,203.1240682159987,1269.525426349992,scenario_stress_holdoutfit,results/final_2026-05-12/scheme_c_holdout/configs/scenario_stress_holdoutfit.yaml
160.0,158.79154673448926,0.11875,0.11875,0.11875,0.10625,0.11875,0.6685636158279971,0.33143638417200305,0.9924471670905579,0.8406529323442775,0.8341394579415852,-2.1551189483305566,0.05625,0.94375,1.0,1.0,1.0,1.0,0.78125,0.6,0.4,periodic,69,15.875924616000702,99.22452885000439,scenario_stress_holdoutfit,results/final_2026-05-12/scheme_c_holdout/configs/scenario_stress_holdoutfit.yaml
160.0,139.50509194827055,0.03588268073711698,0.03588268073711698,0.11875,0.1,0.11875,0.6779665640636915,0.3220334359363085,0.8719068246766909,0.7950316833280783,0.7883480718761715,-1.5264167711318097,0.0375,0.9625,1.0,1.0,1.0,1.0,0.8625,0.7375,0.2625,security_risk,69,17.11087229700206,106.94295185626288,scenario_stress_holdoutfit,results/final_2026-05-12/scheme_c_holdout/configs/scenario_stress_holdoutfit.yaml
160.0,99.43895869804011,0.11875,0.11875,0.175,0.15,0.175,0.34502205208569714,0.6549779479143029,0.6214934918627507,1.8011280861619992,1.7894732284211432,-15.849213168019318,0.075,0.925,1.0,1.0,1.0,1.0,0.9,0.7875,0.2125,security_margin,69,16.180865054000606,101.13040658750378,scenario_stress_holdoutfit,results/final_2026-05-12/scheme_c_holdout/configs/scenario_stress_holdoutfit.yaml
160.0,200.68397300247162,0.1109375,0.1109375,0.44375,0.4,0.44375,0.930155871727996,0.06984412827200401,1.2542748312654477,0.11854023797596787,0.10809981561853106,-0.5843628800402374,0.08125,0.91875,1.0,1.0,1.0,1.0,0.875,0.5,0.5,rollout_joint,69,204.7124473719996,1279.4527960749974,scenario_stress_holdoutfit,results/final_2026-05-12/scheme_c_holdout/configs/scenario_stress_holdoutfit.yaml
160.0,144.53225377025882,0.11875,0.11875,0.11875,0.09375,0.11875,0.636134359748827,0.3638656402511731,0.9033265860641176,0.9446794640322921,0.9354219930284146,-2.24333580271851,0.0625,0.9375,1.0,1.0,1.0,1.0,0.83125,0.7125,0.2875,periodic,70,15.782598914000118,98.64124321250074,scenario_stress_holdoutfit,results/final_2026-05-12/scheme_c_holdout/configs/scenario_stress_holdoutfit.yaml
160.0,155.80009459224374,0.03589942010630366,0.03589942010630366,0.125,0.11875,0.125,0.6990889749547661,0.3009110250452339,0.9737505912015234,0.5899170533361214,0.5856159335471547,-1.5659082261005237,0.03125,0.96875,1.0,1.0,1.0,1.0,0.89375,0.75625,0.24375,security_risk,70,15.822029810999084,98.88768631874427,scenario_stress_holdoutfit,results/final_2026-05-12/scheme_c_holdout/configs/scenario_stress_holdoutfit.yaml
160.0,105.23652798639888,0.11875,0.11875,0.16875,0.1625,0.16875,0.3576217443700603,0.6423782556299398,0.657728299914993,1.7573453891699509,1.7512745449078622,-16.266554297573364,0.0875,0.9125,1.0,1.0,1.0,1.0,0.925,0.79375,0.20625,security_margin,70,15.690315875999659,98.06447422499787,scenario_stress_holdoutfit,results/final_2026-05-12/scheme_c_holdout/configs/scenario_stress_holdoutfit.yaml
160.0,201.60257300526615,0.109375,0.109375,0.4375,0.4,0.4375,0.9358525956472722,0.06414740435272784,1.2600160812829135,0.09727620089099862,0.08987248389209933,-0.5831987056718339,0.09375,0.90625,1.0,1.0,1.0,1.0,0.88125,0.3875,0.6125,rollout_joint,70,209.44119047800268,1309.0074404875168,scenario_stress_holdoutfit,results/final_2026-05-12/scheme_c_holdout/configs/scenario_stress_holdoutfit.yaml
160.0,144.21904955463935,0.11875,0.11875,0.11875,0.1,0.11875,0.6533239245377347,0.3466760754622654,0.901369059716496,0.8597656207899013,0.852954314150699,-2.335500698306099,0.05,0.95,1.0,1.0,1.0,1.0,0.8,0.70625,0.29375,periodic,71,15.70378522199826,98.14865763748912,scenario_stress_holdoutfit,results/final_2026-05-12/scheme_c_holdout/configs/scenario_stress_holdoutfit.yaml
160.0,134.93959263399086,0.03925415272600858,0.03925415272600858,0.125,0.1,0.125,0.6630014459185002,0.33699855408149976,0.8433724539624429,0.9437560130879522,0.9403208948974381,-1.4203661692452645,0.0375,0.9625,1.0,1.0,1.0,1.0,0.8875,0.6875,0.3125,security_risk,71,15.726818168001046,98.29261355000654,scenario_stress_holdoutfit,results/final_2026-05-12/scheme_c_holdout/configs/scenario_stress_holdoutfit.yaml
160.0,97.61753108127118,0.11875,0.11875,0.16875,0.15,0.16875,0.34547961792702586,0.6545203820729741,0.6101095692579449,1.8051784297314448,1.7926051169686477,-14.802001841455802,0.08125,0.91875,1.0,1.0,1.0,1.0,0.89375,0.78125,0.21875,security_margin,71,15.666330292999191,97.91456433124495,scenario_stress_holdoutfit,results/final_2026-05-12/scheme_c_holdout/configs/scenario_stress_holdoutfit.yaml
160.0,199.72730467630475,0.1078125,0.1078125,0.43125,0.40625,0.43125,0.9349029697956951,0.06509703020430492,1.2482956542269048,0.09964681451099011,0.08954659252062432,-0.5938976413968339,0.075,0.925,1.0,1.0,1.0,1.0,0.86875,0.4,0.6,rollout_joint,71,209.14035312099804,1307.1272070062378,scenario_stress_holdoutfit,results/final_2026-05-12/scheme_c_holdout/configs/scenario_stress_holdoutfit.yaml
160.0,159.49755560054945,0.11875,0.11875,0.11875,0.10625,0.11875,0.6839631812681405,0.3160368187318595,0.996859722503434,0.7046287877777382,0.6979958651585956,-2.1764361436269124,0.03125,0.96875,1.0,1.0,1.0,1.0,0.84375,0.6625,0.3375,periodic,72,15.922693947999505,99.51683717499691,scenario_stress_holdoutfit,results/final_2026-05-12/scheme_c_holdout/configs/scenario_stress_holdoutfit.yaml
160.0,135.0220039838301,0.03366075100046244,0.03366075100046244,0.1125,0.1125,0.1125,0.6773520025952136,0.32264799740478634,0.8438875248989381,0.9252946968175284,0.9233042610456069,-1.3900391329749602,0.0375,0.9625,1.0,1.0,1.0,1.0,0.9,0.7,0.3,security_risk,72,15.832911093999428,98.95569433749642,scenario_stress_holdoutfit,results/final_2026-05-12/scheme_c_holdout/configs/scenario_stress_holdoutfit.yaml
160.0,95.39673939764629,0.11875,0.11875,0.18125,0.16875,0.18125,0.3488932517602414,0.6511067482397586,0.5962296212352893,1.812239611888297,1.7988750799125444,-18.54868059803889,0.06875,0.93125,0.99375,0.99375,0.99375,0.99375,0.8875,0.79375,0.20625,security_margin,72,15.82997841299948,98.93736508124675,scenario_stress_holdoutfit,results/final_2026-05-12/scheme_c_holdout/configs/scenario_stress_holdoutfit.yaml
160.0,200.32432909758944,0.109375,0.109375,0.4375,0.4,0.4375,0.9342184224368865,0.06578157756311351,1.252027056859934,0.10847258431248749,0.10029608936317096,-0.5818511501296422,0.075,0.925,1.0,1.0,1.0,1.0,0.86875,0.44375,0.55625,rollout_joint,72,207.33075362399904,1295.817210149994,scenario_stress_holdoutfit,results/final_2026-05-12/scheme_c_holdout/configs/scenario_stress_holdoutfit.yaml
160.0,147.39190148104146,0.11875,0.11875,0.11875,0.10625,0.11875,0.6951269142704684,0.3048730857295317,0.9211993842565092,0.5800685860739458,0.5710724062867409,-2.5971884798830365,0.05625,0.94375,1.0,1.0,1.0,1.0,0.79375,0.65625,0.34375,periodic,73,15.711005559998739,98.19378474999212,scenario_stress_holdoutfit,results/final_2026-05-12/scheme_c_holdout/configs/scenario_stress_holdoutfit.yaml
160.0,134.28065406864357,0.037445793965679576,0.037445793965679576,0.125,0.10625,0.125,0.6620894218812697,0.33791057811873026,0.8392540879290223,0.9486922287644235,0.9468379419245068,-1.404239824651344,0.0375,0.9625,1.0,1.0,1.0,1.0,0.91875,0.68125,0.31875,security_risk,73,15.697178296999482,98.10736435624676,scenario_stress_holdoutfit,results/final_2026-05-12/scheme_c_holdout/configs/scenario_stress_holdoutfit.yaml
160.0,99.77710478223267,0.11874999999999998,0.11874999999999998,0.16875,0.15,0.16875,0.34574256044374907,0.6542574395562509,0.6236069048889542,1.7771449607775565,1.7663646119981031,-16.914543407831847,0.08125,0.91875,1.0,1.0,1.0,1.0,0.8875,0.79375,0.20625,security_margin,73,15.640824513000553,97.75515320625345,scenario_stress_holdoutfit,results/final_2026-05-12/scheme_c_holdout/configs/scenario_stress_holdoutfit.yaml
160.0,198.18515366101602,0.109375,0.109375,0.4375,0.40625,0.4375,0.9343972767854044,0.06560272321459557,1.23865721038135,0.10619538139589786,0.09969298567464273,-0.5955678330062987,0.06875,0.93125,1.0,1.0,1.0,1.0,0.89375,0.4375,0.5625,rollout_joint,73,209.24823258900142,1307.8014536812589,scenario_stress_holdoutfit,results/final_2026-05-12/scheme_c_holdout/configs/scenario_stress_holdoutfit.yaml
160.0,157.02255437668947,0.11875,0.11875,0.11875,0.1125,0.11875,0.6727418869485284,0.3272581130514717,0.9813909648543092,0.872024869101476,0.8608586484013024,-2.103518285263263,0.0625,0.9375,1.0,1.0,1.0,1.0,0.7625,0.56875,0.43125,periodic,74,15.875150210002175,99.2196888125136,scenario_stress_holdoutfit,results/final_2026-05-12/scheme_c_holdout/configs/scenario_stress_holdoutfit.yaml
160.0,139.926331811367,0.03422213862902446,0.03422213862902446,0.1125,0.1,0.1125,0.6719974929865582,0.3280025070134417,0.8745395738210437,0.8516259184706849,0.8487445627552155,-1.47002820361084,0.0375,0.9625,1.0,1.0,1.0,1.0,0.90625,0.725,0.275,security_risk,74,15.896082668001327,99.3505166750083,scenario_stress_holdoutfit,results/final_2026-05-12/scheme_c_holdout/configs/scenario_stress_holdoutfit.yaml
160.0,110.02710000946945,0.11875,0.11875,0.1625,0.1625,0.1625,0.35760795607579465,0.6423920439242055,0.687669375059184,1.7374129576070865,1.7303896839288917,-16.36500810882477,0.09375,0.90625,1.0,1.0,1.0,1.0,0.95,0.79375,0.20625,security_margin,74,15.83881353799734,98.99258461248337,scenario_stress_holdoutfit,results/final_2026-05-12/scheme_c_holdout/configs/scenario_stress_holdoutfit.yaml
160.0,198.81739146746543,0.1125,0.1125,0.45,0.3875,0.45,0.9317589527256314,0.06824104727436868,1.242608696671659,0.11459861137066785,0.10865271579989236,-0.5959705638286588,0.0875,0.9125,1.0,1.0,1.0,1.0,0.91875,0.4875,0.5125,rollout_joint,74,207.3194109060023,1295.7463181625144,scenario_stress_holdoutfit,results/final_2026-05-12/scheme_c_holdout/configs/scenario_stress_holdoutfit.yaml
160.0,141.93087505835098,0.11875,0.11875,0.11875,0.1,0.11875,0.6346291278488093,0.3653708721511907,0.8870679691146937,0.9420059643627428,0.9332159445319492,-2.3987201686118773,0.0625,0.9375,1.0,1.0,1.0,1.0,0.7875,0.6875,0.3125,periodic,75,15.711437255999044,98.19648284999403,scenario_stress_holdoutfit,results/final_2026-05-12/scheme_c_holdout/configs/scenario_stress_holdoutfit.yaml
160.0,133.89769899078183,0.03540146663912382,0.03540146663912382,0.11875,0.10625,0.11875,0.6685387234151978,0.3314612765848023,0.8368606186923865,0.9721326155055244,0.9672211808536091,-1.3912694112037207,0.0375,0.9625,1.0,1.0,1.0,1.0,0.86875,0.69375,0.30625,security_risk,75,15.687439479999739,98.04649674999837,scenario_stress_holdoutfit,results/final_2026-05-12/scheme_c_holdout/configs/scenario_stress_holdoutfit.yaml
160.0,104.42566816021319,0.11875,0.11875,0.1625,0.125,0.1625,0.34417654565180233,0.6558234543481978,0.6526604260013324,1.7788855174403053,1.7721899800328553,-14.450411271798572,0.08125,0.91875,1.0,1.0,1.0,1.0,0.875,0.78125,0.21875,security_margin,75,15.802643145001639,98.76651965626024,scenario_stress_holdoutfit,results/final_2026-05-12/scheme_c_holdout/configs/scenario_stress_holdoutfit.yaml
160.0,200.10856096456996,0.109375,0.109375,0.4375,0.3875,0.4375,0.9326309630172384,0.0673690369827616,1.2506785060285623,0.10829649970442927,0.0992168613282171,-0.5901299605136261,0.08125,0.91875,1.0,1.0,1.0,1.0,0.86875,0.51875,0.48125,rollout_joint,75,206.8025556749999,1292.5159729687493,scenario_stress_holdoutfit,results/final_2026-05-12/scheme_c_holdout/configs/scenario_stress_holdoutfit.yaml
160.0,165.03477503553214,0.11875,0.11875,0.11875,0.10625,0.11875,0.693725504651372,0.306274495348628,1.0314673439720758,0.6685301028318402,0.6660021488961947,-2.2231575884991535,0.075,0.925,1.0,1.0,1.0,1.0,0.86875,0.59375,0.40625,periodic,76,15.72459725799854,98.27873286249087,scenario_stress_holdoutfit,results/final_2026-05-12/scheme_c_holdout/configs/scenario_stress_holdoutfit.yaml
160.0,132.9128227575052,0.03620111795878034,0.03620111795878034,0.11875,0.1125,0.11875,0.6703041939236072,0.3296958060763928,0.8307051422344076,0.9415064405774227,0.936704886204474,-1.3954119702082948,0.0375,0.9625,1.0,1.0,1.0,1.0,0.8875,0.7125,0.2875,security_risk,76,15.678690631997597,97.99181644998498,scenario_stress_holdoutfit,results/final_2026-05-12/scheme_c_holdout/configs/scenario_stress_holdoutfit.yaml
160.0,110.76660739843264,0.11875,0.11875,0.18125,0.16875,0.18125,0.367101122671006,0.6328988773289941,0.692291296240204,1.7199920273238434,1.7120594043563933,-17.705606703052382,0.08125,0.91875,1.0,1.0,1.0,1.0,0.925,0.78125,0.21875,security_margin,76,15.780536488000507,98.62835305000317,scenario_stress_holdoutfit,results/final_2026-05-12/scheme_c_holdout/configs/scenario_stress_holdoutfit.yaml
160.0,202.57859667987935,0.1109375,0.1109375,0.44375,0.4125,0.44375,0.9338565408763003,0.0661434591236998,1.266116229249246,0.10236388984488734,0.09271779857393397,-0.574879695318572,0.1,0.9,1.0,1.0,1.0,1.0,0.88125,0.40625,0.59375,rollout_joint,76,208.58312187000047,1303.644511687503,scenario_stress_holdoutfit,results/final_2026-05-12/scheme_c_holdout/configs/scenario_stress_holdoutfit.yaml
160.0,163.7630707747025,0.11875,0.11875,0.11875,0.1125,0.11875,0.6901032181630843,0.3098967818369158,1.0235191923418907,0.6961853840075829,0.6868804140883313,-2.25569898404166,0.05625,0.94375,1.0,1.0,1.0,1.0,0.80625,0.59375,0.40625,periodic,77,17.051336997999897,106.57085623749936,scenario_stress_holdoutfit,results/final_2026-05-12/scheme_c_holdout/configs/scenario_stress_holdoutfit.yaml
160.0,136.71273123394707,0.03539885036883607,0.03539885036883607,0.11875,0.1125,0.11875,0.6730472793705952,0.32695272062940484,0.8544545702121692,0.9298133833544598,0.9270123300134296,-1.3732155323060193,0.03125,0.96875,1.0,1.0,1.0,1.0,0.88125,0.68125,0.31875,security_risk,77,17.20337357599783,107.52108484998644,scenario_stress_holdoutfit,results/final_2026-05-12/scheme_c_holdout/configs/scenario_stress_holdoutfit.yaml
160.0,109.68280503989621,0.11722452330885813,0.11722452330885813,0.16875,0.16875,0.16875,0.3534057471182802,0.6465942528817199,0.6855175314993514,1.744186521846914,1.7371002794069887,-17.426943476229816,0.0875,0.9125,1.0,1.0,1.0,1.0,0.9375,0.78125,0.21875,security_margin,77,16.89569041699724,105.59806510623275,scenario_stress_holdoutfit,results/final_2026-05-12/scheme_c_holdout/configs/scenario_stress_holdoutfit.yaml
160.0,200.2231257988156,0.1109375,0.1109375,0.44375,0.40625,0.44375,0.9318327598943202,0.06816724010567968,1.2513945362425976,0.11990734015762014,0.1115246503163951,-0.5734525903028309,0.09375,0.90625,1.0,1.0,1.0,1.0,0.9,0.4375,0.5625,rollout_joint,77,212.07830852699772,1325.4894282937357,scenario_stress_holdoutfit,results/final_2026-05-12/scheme_c_holdout/configs/scenario_stress_holdoutfit.yaml
160.0,166.8491644881192,0.11875,0.11875,0.11875,0.11875,0.11875,0.6974038387375661,0.30259616126243394,1.042807278050745,0.7114384282923438,0.7026530123326651,-2.108307449023926,0.0875,0.9125,1.0,1.0,1.0,1.0,0.83125,0.6,0.4,periodic,78,15.802214133000234,98.76383833125146,scenario_stress_holdoutfit,results/final_2026-05-12/scheme_c_holdout/configs/scenario_stress_holdoutfit.yaml
160.0,147.17067987252108,0.034642785766606565,0.034642785766606565,0.11875,0.10625,0.11875,0.6741778854879268,0.3258221145120732,0.9198167492032567,0.8703905399183028,0.8594054534753421,-1.4094581838709004,0.04375,0.95625,1.0,1.0,1.0,1.0,0.84375,0.68125,0.31875,security_risk,78,15.787846733997867,98.67404208748667,scenario_stress_holdoutfit,results/final_2026-05-12/scheme_c_holdout/configs/scenario_stress_holdoutfit.yaml
160.0,112.01599534486107,0.11875,0.11875,0.16875,0.1625,0.16875,0.36159286918667133,0.6384071308133287,0.7000999709053817,1.7278072473264445,1.7213496240063453,-16.403109049455203,0.09375,0.90625,1.0,1.0,1.0,1.0,0.91875,0.775,0.225,security_margin,78,15.90410356099892,99.40064725624325,scenario_stress_holdoutfit,results/final_2026-05-12/scheme_c_holdout/configs/scenario_stress_holdoutfit.yaml
160.0,203.88583350164828,0.1078125,0.1078125,0.43125,0.40625,0.43125,0.9327620587046106,0.06723794129538947,1.2742864593853018,0.10961355577656015,0.10343794268417925,-0.5577569376125107,0.10625,0.89375,1.0,1.0,1.0,1.0,0.90625,0.41875,0.58125,rollout_joint,78,208.9324947540008,1305.828092212505,scenario_stress_holdoutfit,results/final_2026-05-12/scheme_c_holdout/configs/scenario_stress_holdoutfit.yaml
160.0,172.99765591500983,0.11875,0.11875,0.11875,0.1125,0.11875,0.7184137420730361,0.281586257926964,1.0812353494688114,0.5130307595244362,0.5041432986322529,-2.19791668571433,0.06875,0.93125,1.0,1.0,1.0,1.0,0.7875,0.59375,0.40625,periodic,79,15.727533881999989,98.29708676249993,scenario_stress_holdoutfit,results/final_2026-05-12/scheme_c_holdout/configs/scenario_stress_holdoutfit.yaml
160.0,133.96935016399442,0.03627563006974839,0.03627563006974839,0.11875,0.1125,0.11875,0.6688158723438049,0.3311841276561951,0.8373084385249652,0.9384057440279487,0.9361175139018275,-1.3866260240659543,0.0375,0.9625,1.0,1.0,1.0,1.0,0.9,0.70625,0.29375,security_risk,79,15.881820599999628,99.26137874999768,scenario_stress_holdoutfit,results/final_2026-05-12/scheme_c_holdout/configs/scenario_stress_holdoutfit.yaml
160.0,101.02258867969734,0.11825664018210877,0.11825664018210877,0.15625,0.15,0.15625,0.34798293063268587,0.6520170693673142,0.6313911792481084,1.790073063939817,1.7846740120678153,-15.269110703472426,0.09375,0.90625,1.0,1.0,1.0,1.0,0.91875,0.775,0.225,security_margin,79,15.827168542000436,98.91980338750272,scenario_stress_holdoutfit,results/final_2026-05-12/scheme_c_holdout/configs/scenario_stress_holdoutfit.yaml
160.0,201.23047092313413,0.1109375,0.1109375,0.44375,0.3875,0.44375,0.9321145322159037,0.06788546778409625,1.2576904432695883,0.10274746780603054,0.09649126145186382,-0.6012536065345103,0.09375,0.90625,1.0,1.0,1.0,1.0,0.875,0.39375,0.60625,rollout_joint,79,204.4264982249988,1277.6656139062425,scenario_stress_holdoutfit,results/final_2026-05-12/scheme_c_holdout/configs/scenario_stress_holdoutfit.yaml
160.0,165.37472073602652,0.11875,0.11875,0.11875,0.1125,0.11875,0.7067811963559538,0.2932188036440462,1.0335920046001656,0.5881856015034693,0.5743865375772631,-2.1810566900956148,0.05625,0.94375,1.0,1.0,1.0,1.0,0.76875,0.64375,0.35625,periodic,80,15.873251188000722,99.20781992500451,scenario_stress_holdoutfit,results/final_2026-05-12/scheme_c_holdout/configs/scenario_stress_holdoutfit.yaml
160.0,138.88360177307095,0.03346199235783304,0.03346199235783304,0.1125,0.10625,0.1125,0.6739433829707394,0.3260566170292606,0.8680225110816935,0.8928413277338245,0.8916236485712739,-1.4137989903777977,0.0375,0.9625,1.0,1.0,1.0,1.0,0.925,0.6875,0.3125,security_risk,80,15.46281972700308,96.64262329376925,scenario_stress_holdoutfit,results/final_2026-05-12/scheme_c_holdout/configs/scenario_stress_holdoutfit.yaml
160.0,110.02322574277625,0.11875,0.11875,0.1625,0.15,0.1625,0.3521720820679302,0.6478279179320698,0.6876451608923515,1.7492580585063635,1.7428907533959705,-16.447407839051813,0.09375,0.90625,1.0,1.0,1.0,1.0,0.90625,0.775,0.225,security_margin,80,15.486410465000517,96.79006540625323,scenario_stress_holdoutfit,results/final_2026-05-12/scheme_c_holdout/configs/scenario_stress_holdoutfit.yaml
160.0,200.77617121857992,0.1078125,0.1078125,0.43125,0.4125,0.43125,0.9353175628351789,0.06468243716482122,1.2548510701161244,0.10716386970884555,0.10108403720074055,-0.5709595977531676,0.08125,0.91875,1.0,1.0,1.0,1.0,0.9125,0.41875,0.58125,rollout_joint,80,205.63407991400163,1285.2129994625102,scenario_stress_holdoutfit,results/final_2026-05-12/scheme_c_holdout/configs/scenario_stress_holdoutfit.yaml
160.0,153.9536741991277,0.11875,0.11875,0.11875,0.1125,0.11875,0.6704841824284704,0.32951581757152965,0.9622104637445481,0.8891304557187597,0.8830136190793034,-2.2041359540041747,0.06875,0.93125,1.0,1.0,1.0,1.0,0.8375,0.6375,0.3625,periodic,81,15.427187831999618,96.41992394999761,scenario_stress_holdoutfit,results/final_2026-05-12/scheme_c_holdout/configs/scenario_stress_holdoutfit.yaml
160.0,135.82298898533253,0.036918039093469066,0.036918039093469066,0.11875,0.09375,0.11875,0.6562997688947545,0.34370023110524545,0.8488936811583283,0.9643669100553247,0.9586949224844992,-1.4121057141934057,0.0375,0.9625,1.0,1.0,1.0,1.0,0.85625,0.6875,0.3125,security_risk,81,15.5561162160011,97.22572635000688,scenario_stress_holdoutfit,results/final_2026-05-12/scheme_c_holdout/configs/scenario_stress_holdoutfit.yaml
160.0,106.90072821385802,0.11828683634071697,0.11828683634071697,0.1625,0.14375,0.1625,0.3548135116589607,0.6451864883410393,0.6681295513366126,1.7462176914702383,1.7352713247405318,-14.860620793014629,0.0875,0.9125,1.0,1.0,1.0,1.0,0.88125,0.7875,0.2125,security_margin,81,15.531310973001382,97.07069358125864,scenario_stress_holdoutfit,results/final_2026-05-12/scheme_c_holdout/configs/scenario_stress_holdoutfit.yaml
160.0,201.10815508419893,0.1109375,0.1109375,0.44375,0.39375,0.44375,0.933752459168643,0.06624754083135688,1.2569259692762433,0.10559830346469319,0.09989310535924958,-0.5818156759843127,0.08125,0.91875,1.0,1.0,1.0,1.0,0.86875,0.4375,0.5625,rollout_joint,81,205.12822571700235,1282.0514107312647,scenario_stress_holdoutfit,results/final_2026-05-12/scheme_c_holdout/configs/scenario_stress_holdoutfit.yaml
