avg_sync_cost,avg_sync_bandwidth,sync_request_rate,avg_sync_applied,avg_pending_syncs,avg_twin_quality,avg_twin_badness,avg_secrecy_rate,avg_realized_loss,avg_margin_gap,avg_cert_slack,certified_safe_rate,certificate_violation_prob,certificate_cover_rate,prediction_violation_prob,outage_prob,success_prob,method,seed,runtime_sec,runtime_per_slot_ms,scenario,config_path
0.15,0.15,0.15,0.13333333333333333,0.15,0.8752325470547707,0.1247674529452292,1.6372982387105173,0.10707823532762066,0.09474850893513471,-1.757745698928489,0.016666666666666666,0.9833333333333333,1.0,0.75,0.8916666666666667,0.10833333333333334,periodic,62,12.977797707000718,108.14831422500599,paper_base_holdoutfit,results/scheme_c_holdout_2026-04-22/configs/paper_base_holdoutfit.yaml
0.03449052682930328,0.03449052682930328,0.11666666666666667,0.11666666666666667,0.11666666666666667,0.7380753413633286,0.2619246586366713,1.5144559814951786,0.3841917020457645,0.38367853957191955,-2.300046412113424,0.025,0.975,1.0,0.95,0.9,0.1,security_risk,62,12.831657360999998,106.93047800833331,paper_base_holdoutfit,results/scheme_c_holdout_2026-04-22/configs/paper_base_holdoutfit.yaml
0.23333333333333334,0.23333333333333334,0.25,0.23333333333333334,0.25,0.3632042599330357,0.6367957400669643,0.7215685556282605,1.663039721805235,1.6528879143067383,-7.574354403759185,0.05,0.95,0.8333333333333334,0.9166666666666666,0.8916666666666667,0.10833333333333334,security_margin,62,13.16025707800054,109.66880898333784,paper_base_holdoutfit,results/scheme_c_holdout_2026-04-22/configs/paper_base_holdoutfit.yaml
0.0,0.0,0.0,0.0,0.0,0.2038342994928089,0.796165700507191,0.9712042510668591,1.764056227250296,1.7636836051611737,-16.089418715563575,0.0,1.0,1.0,0.9666666666666667,0.9,0.1,rollout_joint,62,19.27354071300033,160.61283927500276,paper_base_holdoutfit,results/scheme_c_holdout_2026-04-22/configs/paper_base_holdoutfit.yaml
0.16458333333333333,0.16458333333333333,0.6583333333333333,0.6083333333333333,0.6583333333333333,0.9063501020519646,0.0936498979480354,1.5820880748507093,0.275740403942342,0.2678847087057433,-1.1211327369265218,0.05,0.95,0.525,0.9,0.9,0.1,risk_adaptive_hybrid_rollout,62,19.5109429489994,162.59119124166168,paper_base_holdoutfit,results/scheme_c_holdout_2026-04-22/configs/paper_base_holdoutfit.yaml
0.15,0.15,0.15,0.125,0.15,0.8515587885590497,0.14844121144095038,1.6453216628622238,0.20390245034416757,0.19572464534155382,-1.752174926654034,0.025,0.975,1.0,0.7666666666666667,0.875,0.125,periodic,63,11.968807604000176,99.74006336666814,paper_base_holdoutfit,results/scheme_c_holdout_2026-04-22/configs/paper_base_holdoutfit.yaml
0.035054764429348094,0.035054764429348094,0.125,0.10833333333333334,0.125,0.7292427214025552,0.27075727859744475,1.5496195796322247,0.4130469951273608,0.40536905429973463,-2.278485884165114,0.025,0.975,1.0,0.8583333333333333,0.875,0.125,security_risk,63,11.957752914999219,99.64794095832683,paper_base_holdoutfit,results/scheme_c_holdout_2026-04-22/configs/paper_base_holdoutfit.yaml
0.23333333333333334,0.23333333333333334,0.25,0.21666666666666667,0.25,0.35406843807868815,0.6459315619213118,0.9175467902068906,1.9123752093894633,1.8954952798952414,-7.333394935419761,0.041666666666666664,0.9583333333333334,0.8416666666666667,0.875,0.8916666666666667,0.10833333333333334,security_margin,63,11.757990679000613,97.98325565833845,paper_base_holdoutfit,results/scheme_c_holdout_2026-04-22/configs/paper_base_holdoutfit.yaml
0.0,0.0,0.0,0.0,0.0,0.2042285618586928,0.7957714381413071,1.0192185230510067,1.7289722859139753,1.7155869598362345,-16.250417721017143,0.0,1.0,1.0,0.825,0.875,0.125,rollout_joint,63,19.166631688000052,159.72193073333378,paper_base_holdoutfit,results/scheme_c_holdout_2026-04-22/configs/paper_base_holdoutfit.yaml
0.16666666666666666,0.16666666666666666,0.6666666666666666,0.6166666666666667,0.6666666666666666,0.9093004895655018,0.09069951043449813,1.5875648750479072,0.17989249238804284,0.16616256936372312,-1.2174384348016967,0.041666666666666664,0.9583333333333334,0.6333333333333333,0.8,0.9,0.1,risk_adaptive_hybrid_rollout,63,20.1563188250002,167.96932354166833,paper_base_holdoutfit,results/scheme_c_holdout_2026-04-22/configs/paper_base_holdoutfit.yaml
0.15,0.15,0.15,0.13333333333333333,0.15,0.8705617718671481,0.12943822813285202,1.6174906790128436,0.1619215263595513,0.15446417130396958,-1.7191728395978687,0.008333333333333333,0.9916666666666667,1.0,0.7916666666666666,0.8916666666666667,0.10833333333333334,periodic,64,12.517883231999804,104.31569359999837,paper_base_holdoutfit,results/scheme_c_holdout_2026-04-22/configs/paper_base_holdoutfit.yaml
0.03624418896395327,0.03624418896395327,0.125,0.1,0.125,0.7258999203596641,0.27410007964033584,1.5282347122591569,0.3842800761710708,0.3822227205667987,-2.3523059033027076,0.025,0.975,1.0,0.8666666666666667,0.8916666666666667,0.10833333333333334,security_risk,64,12.438371541000379,103.65309617500316,paper_base_holdoutfit,results/scheme_c_holdout_2026-04-22/configs/paper_base_holdoutfit.yaml
0.23333333333333334,0.23333333333333334,0.25,0.24166666666666667,0.25,0.36661904058560446,0.6333809594143955,0.7368314514015903,1.6606301413977655,1.6525779674132317,-7.604065158931379,0.05,0.95,0.8083333333333333,0.9416666666666667,0.8916666666666667,0.10833333333333334,security_margin,64,12.221061838000423,101.84218198333686,paper_base_holdoutfit,results/scheme_c_holdout_2026-04-22/configs/paper_base_holdoutfit.yaml
0.0,0.0,0.0,0.0,0.0,0.20619619687228816,0.7938038031277118,1.0007437990448345,1.7355348857836335,1.734150333168766,-16.215114309619146,0.0,1.0,1.0,0.9333333333333333,0.8916666666666667,0.10833333333333334,rollout_joint,64,19.389499636000437,161.57916363333698,paper_base_holdoutfit,results/scheme_c_holdout_2026-04-22/configs/paper_base_holdoutfit.yaml
0.16458333333333333,0.16458333333333333,0.6583333333333333,0.6333333333333333,0.6583333333333333,0.9002397744556919,0.0997602255443081,1.592079655146363,0.2813399300208378,0.26520558263892413,-1.1025627178726576,0.05,0.95,0.575,0.875,0.8916666666666667,0.10833333333333334,risk_adaptive_hybrid_rollout,64,20.693400105000364,172.44500087500305,paper_base_holdoutfit,results/scheme_c_holdout_2026-04-22/configs/paper_base_holdoutfit.yaml
0.15,0.15,0.15,0.13333333333333333,0.15,0.8684964154767879,0.13150358452321212,1.6378201824382548,0.14669425899373528,0.13841207456280544,-1.7181814647961982,0.025,0.975,1.0,0.7083333333333334,0.8833333333333333,0.11666666666666667,periodic,65,12.047878478999337,100.39898732499448,paper_base_holdoutfit,results/scheme_c_holdout_2026-04-22/configs/paper_base_holdoutfit.yaml
0.034032378491979216,0.034032378491979216,0.11666666666666667,0.10833333333333334,0.11666666666666667,0.7356414886359482,0.2643585113640517,1.555195965454782,0.364573316345063,0.35667459726109235,-2.316802295406511,0.008333333333333333,0.9916666666666667,1.0,0.775,0.8833333333333333,0.11666666666666667,security_risk,65,12.611275201000353,105.09396000833628,paper_base_holdoutfit,results/scheme_c_holdout_2026-04-22/configs/paper_base_holdoutfit.yaml
0.23333333333333334,0.23333333333333334,0.26666666666666666,0.25,0.26666666666666666,0.37172446369211504,0.628275536307885,0.7380522105342073,1.657023358698615,1.6486937076295527,-7.334769482344031,0.041666666666666664,0.9583333333333334,0.8083333333333333,0.9,0.8916666666666667,0.10833333333333334,security_margin,65,12.000037140999666,100.00030950833055,paper_base_holdoutfit,results/scheme_c_holdout_2026-04-22/configs/paper_base_holdoutfit.yaml
0.0,0.0,0.0,0.0,0.0,0.20412549188107185,0.795874508118928,0.9926315437070561,1.745368698919865,1.7421703934780486,-16.140974055115176,0.0,1.0,1.0,0.875,0.8833333333333333,0.11666666666666667,rollout_joint,65,19.1950764409994,159.95897034166168,paper_base_holdoutfit,results/scheme_c_holdout_2026-04-22/configs/paper_base_holdoutfit.yaml
0.16458333333333333,0.16458333333333333,0.6583333333333333,0.5833333333333334,0.6583333333333333,0.9115732054516018,0.08842679454839816,1.5936923838676322,0.24448938447783236,0.23703788502255196,-1.1502153431170654,0.05,0.95,0.5833333333333334,0.9083333333333333,0.8916666666666667,0.10833333333333334,risk_adaptive_hybrid_rollout,65,19.544119858999693,162.8676654916641,paper_base_holdoutfit,results/scheme_c_holdout_2026-04-22/configs/paper_base_holdoutfit.yaml
0.15,0.15,0.15,0.13333333333333333,0.15,0.8697063906758802,0.1302936093241197,1.63322230297603,0.16402995429337994,0.15209178048938055,-1.7078204331609925,0.008333333333333333,0.9916666666666667,1.0,0.8,0.8833333333333333,0.11666666666666667,periodic,66,12.744951480999589,106.20792900832991,paper_base_holdoutfit,results/scheme_c_holdout_2026-04-22/configs/paper_base_holdoutfit.yaml
0.036559079865813734,0.036559079865813734,0.125,0.125,0.125,0.7418184264816285,0.2581815735183714,1.5265141616355438,0.37387152758438524,0.37037252020751693,-2.285280391418839,0.025,0.975,0.9916666666666667,0.8916666666666667,0.8916666666666667,0.10833333333333334,security_risk,66,12.896033396000348,107.46694496666957,paper_base_holdoutfit,results/scheme_c_holdout_2026-04-22/configs/paper_base_holdoutfit.yaml
0.23333333333333334,0.23333333333333334,0.24166666666666667,0.23333333333333334,0.24166666666666667,0.35989776444680943,0.6401022355531906,0.7301592372993949,1.6589647370491127,1.6466298683242997,-7.709257702814809,0.05,0.95,0.8416666666666667,0.9083333333333333,0.9,0.1,security_margin,66,11.07975355399958,92.33127961666317,paper_base_holdoutfit,results/scheme_c_holdout_2026-04-22/configs/paper_base_holdoutfit.yaml
0.0,0.0,0.0,0.0,0.0,0.20362780029934058,0.7963721997006594,0.9810414196774008,1.7571933879369486,1.7539443190765014,-16.219438569797273,0.0,1.0,1.0,0.9166666666666666,0.8916666666666667,0.10833333333333334,rollout_joint,66,19.063070287999835,158.8589190666653,paper_base_holdoutfit,results/scheme_c_holdout_2026-04-22/configs/paper_base_holdoutfit.yaml
0.16458333333333333,0.16458333333333333,0.6583333333333333,0.6416666666666667,0.6583333333333333,0.8893939098796056,0.11060609012039446,1.5382897793411274,0.32365568065079287,0.306188628917616,-1.1263648680598588,0.05,0.95,0.5333333333333333,0.8333333333333334,0.9,0.1,risk_adaptive_hybrid_rollout,66,18.54541868600063,154.54515571667193,paper_base_holdoutfit,results/scheme_c_holdout_2026-04-22/configs/paper_base_holdoutfit.yaml
0.15,0.15,0.15,0.13333333333333333,0.15,0.8725299408431534,0.12747005915684662,1.592241788471475,0.12984506658331502,0.12109293579551575,-1.7773328049331327,0.008333333333333333,0.9916666666666667,1.0,0.7333333333333333,0.9083333333333333,0.09166666666666666,periodic,67,11.345931488999668,94.54942907499724,paper_base_holdoutfit,results/scheme_c_holdout_2026-04-22/configs/paper_base_holdoutfit.yaml
0.03861596211702847,0.03861596211702847,0.125,0.11666666666666667,0.125,0.7330295596328877,0.26697044036711215,1.5092463220407122,0.401482147011804,0.3974467527245739,-2.3074165654452856,0.025,0.975,1.0,0.8583333333333333,0.8916666666666667,0.10833333333333334,security_risk,67,11.287142717000279,94.05952264166899,paper_base_holdoutfit,results/scheme_c_holdout_2026-04-22/configs/paper_base_holdoutfit.yaml
0.23333333333333334,0.23333333333333334,0.25,0.24166666666666667,0.25,0.349737531849578,0.650262468150422,0.6955134725112911,1.7004631341357725,1.6870597981908912,-7.881575906412777,0.03333333333333333,0.9666666666666667,0.7916666666666666,0.9333333333333333,0.9083333333333333,0.09166666666666666,security_margin,67,11.321420641999794,94.34517201666495,paper_base_holdoutfit,results/scheme_c_holdout_2026-04-22/configs/paper_base_holdoutfit.yaml
0.0,0.0,0.0,0.0,0.0,0.20413892162000066,0.7958610783799993,0.9683634708500916,1.7699805370831079,1.7663757125226056,-16.08851513513466,0.0,1.0,1.0,0.8916666666666667,0.8916666666666667,0.10833333333333334,rollout_joint,67,18.18239614399954,151.51996786666282,paper_base_holdoutfit,results/scheme_c_holdout_2026-04-22/configs/paper_base_holdoutfit.yaml
0.16458333333333333,0.16458333333333333,0.6583333333333333,0.6166666666666667,0.6583333333333333,0.8768044608181061,0.12319553918189377,1.5258387653502823,0.3241809048568972,0.3108549819885201,-1.2348701794051233,0.05,0.95,0.5583333333333333,0.85,0.9083333333333333,0.09166666666666666,risk_adaptive_hybrid_rollout,67,22.001990789000047,183.34992324166706,paper_base_holdoutfit,results/scheme_c_holdout_2026-04-22/configs/paper_base_holdoutfit.yaml
0.15,0.15,0.15,0.14166666666666666,0.15,0.8874892923132983,0.11251070768670166,1.6487852785401733,0.11766621962189618,0.11065949871118884,-1.6366210028031551,0.016666666666666666,0.9833333333333333,1.0,0.8,0.8833333333333333,0.11666666666666667,periodic,68,12.02890312100044,100.24085934167033,paper_base_holdoutfit,results/scheme_c_holdout_2026-04-22/configs/paper_base_holdoutfit.yaml
0.04032885360017183,0.04032885360017183,0.13333333333333333,0.11666666666666667,0.13333333333333333,0.7273437052651519,0.2726562947348479,1.52362652279378,0.46425047431890415,0.45542506742203487,-2.2481198391097994,0.025,0.975,1.0,0.85,0.8833333333333333,0.11666666666666667,security_risk,68,12.270365078000395,102.25304231666996,paper_base_holdoutfit,results/scheme_c_holdout_2026-04-22/configs/paper_base_holdoutfit.yaml
0.2332226034920612,0.2332226034920612,0.25,0.23333333333333334,0.25,0.37373159255242494,0.6262684074475751,0.7303033793733295,1.6453016720953717,1.6368502419057347,-7.333941919985816,0.058333333333333334,0.9416666666666667,0.8166666666666667,0.9166666666666666,0.9,0.1,security_margin,68,11.770429972999409,98.08691644166174,paper_base_holdoutfit,results/scheme_c_holdout_2026-04-22/configs/paper_base_holdoutfit.yaml
0.0,0.0,0.0,0.0,0.0,0.2061001100346233,0.7938998899653767,1.0143006926011948,1.7312377744049325,1.7204780219530245,-16.208896163223123,0.0,1.0,1.0,0.825,0.875,0.125,rollout_joint,68,18.744699783000215,156.2058315250018,paper_base_holdoutfit,results/scheme_c_holdout_2026-04-22/configs/paper_base_holdoutfit.yaml
0.16458333333333333,0.16458333333333333,0.6583333333333333,0.6166666666666667,0.6583333333333333,0.8793941302049194,0.1206058697950807,1.549726609899824,0.3357543199601994,0.32172863151006,-1.1979866120853075,0.058333333333333334,0.9416666666666667,0.5833333333333334,0.85,0.9,0.1,risk_adaptive_hybrid_rollout,68,20.32290873399961,169.35757278333008,paper_base_holdoutfit,results/scheme_c_holdout_2026-04-22/configs/paper_base_holdoutfit.yaml
0.15,0.15,0.15,0.14166666666666666,0.15,0.8889375888029226,0.11106241119707742,1.6445606440792127,0.10909629911080215,0.10283869742896637,-1.6453359649249066,0.016666666666666666,0.9833333333333333,1.0,0.7666666666666667,0.8833333333333333,0.11666666666666667,periodic,69,12.062711169000067,100.52259307500056,paper_base_holdoutfit,results/scheme_c_holdout_2026-04-22/configs/paper_base_holdoutfit.yaml
0.045363743674107934,0.045363743674107934,0.14166666666666666,0.11666666666666667,0.14166666666666666,0.7072309632279518,0.2927690367720482,1.4614509659620376,0.5178084885947635,0.5065978235722598,-2.3265841413707165,0.025,0.975,1.0,0.7916666666666666,0.8833333333333333,0.11666666666666667,security_risk,69,11.295792173999871,94.13160144999893,paper_base_holdoutfit,results/scheme_c_holdout_2026-04-22/configs/paper_base_holdoutfit.yaml
0.23333333333333334,0.23333333333333334,0.25,0.225,0.25,0.3605195335429014,0.6394804664570987,0.7124741754197289,1.6782793419733468,1.665418747713564,-7.551330592506721,0.05,0.95,0.825,0.9,0.8833333333333333,0.11666666666666667,security_margin,69,11.260735452999143,93.83946210832619,paper_base_holdoutfit,results/scheme_c_holdout_2026-04-22/configs/paper_base_holdoutfit.yaml
0.0,0.0,0.0,0.0,0.0,0.2011265637111764,0.7988734362888236,0.9842527636994056,1.7592188179298296,1.750670386785138,-16.086227784358407,0.0,1.0,1.0,0.8416666666666667,0.8833333333333333,0.11666666666666667,rollout_joint,69,19.396634065999933,161.63861721666612,paper_base_holdoutfit,results/scheme_c_holdout_2026-04-22/configs/paper_base_holdoutfit.yaml
0.16458333333333333,0.16458333333333333,0.6583333333333333,0.6083333333333333,0.6583333333333333,0.9097068439227213,0.09029315607727875,1.6148335498574478,0.20091111230251002,0.19171703035063475,-1.1609467198126076,0.05,0.95,0.5833333333333334,0.9,0.8916666666666667,0.10833333333333334,risk_adaptive_hybrid_rollout,69,19.03350664700065,158.6125553916721,paper_base_holdoutfit,results/scheme_c_holdout_2026-04-22/configs/paper_base_holdoutfit.yaml
0.15,0.15,0.15,0.13333333333333333,0.15,0.8665668741967735,0.13343312580322653,1.6272118328814118,0.17802513271910833,0.1670349362756186,-1.6977373185153113,0.016666666666666666,0.9833333333333333,1.0,0.7916666666666666,0.8833333333333333,0.11666666666666667,periodic,70,11.34301678599968,94.52513988333067,paper_base_holdoutfit,results/scheme_c_holdout_2026-04-22/configs/paper_base_holdoutfit.yaml
0.03689637436348157,0.03689637436348157,0.125,0.1,0.125,0.7056055466572002,0.2943944533427996,1.3048946318825438,0.7035148865260858,0.6945631676174595,-2.2925106229987575,0.025,0.975,1.0,0.7916666666666666,0.8833333333333333,0.11666666666666667,security_risk,70,11.322159956000178,94.35133296666815,paper_base_holdoutfit,results/scheme_c_holdout_2026-04-22/configs/paper_base_holdoutfit.yaml
0.23333333333333334,0.23333333333333334,0.25,0.24166666666666667,0.25,0.3670120960780812,0.6329879039219188,0.9334342745915066,1.9005230530526542,1.8925386955339847,-6.903587199325019,0.058333333333333334,0.9416666666666667,0.7833333333333333,0.925,0.9083333333333333,0.09166666666666666,security_margin,70,11.408396867999727,95.06997389999772,paper_base_holdoutfit,results/scheme_c_holdout_2026-04-22/configs/paper_base_holdoutfit.yaml
0.0,0.0,0.0,0.0,0.0,0.20238021874941794,0.7976197812505819,0.9925947523018552,1.7480956293109464,1.7418652769317622,-16.182241665577234,0.0,1.0,1.0,0.8666666666666667,0.8833333333333333,0.11666666666666667,rollout_joint,70,19.592456378999486,163.27046982499573,paper_base_holdoutfit,results/scheme_c_holdout_2026-04-22/configs/paper_base_holdoutfit.yaml
0.16458333333333333,0.16458333333333333,0.6583333333333333,0.6166666666666667,0.6583333333333333,0.9145134812697893,0.08548651873021071,1.5949187012605668,0.21589770027729807,0.2087771278858925,-1.161477858091653,0.058333333333333334,0.9416666666666667,0.5666666666666667,0.8916666666666667,0.9083333333333333,0.09166666666666666,risk_adaptive_hybrid_rollout,70,20.552421051000238,171.27017542500198,paper_base_holdoutfit,results/scheme_c_holdout_2026-04-22/configs/paper_base_holdoutfit.yaml
0.15,0.15,0.15,0.13333333333333333,0.15,0.8693299562517348,0.13067004374826513,1.618215991012878,0.14094380907149637,0.13239088559144238,-1.7432806945570143,0.016666666666666666,0.9833333333333333,1.0,0.6916666666666667,0.8916666666666667,0.10833333333333334,periodic,71,13.155290059000436,109.62741715833697,paper_base_holdoutfit,results/scheme_c_holdout_2026-04-22/configs/paper_base_holdoutfit.yaml
0.03922544110664669,0.03922544110664669,0.13333333333333333,0.11666666666666667,0.13333333333333333,0.7254171542807833,0.2745828457192167,1.4669809226987875,0.4780886540349875,0.4723697240828883,-2.290081030135474,0.025,0.975,1.0,0.8,0.8833333333333333,0.11666666666666667,security_risk,71,12.657796997999867,105.48164164999889,paper_base_holdoutfit,results/scheme_c_holdout_2026-04-22/configs/paper_base_holdoutfit.yaml
0.23333333333333334,0.23333333333333334,0.24166666666666667,0.225,0.24166666666666667,0.3608783730526247,0.6391216269473753,0.9326918791868384,1.8886264409759685,1.8779392527511893,-7.270208917055294,0.05,0.95,0.825,0.9,0.9083333333333333,0.09166666666666666,security_margin,71,12.019281468000372,100.1606789000031,paper_base_holdoutfit,results/scheme_c_holdout_2026-04-22/configs/paper_base_holdoutfit.yaml
0.0,0.0,0.0,0.0,0.0,0.20761503788721536,0.7923849621127848,0.9933320320776924,1.7449509024104972,1.7411293795464902,-16.191663707136,0.0,1.0,1.0,0.8833333333333333,0.8833333333333333,0.11666666666666667,rollout_joint,71,21.7641281110009,181.36773425834085,paper_base_holdoutfit,results/scheme_c_holdout_2026-04-22/configs/paper_base_holdoutfit.yaml
0.16458333333333333,0.16458333333333333,0.6583333333333333,0.625,0.6583333333333333,0.8913792175275554,0.1086207824724445,1.4669903639072763,0.4191272184191629,0.4149739568845964,-1.1014801317750533,0.05,0.95,0.44166666666666665,0.925,0.9083333333333333,0.09166666666666666,risk_adaptive_hybrid_rollout,71,20.379151315000854,169.82626095834044,paper_base_holdoutfit,results/scheme_c_holdout_2026-04-22/configs/paper_base_holdoutfit.yaml
0.15,0.15,0.15,0.14166666666666666,0.15,0.8858544076510904,0.11414559234890967,1.6240242380166512,0.12298995349932758,0.11166683808436148,-1.660815590646763,0.016666666666666666,0.9833333333333333,1.0,0.7,0.8916666666666667,0.10833333333333334,periodic,72,11.805743924998751,98.38119937498959,paper_base_holdoutfit,results/scheme_c_holdout_2026-04-22/configs/paper_base_holdoutfit.yaml
0.04099230453204572,0.04099230453204572,0.14166666666666666,0.11666666666666667,0.14166666666666666,0.7320974193558732,0.26790258064412675,1.4247587505808563,0.5013136818128747,0.4965240491297426,-2.301433508284266,0.025,0.975,1.0,0.8416666666666667,0.9,0.1,security_risk,72,11.818583939000746,98.48819949167289,paper_base_holdoutfit,results/scheme_c_holdout_2026-04-22/configs/paper_base_holdoutfit.yaml
0.2333333333333333,0.2333333333333333,0.25,0.25,0.25,0.37251999283874154,0.6274800071612585,0.7186721811665165,1.6623615088590824,1.6562994379065572,-7.32794285948013,0.058333333333333334,0.9416666666666667,0.7916666666666666,0.9416666666666667,0.9083333333333333,0.09166666666666666,security_margin,72,11.660252667999885,97.16877223333238,paper_base_holdoutfit,results/scheme_c_holdout_2026-04-22/configs/paper_base_holdoutfit.yaml
0.0,0.0,0.0,0.0,0.0,0.20488210459626294,0.7951178954037369,0.9833380759204938,1.7536424494327443,1.7513929639182744,-16.129913317755513,0.0,1.0,1.0,0.9083333333333333,0.9,0.1,rollout_joint,72,19.067067670999677,158.89223059166397,paper_base_holdoutfit,results/scheme_c_holdout_2026-04-22/configs/paper_base_holdoutfit.yaml
0.16458333333333333,0.16458333333333333,0.6583333333333333,0.6333333333333333,0.6583333333333333,0.8970370220503353,0.1029629779496647,1.5438266212296847,0.30327201392976577,0.2897129154512245,-1.1269806699633238,0.058333333333333334,0.9416666666666667,0.5583333333333333,0.8833333333333333,0.9083333333333333,0.09166666666666666,risk_adaptive_hybrid_rollout,72,18.941296380000495,157.8441365000041,paper_base_holdoutfit,results/scheme_c_holdout_2026-04-22/configs/paper_base_holdoutfit.yaml
0.15,0.15,0.15,0.125,0.15,0.864643937418686,0.1353560625813139,1.59264596808935,0.17400313988082752,0.16959367026732747,-1.7572134058740099,0.008333333333333333,0.9916666666666667,1.0,0.8666666666666667,0.9,0.1,periodic,73,13.217404904000432,110.14504086667027,paper_base_holdoutfit,results/scheme_c_holdout_2026-04-22/configs/paper_base_holdoutfit.yaml
0.036449650542507185,0.036449650542507185,0.125,0.125,0.125,0.7488613939225864,0.2511386060774137,1.535822817612092,0.34222488471111945,0.34088925108619467,-2.2737593307564876,0.025,0.975,1.0,0.8833333333333333,0.9,0.1,security_risk,73,12.456285086000207,103.8023757166684,paper_base_holdoutfit,results/scheme_c_holdout_2026-04-22/configs/paper_base_holdoutfit.yaml
0.23333333333333336,0.23333333333333336,0.25,0.23333333333333334,0.25,0.3697727764024562,0.6302272235975437,0.9790441376318842,1.8287833135902996,1.8152929973037242,-7.143294493875062,0.05,0.95,0.8333333333333334,0.8916666666666667,0.9,0.1,security_margin,73,11.646422853000331,97.05352377500276,paper_base_holdoutfit,results/scheme_c_holdout_2026-04-22/configs/paper_base_holdoutfit.yaml
0.0,0.0,0.0,0.0,0.0,0.20689535434284773,0.7931046456571522,0.9894586674606894,1.7463520744090275,1.7453968502121526,-16.085479912485148,0.0,1.0,1.0,0.9333333333333333,0.8916666666666667,0.10833333333333334,rollout_joint,73,18.40210703500088,153.35089195834067,paper_base_holdoutfit,results/scheme_c_holdout_2026-04-22/configs/paper_base_holdoutfit.yaml
0.16458333333333333,0.16458333333333333,0.6583333333333333,0.6166666666666667,0.6583333333333333,0.9055294630779398,0.09447053692206014,1.5484925876243536,0.2946976662529722,0.2837664548818097,-1.1397031663604669,0.05,0.95,0.5666666666666667,0.8666666666666667,0.9,0.1,risk_adaptive_hybrid_rollout,73,20.052701306000017,167.1058442166668,paper_base_holdoutfit,results/scheme_c_holdout_2026-04-22/configs/paper_base_holdoutfit.yaml
0.15,0.15,0.15,0.14166666666666666,0.15,0.888793091125077,0.11120690887492302,1.6544952455515527,0.1092424338355466,0.09797142842841862,-1.640417733157576,0.016666666666666666,0.9833333333333333,1.0,0.725,0.8833333333333333,0.11666666666666667,periodic,74,11.789183657998365,98.24319714998637,paper_base_holdoutfit,results/scheme_c_holdout_2026-04-22/configs/paper_base_holdoutfit.yaml
0.03825982952178012,0.03825982952178012,0.13333333333333333,0.10833333333333334,0.13333333333333333,0.7350513782136571,0.2649486217863429,1.5511870476883975,0.3724951767302163,0.3681484589603661,-2.3052771309003064,0.025,0.975,1.0,0.875,0.875,0.125,security_risk,74,12.804232890001003,106.70194075000836,paper_base_holdoutfit,results/scheme_c_holdout_2026-04-22/configs/paper_base_holdoutfit.yaml
0.23169451050140336,0.23169451050140336,0.25833333333333336,0.23333333333333334,0.25833333333333336,0.35470002739377915,0.6452999726062209,0.7092557062519412,1.6857867331595264,1.6642178828211749,-7.821409819583883,0.03333333333333333,0.9666666666666667,0.8083333333333333,0.9166666666666666,0.9,0.1,security_margin,74,11.754356797999208,97.95297331666006,paper_base_holdoutfit,results/scheme_c_holdout_2026-04-22/configs/paper_base_holdoutfit.yaml
0.0,0.0,0.0,0.0,0.0,0.20483304137703612,0.7951669586229639,0.9982142830023776,1.7429289498722393,1.7369670962405404,-16.115887841028158,0.0,1.0,1.0,0.8583333333333333,0.8833333333333333,0.11666666666666667,rollout_joint,74,19.009014503999424,158.4084541999952,paper_base_holdoutfit,results/scheme_c_holdout_2026-04-22/configs/paper_base_holdoutfit.yaml
0.16458333333333333,0.16458333333333333,0.6583333333333333,0.6,0.6583333333333333,0.9131226775021946,0.08687732249780546,1.6091748743460463,0.2014351370540555,0.18300245450427877,-1.1841766202028736,0.041666666666666664,0.9583333333333334,0.5583333333333333,0.8083333333333333,0.9,0.1,risk_adaptive_hybrid_rollout,74,19.45950286599873,162.16252388332273,paper_base_holdoutfit,results/scheme_c_holdout_2026-04-22/configs/paper_base_holdoutfit.yaml
0.15,0.15,0.15,0.13333333333333333,0.15,0.8655523617668192,0.13444763823318068,1.6167187156938965,0.16024744818230793,0.14951751695825885,-1.729773340118191,0.008333333333333333,0.9916666666666667,1.0,0.7666666666666667,0.8916666666666667,0.10833333333333334,periodic,75,12.61296835200119,105.10806960000991,paper_base_holdoutfit,results/scheme_c_holdout_2026-04-22/configs/paper_base_holdoutfit.yaml
0.037039276766100616,0.037039276766100616,0.125,0.11666666666666667,0.125,0.7377300266421709,0.26226997335782903,1.5241889938523308,0.3865581407562178,0.38203870004655033,-2.3027402814519227,0.025,0.975,1.0,0.8916666666666667,0.8916666666666667,0.10833333333333334,security_risk,75,12.137813817998904,101.1484484833242,paper_base_holdoutfit,results/scheme_c_holdout_2026-04-22/configs/paper_base_holdoutfit.yaml
0.231890539748696,0.231890539748696,0.25,0.21666666666666667,0.25,0.364587507854968,0.6354124921450318,0.7321837971182342,1.6549650995385412,1.6419827376958136,-7.617801396008779,0.05,0.95,0.8416666666666667,0.875,0.8916666666666667,0.10833333333333334,security_margin,75,11.949080461001358,99.57567050834466,paper_base_holdoutfit,results/scheme_c_holdout_2026-04-22/configs/paper_base_holdoutfit.yaml
0.0,0.0,0.0,0.0,0.0,0.20420182743034065,0.7957981725696593,0.9833352926944876,1.756106303164126,1.7513140008389254,-16.12368928245431,0.0,1.0,1.0,0.8833333333333333,0.8916666666666667,0.10833333333333334,rollout_joint,75,20.567504856000596,171.39587380000498,paper_base_holdoutfit,results/scheme_c_holdout_2026-04-22/configs/paper_base_holdoutfit.yaml
0.16458333333333333,0.16458333333333333,0.6583333333333333,0.6083333333333333,0.6583333333333333,0.9011227520341135,0.09887724796588662,1.5901324062811384,0.2925177936325284,0.28317720417520853,-1.1037081909761841,0.05,0.95,0.5666666666666667,0.875,0.8916666666666667,0.10833333333333334,risk_adaptive_hybrid_rollout,75,19.28976079899985,160.7480066583321,paper_base_holdoutfit,results/scheme_c_holdout_2026-04-22/configs/paper_base_holdoutfit.yaml
0.15,0.15,0.15,0.14166666666666666,0.15,0.888521811731083,0.11147818826891707,1.6693530436055857,0.10887430991945353,0.09864338228285412,-1.627575328781676,0.025,0.975,1.0,0.75,0.875,0.125,periodic,76,12.597996350999892,104.98330292499911,paper_base_holdoutfit,results/scheme_c_holdout_2026-04-22/configs/paper_base_holdoutfit.yaml
0.03359599361233653,0.03359599361233653,0.11666666666666667,0.10833333333333334,0.11666666666666667,0.7280702167260401,0.2719297832739599,1.545908817422741,0.41045314674112426,0.404566991140263,-2.2896901084378762,0.025,0.975,1.0,0.8666666666666667,0.8833333333333333,0.11666666666666667,security_risk,76,11.72627835899948,97.71898632499567,paper_base_holdoutfit,results/scheme_c_holdout_2026-04-22/configs/paper_base_holdoutfit.yaml
0.23333333333333334,0.23333333333333334,0.25833333333333336,0.25833333333333336,0.25833333333333336,0.3807583178940771,0.6192416821059228,0.7628636334842368,1.638908953401644,1.6329048688954857,-7.150518287719433,0.058333333333333334,0.9416666666666667,0.775,0.9416666666666667,0.8833333333333333,0.11666666666666667,security_margin,76,12.219455504999132,101.82879587499276,paper_base_holdoutfit,results/scheme_c_holdout_2026-04-22/configs/paper_base_holdoutfit.yaml
0.0,0.0,0.0,0.0,0.0,0.20242688403346426,0.7975731159665358,0.9939596325889951,1.748565550777118,1.7409742915917588,-16.068566781023115,0.0,1.0,1.0,0.8666666666666667,0.8833333333333333,0.11666666666666667,rollout_joint,76,19.919378186001268,165.99481821667723,paper_base_holdoutfit,results/scheme_c_holdout_2026-04-22/configs/paper_base_holdoutfit.yaml
0.16458333333333333,0.16458333333333333,0.6583333333333333,0.6333333333333333,0.6583333333333333,0.9004437874214771,0.09955621257852282,1.5850575524807178,0.32484475238589156,0.31824687266925916,-1.057949134115045,0.058333333333333334,0.9416666666666667,0.525,0.925,0.8833333333333333,0.11666666666666667,risk_adaptive_hybrid_rollout,76,18.895810443998926,157.46508703332438,paper_base_holdoutfit,results/scheme_c_holdout_2026-04-22/configs/paper_base_holdoutfit.yaml
0.15,0.15,0.15,0.11666666666666667,0.15,0.8380662573881906,0.16193374261180932,1.5870196233525826,0.20414023307059626,0.19508172269571536,-1.9052266653181325,0.016666666666666666,0.9833333333333333,1.0,0.725,0.9,0.1,periodic,77,11.424869464999574,95.20724554166311,paper_base_holdoutfit,results/scheme_c_holdout_2026-04-22/configs/paper_base_holdoutfit.yaml
0.040668557447138744,0.040668557447138744,0.14166666666666666,0.10833333333333334,0.14166666666666666,0.7247836153868493,0.2752163846131507,1.5133840059333152,0.4192945259316506,0.41600972784161,-2.306230611676605,0.008333333333333333,0.9916666666666667,1.0,0.875,0.9,0.1,security_risk,77,12.433725054001115,103.61437545000929,paper_base_holdoutfit,results/scheme_c_holdout_2026-04-22/configs/paper_base_holdoutfit.yaml
0.23333333333333334,0.23333333333333334,0.25,0.25,0.25,0.373761174540241,0.6262388254597592,0.7184490972312209,1.665125646079841,1.6597893955260699,-7.407191169409211,0.058333333333333334,0.9416666666666667,0.7833333333333333,0.95,0.9,0.1,security_margin,77,13.216557010000543,110.13797508333785,paper_base_holdoutfit,results/scheme_c_holdout_2026-04-22/configs/paper_base_holdoutfit.yaml
0.0,0.0,0.0,0.0,0.0,0.20576749568056799,0.794232504319432,0.9807318697231717,1.7570800785937675,1.7540831196459583,-16.138970579114236,0.0,1.0,1.0,0.9,0.9,0.1,rollout_joint,77,18.650039723999726,155.41699769999772,paper_base_holdoutfit,results/scheme_c_holdout_2026-04-22/configs/paper_base_holdoutfit.yaml
0.16458333333333333,0.16458333333333333,0.6583333333333333,0.6166666666666667,0.6583333333333333,0.9187468416617139,0.08125315833828604,1.599064310892245,0.18706340735700122,0.1782070040112495,-1.18603156584499,0.058333333333333334,0.9416666666666667,0.6333333333333333,0.8583333333333333,0.9,0.1,risk_adaptive_hybrid_rollout,77,19.817911734999143,165.1492644583262,paper_base_holdoutfit,results/scheme_c_holdout_2026-04-22/configs/paper_base_holdoutfit.yaml
0.15,0.15,0.15,0.14166666666666666,0.15,0.8880293041028834,0.11197069589711657,1.6678932013121868,0.11965638395519688,0.10845276141191519,-1.6169437151206045,0.025,0.975,1.0,0.7833333333333333,0.875,0.125,periodic,78,13.314004494999608,110.95003745833007,paper_base_holdoutfit,results/scheme_c_holdout_2026-04-22/configs/paper_base_holdoutfit.yaml
0.03945308235886273,0.03945308235886273,0.13333333333333333,0.10833333333333334,0.13333333333333333,0.7324653077562525,0.26753469224374743,1.5410209246030002,0.40256317357805027,0.3939139875000831,-2.2956029380885994,0.025,0.975,1.0,0.85,0.875,0.125,security_risk,78,12.672435648000828,105.6036304000069,paper_base_holdoutfit,results/scheme_c_holdout_2026-04-22/configs/paper_base_holdoutfit.yaml
0.2333333333333333,0.2333333333333333,0.26666666666666666,0.25833333333333336,0.26666666666666666,0.3817897353670451,0.6182102646329549,0.7708395094933425,1.6298145882134336,1.623187265449298,-7.192493497693193,0.05,0.95,0.7666666666666667,0.9583333333333334,0.8916666666666667,0.10833333333333334,security_margin,78,12.075816964001206,100.63180803334338,paper_base_holdoutfit,results/scheme_c_holdout_2026-04-22/configs/paper_base_holdoutfit.yaml
0.0,0.0,0.0,0.0,0.0,0.20516956418322913,0.7948304358167708,1.0216698887795048,1.7249402010290567,1.7128437864772408,-16.19809284177357,0.0,1.0,1.0,0.85,0.875,0.125,rollout_joint,78,19.67436646999886,163.95305391665715,paper_base_holdoutfit,results/scheme_c_holdout_2026-04-22/configs/paper_base_holdoutfit.yaml
0.16458333333333333,0.16458333333333333,0.6583333333333333,0.6166666666666667,0.6583333333333333,0.8995807725722195,0.10041922742778049,1.5850463193601192,0.3079695203516863,0.30165673384132885,-1.0803760740363575,0.05,0.95,0.5083333333333333,0.9416666666666667,0.8916666666666667,0.10833333333333334,risk_adaptive_hybrid_rollout,78,20.5866796420014,171.555663683345,paper_base_holdoutfit,results/scheme_c_holdout_2026-04-22/configs/paper_base_holdoutfit.yaml
0.15,0.15,0.15,0.14166666666666666,0.15,0.8852413350768337,0.11475866492316646,1.6456102941894437,0.12328791875357835,0.11343734656091221,-1.6364550995783957,0.025,0.975,1.0,0.75,0.8833333333333333,0.11666666666666667,periodic,79,12.041277571001046,100.34397975834206,paper_base_holdoutfit,results/scheme_c_holdout_2026-04-22/configs/paper_base_holdoutfit.yaml
0.036991562374674165,0.036991562374674165,0.125,0.11666666666666667,0.125,0.7417955227383483,0.2582044772616517,1.5348897259975032,0.37589494690475056,0.37301734541328363,-2.3078616636760625,0.025,0.975,1.0,0.8916666666666667,0.8833333333333333,0.11666666666666667,security_risk,79,11.556449566000083,96.30374638333403,paper_base_holdoutfit,results/scheme_c_holdout_2026-04-22/configs/paper_base_holdoutfit.yaml
0.23333333333333334,0.23333333333333334,0.25,0.225,0.25,0.36882619844672127,0.6311738015532788,0.9831603420628565,1.8527115231681217,1.8427105066362193,-6.8670665786395055,0.058333333333333334,0.9416666666666667,0.8083333333333333,0.9083333333333333,0.9,0.1,security_margin,79,13.048826488000486,108.74022073333738,paper_base_holdoutfit,results/scheme_c_holdout_2026-04-22/configs/paper_base_holdoutfit.yaml
0.0,0.0,0.0,0.0,0.0,0.2053615475977823,0.7946384524022178,0.9938922842282404,1.74434673481153,1.7410248143810052,-16.162801081492447,0.0,1.0,1.0,0.8583333333333333,0.8833333333333333,0.11666666666666667,rollout_joint,79,18.867950032999943,157.2329169416662,paper_base_holdoutfit,results/scheme_c_holdout_2026-04-22/configs/paper_base_holdoutfit.yaml
0.16458333333333333,0.16458333333333333,0.6583333333333333,0.6166666666666667,0.6583333333333333,0.9149108516731533,0.08508914832684678,1.6016065437417497,0.2117626480998158,0.2012233316050026,-1.1640310340157012,0.058333333333333334,0.9416666666666667,0.575,0.85,0.9,0.1,risk_adaptive_hybrid_rollout,79,19.080294186000174,159.00245155000144,paper_base_holdoutfit,results/scheme_c_holdout_2026-04-22/configs/paper_base_holdoutfit.yaml
0.15,0.15,0.15,0.14166666666666666,0.15,0.883105095736011,0.11689490426398898,1.6314965111291575,0.13301355419711391,0.1261217708827628,-1.6403127816475969,0.016666666666666666,0.9833333333333333,1.0,0.6916666666666667,0.8916666666666667,0.10833333333333334,periodic,80,11.95743841500007,99.64532012500058,paper_base_holdoutfit,results/scheme_c_holdout_2026-04-22/configs/paper_base_holdoutfit.yaml
0.03369443417492273,0.03369443417492273,0.11666666666666667,0.11666666666666667,0.11666666666666667,0.7442194781875664,0.2557805218124336,1.5312505171509243,0.372372698357295,0.3703609867111293,-2.236255736411746,0.008333333333333333,0.9916666666666667,1.0,0.8916666666666667,0.8916666666666667,0.10833333333333334,security_risk,80,11.822644486999707,98.52203739166423,paper_base_holdoutfit,results/scheme_c_holdout_2026-04-22/configs/paper_base_holdoutfit.yaml
0.23241679819384248,0.23241679819384248,0.25,0.24166666666666667,0.25,0.38041958438799506,0.6195804156120049,1.0088397431047968,1.804443835398686,1.7959009459682462,-6.95499819440776,0.058333333333333334,0.9416666666666667,0.8333333333333334,0.9083333333333333,0.8916666666666667,0.10833333333333334,security_margin,80,12.989894802998606,108.24912335832171,paper_base_holdoutfit,results/scheme_c_holdout_2026-04-22/configs/paper_base_holdoutfit.yaml
0.0,0.0,0.0,0.0,0.0,0.20589276409269672,0.7941072359073031,0.9938307729062561,1.7438526501948632,1.7409709846319195,-16.1713999010023,0.0,1.0,1.0,0.8833333333333333,0.8916666666666667,0.10833333333333334,rollout_joint,80,19.29924918299912,160.82707652499266,paper_base_holdoutfit,results/scheme_c_holdout_2026-04-22/configs/paper_base_holdoutfit.yaml
0.16458333333333333,0.16458333333333333,0.6583333333333333,0.6416666666666667,0.6583333333333333,0.8936713982837647,0.10632860171623527,1.4935519320052,0.43152707337336316,0.42715470505639974,-1.0475106466712483,0.058333333333333334,0.9416666666666667,0.45,0.9083333333333333,0.8916666666666667,0.10833333333333334,risk_adaptive_hybrid_rollout,80,19.90801835000093,165.90015291667441,paper_base_holdoutfit,results/scheme_c_holdout_2026-04-22/configs/paper_base_holdoutfit.yaml
0.15,0.15,0.15,0.14166666666666666,0.15,0.8902313236163074,0.10976867638369249,1.6387045593544831,0.10551692810212848,0.09284010716118664,-1.6619162865524941,0.016666666666666666,0.9833333333333333,1.0,0.7833333333333333,0.8916666666666667,0.10833333333333334,periodic,81,11.70090343800075,97.50752865000625,paper_base_holdoutfit,results/scheme_c_holdout_2026-04-22/configs/paper_base_holdoutfit.yaml
0.03521276820362231,0.03521276820362231,0.11666666666666667,0.10833333333333334,0.11666666666666667,0.7376649635889817,0.26233503641101824,1.5500563270061087,0.38879106993315904,0.3820728604981232,-2.298871929523246,0.025,0.975,1.0,0.8416666666666667,0.8833333333333333,0.11666666666666667,security_risk,81,11.93059896700106,99.42165805834217,paper_base_holdoutfit,results/scheme_c_holdout_2026-04-22/configs/paper_base_holdoutfit.yaml
0.23190947671789378,0.23190947671789378,0.26666666666666666,0.23333333333333334,0.26666666666666666,0.36665255466894137,0.6333474453310586,0.7494633424684454,1.6460977586502072,1.6352323385458665,-7.523390955335461,0.03333333333333333,0.9666666666666667,0.8333333333333334,0.875,0.8833333333333333,0.11666666666666667,security_margin,81,11.94909776500026,99.5758147083355,paper_base_holdoutfit,results/scheme_c_holdout_2026-04-22/configs/paper_base_holdoutfit.yaml
0.0,0.0,0.0,0.0,0.0,0.20454428859734505,0.7954557114026549,1.000444271690192,1.7432502770366516,1.7344637171796407,-16.20147568278563,0.0,1.0,1.0,0.8333333333333334,0.8833333333333333,0.11666666666666667,rollout_joint,81,19.146988348999002,159.55823624165836,paper_base_holdoutfit,results/scheme_c_holdout_2026-04-22/configs/paper_base_holdoutfit.yaml
0.16666666666666666,0.16666666666666666,0.6666666666666666,0.6166666666666667,0.6666666666666666,0.8900167585259192,0.10998324147408077,1.5587736283079423,0.34560162465561867,0.3304918358492201,-1.0802698712354797,0.03333333333333333,0.9666666666666667,0.5166666666666667,0.8583333333333333,0.8833333333333333,0.11666666666666667,risk_adaptive_hybrid_rollout,81,19.604880535998745,163.3740044666562,paper_base_holdoutfit,results/scheme_c_holdout_2026-04-22/configs/paper_base_holdoutfit.yaml
0.15714285714285714,0.15714285714285714,0.15714285714285714,0.15,0.15714285714285714,0.789802726458256,0.21019727354174395,1.2949054832465314,0.44726565773565474,0.4386615344369078,-2.4631870007594427,0.007142857142857143,0.9928571428571429,1.0,0.7642857142857142,0.95,0.05,periodic,62,13.475615188999654,96.2543942071404,paper_hard_holdoutfit,results/scheme_c_holdout_2026-04-22/configs/paper_hard_holdoutfit.yaml
0.03877492822709668,0.03877492822709668,0.12857142857142856,0.12142857142857143,0.12857142857142856,0.7351510797183667,0.26484892028163326,1.2713771978404809,0.4482958927655375,0.4464823819297884,-2.664892746043522,0.0,1.0,1.0,0.9071428571428571,0.95,0.05,security_risk,62,14.268502001001252,101.91787143572323,paper_hard_holdoutfit,results/scheme_c_holdout_2026-04-22/configs/paper_hard_holdoutfit.yaml
0.15714285714285714,0.15714285714285714,0.17857142857142858,0.17142857142857143,0.17857142857142858,0.30010579231988016,0.6998942076801199,0.468850735239224,1.5866541052171779,1.5723089627174551,-12.569972746446489,0.014285714285714285,0.9857142857142858,0.8642857142857143,0.9642857142857143,0.9642857142857143,0.03571428571428571,security_margin,62,13.782514383001399,98.44653130715285,paper_hard_holdoutfit,results/scheme_c_holdout_2026-04-22/configs/paper_hard_holdoutfit.yaml
0.0,0.0,0.0,0.0,0.0,0.20642904367343584,0.7935709563265643,0.7703086480873361,1.7912628334909815,1.7885445577161285,-19.712020098826354,0.0,1.0,1.0,0.9357142857142857,0.95,0.05,rollout_joint,62,22.00113418499859,157.15095846427565,paper_hard_holdoutfit,results/scheme_c_holdout_2026-04-22/configs/paper_hard_holdoutfit.yaml
0.13035714285714287,0.13035714285714287,0.5214285714285715,0.4928571428571429,0.5214285714285715,0.9099175396010709,0.09008246039892889,1.3713729990012966,0.2652123513580881,0.25766350845624686,-1.5521242017230605,0.02857142857142857,0.9714285714285714,0.65,0.9642857142857143,0.9642857142857143,0.03571428571428571,risk_adaptive_hybrid_rollout,62,22.447899980999864,160.3421427214276,paper_hard_holdoutfit,results/scheme_c_holdout_2026-04-22/configs/paper_hard_holdoutfit.yaml
0.15714285714285714,0.15714285714285714,0.15714285714285714,0.15714285714285714,0.15714285714285714,0.794607138176613,0.20539286182338712,1.3532178364812288,0.4194266318130368,0.40962144593921834,-2.3987993301042687,0.007142857142857143,0.9928571428571429,1.0,0.7214285714285714,0.9285714285714286,0.07142857142857142,periodic,63,14.007591376999699,100.05422412142642,paper_hard_holdoutfit,results/scheme_c_holdout_2026-04-22/configs/paper_hard_holdoutfit.yaml
0.03841104083237734,0.03841104083237734,0.12142857142857143,0.11428571428571428,0.12142857142857143,0.7161503315349041,0.28384966846509585,1.258574263209802,0.5598116025935495,0.5523617637021528,-2.645092148203927,0.007142857142857143,0.9928571428571429,1.0,0.9,0.9285714285714286,0.07142857142857142,security_risk,63,14.63417338399995,104.52980988571393,paper_hard_holdoutfit,results/scheme_c_holdout_2026-04-22/configs/paper_hard_holdoutfit.yaml
0.15714285714285714,0.15714285714285714,0.16428571428571428,0.14285714285714285,0.16428571428571428,0.3015619378522575,0.6984380621477425,0.4959135730376198,1.5527238924609017,1.5326623122861007,-13.056384942132079,0.014285714285714285,0.9857142857142858,0.9428571428571428,0.9142857142857143,0.95,0.05,security_margin,63,13.924054615999921,99.45753297142801,paper_hard_holdoutfit,results/scheme_c_holdout_2026-04-22/configs/paper_hard_holdoutfit.yaml
0.0,0.0,0.0,0.0,0.0,0.20199612831727254,0.7980038716827275,0.8097160518639382,1.7658309558133636,1.7491534763654955,-19.644477727456337,0.0,1.0,1.0,0.85,0.9357142857142857,0.06428571428571428,rollout_joint,63,24.02185531000032,171.58468078571656,paper_hard_holdoutfit,results/scheme_c_holdout_2026-04-22/configs/paper_hard_holdoutfit.yaml
0.13214285714285715,0.13214285714285715,0.5285714285714286,0.5,0.5285714285714286,0.917762936152442,0.08223706384755795,1.4026037931976643,0.21430010779970887,0.21094445246480487,-1.5291289320382888,0.014285714285714285,0.9857142857142858,0.6928571428571428,0.9214285714285714,0.95,0.05,risk_adaptive_hybrid_rollout,63,23.76326487299957,169.7376062357112,paper_hard_holdoutfit,results/scheme_c_holdout_2026-04-22/configs/paper_hard_holdoutfit.yaml
0.15714285714285714,0.15714285714285714,0.15714285714285714,0.15,0.15714285714285714,0.7730850766882174,0.2269149233117826,1.300510141730626,0.5421382964964162,0.5376097948719912,-2.356074361590249,0.0,1.0,1.0,0.8357142857142857,0.9428571428571428,0.05714285714285714,periodic,64,15.561232288999236,111.1516592071374,paper_hard_holdoutfit,results/scheme_c_holdout_2026-04-22/configs/paper_hard_holdoutfit.yaml
0.038522213011672655,0.038522213011672655,0.12857142857142856,0.12142857142857143,0.12857142857142856,0.7324815170409451,0.2675184829590549,1.307204129922559,0.43019324185781954,0.4277861976175419,-2.6730782926290666,0.0,1.0,1.0,0.9,0.9357142857142857,0.06428571428571428,security_risk,64,14.322474970000258,102.30339264285898,paper_hard_holdoutfit,results/scheme_c_holdout_2026-04-22/configs/paper_hard_holdoutfit.yaml
0.15714285714285714,0.15714285714285714,0.17142857142857143,0.16428571428571428,0.17142857142857143,0.32305850125857305,0.676941498741427,0.5399754582301227,1.5064094398033727,1.490428457088238,-12.351827564997762,0.02857142857142857,0.9714285714285714,0.9071428571428571,0.9285714285714286,0.9571428571428572,0.04285714285714286,security_margin,64,14.043191439999646,100.30851028571176,paper_hard_holdoutfit,results/scheme_c_holdout_2026-04-22/configs/paper_hard_holdoutfit.yaml
0.0,0.0,0.0,0.0,0.0,0.2054505409766709,0.794549459023329,0.7934024925011294,1.7701415746490032,1.765440465258141,-19.68759083515076,0.0,1.0,1.0,0.9,0.95,0.05,rollout_joint,64,22.170385841000098,158.3598988642864,paper_hard_holdoutfit,results/scheme_c_holdout_2026-04-22/configs/paper_hard_holdoutfit.yaml
0.13035714285714287,0.13035714285714287,0.5214285714285715,0.5,0.5214285714285715,0.9091291133155438,0.09087088668445609,1.3788256457636767,0.24130544237850934,0.23396674668437833,-1.5694749306937739,0.02857142857142857,0.9714285714285714,0.6642857142857143,0.9071428571428571,0.9571428571428572,0.04285714285714286,risk_adaptive_hybrid_rollout,64,22.266537375999178,159.04669554285127,paper_hard_holdoutfit,results/scheme_c_holdout_2026-04-22/configs/paper_hard_holdoutfit.yaml
0.15714285714285714,0.15714285714285714,0.15714285714285714,0.15714285714285714,0.15714285714285714,0.8107586173606529,0.18924138263934723,1.3258002219610872,0.3016674738163981,0.2930678689074589,-2.5229966869877565,0.007142857142857143,0.9928571428571429,1.0,0.7785714285714286,0.95,0.05,periodic,65,14.034773425999447,100.24838161428177,paper_hard_holdoutfit,results/scheme_c_holdout_2026-04-22/configs/paper_hard_holdoutfit.yaml
0.03673467153774778,0.03673467153774778,0.12857142857142856,0.12857142857142856,0.12857142857142856,0.7325079717977818,0.26749202820221823,1.2793427724521151,0.464331492933407,0.4620020088101896,-2.620935915085487,0.0,1.0,0.9928571428571429,0.9285714285714286,0.9428571428571428,0.05714285714285714,security_risk,65,14.652115578999656,104.6579684214261,paper_hard_holdoutfit,results/scheme_c_holdout_2026-04-22/configs/paper_hard_holdoutfit.yaml
0.15714285714285714,0.15714285714285714,0.16428571428571428,0.1357142857142857,0.16428571428571428,0.3001173555305191,0.699882644469481,0.5023157153845386,1.5418696091503885,1.5258244655264661,-12.971498601437085,0.014285714285714285,0.9857142857142858,0.9642857142857143,0.9071428571428571,0.95,0.05,security_margin,65,13.700427966999996,97.86019976428568,paper_hard_holdoutfit,results/scheme_c_holdout_2026-04-22/configs/paper_hard_holdoutfit.yaml
0.0,0.0,0.0,0.0,0.0,0.20474111777311008,0.7952588822268899,0.7877636267358343,1.7781635334154375,1.7711526611693564,-19.67771207358898,0.0,1.0,1.0,0.8928571428571429,0.9428571428571428,0.05714285714285714,rollout_joint,65,22.641996262000248,161.7285447285732,paper_hard_holdoutfit,results/scheme_c_holdout_2026-04-22/configs/paper_hard_holdoutfit.yaml
0.13214285714285715,0.13214285714285715,0.5285714285714286,0.4785714285714286,0.5285714285714286,0.924556707892512,0.07544329210748801,1.425464115600334,0.18464747974639012,0.181989966695877,-1.5400664441153196,0.014285714285714285,0.9857142857142858,0.7571428571428571,0.9428571428571428,0.95,0.05,risk_adaptive_hybrid_rollout,65,21.85319373099992,156.0942409357137,paper_hard_holdoutfit,results/scheme_c_holdout_2026-04-22/configs/paper_hard_holdoutfit.yaml
0.15714285714285714,0.15714285714285714,0.15714285714285714,0.15,0.15714285714285714,0.7795458924802651,0.22045410751973488,1.2899826810037816,0.47834260130522077,0.46647006630407506,-2.437963925025353,0.0,1.0,1.0,0.7714285714285715,0.9571428571428572,0.04285714285714286,periodic,66,13.601900063000357,97.15642902143112,paper_hard_holdoutfit,results/scheme_c_holdout_2026-04-22/configs/paper_hard_holdoutfit.yaml
0.03652391939304727,0.03652391939304727,0.12857142857142856,0.12857142857142856,0.12857142857142856,0.7440551864928582,0.25594481350714177,1.2562935004072646,0.47405820265324566,0.47109774808691196,-2.587363275310645,0.0,1.0,1.0,0.9357142857142857,0.95,0.05,security_risk,66,13.555512458999146,96.82508899285105,paper_hard_holdoutfit,results/scheme_c_holdout_2026-04-22/configs/paper_hard_holdoutfit.yaml
0.15714285714285714,0.15714285714285714,0.17142857142857143,0.15714285714285714,0.17142857142857143,0.3063860494744611,0.6936139505255389,0.5023329802313269,1.5531038857239177,1.5366965912661932,-12.840753485603061,0.014285714285714285,0.9857142857142858,0.9214285714285714,0.9214285714285714,0.95,0.05,security_margin,66,16.285541318999094,116.32529513570782,paper_hard_holdoutfit,results/scheme_c_holdout_2026-04-22/configs/paper_hard_holdoutfit.yaml
0.0,0.0,0.0,0.0,0.0,0.2052665397613398,0.7947334602386602,0.7771934677624975,1.7876428732098026,1.7817457089349484,-19.810717615546505,0.0,1.0,1.0,0.8928571428571429,0.95,0.05,rollout_joint,66,22.79476207299922,162.81972909285156,paper_hard_holdoutfit,results/scheme_c_holdout_2026-04-22/configs/paper_hard_holdoutfit.yaml
0.13214285714285715,0.13214285714285715,0.5285714285714286,0.4928571428571429,0.5285714285714286,0.8873125207036985,0.1126874792963015,1.3614410249316766,0.3527201352720273,0.34910162466271394,-1.5214362183936128,0.014285714285714285,0.9857142857142858,0.6214285714285714,0.9071428571428571,0.95,0.05,risk_adaptive_hybrid_rollout,66,22.377128793001248,159.8366342357232,paper_hard_holdoutfit,results/scheme_c_holdout_2026-04-22/configs/paper_hard_holdoutfit.yaml
0.15714285714285714,0.15714285714285714,0.15714285714285714,0.15714285714285714,0.15714285714285714,0.7817839217829581,0.21821607821704195,1.2687064860454362,0.5164499662740158,0.5087809254800111,-2.3880397039533707,0.0,1.0,1.0,0.7785714285714286,0.9714285714285714,0.02857142857142857,periodic,67,14.838113102001444,105.98652215715317,paper_hard_holdoutfit,results/scheme_c_holdout_2026-04-22/configs/paper_hard_holdoutfit.yaml
0.038671372584459046,0.038671372584459046,0.12857142857142856,0.10714285714285714,0.12857142857142856,0.7181873395227704,0.2818126604772296,1.2562677981149555,0.5215102161335398,0.5186362999686535,-2.6953082042586956,0.0,1.0,1.0,0.9071428571428571,0.9571428571428572,0.04285714285714286,security_risk,67,13.808921264999299,98.63515189285214,paper_hard_holdoutfit,results/scheme_c_holdout_2026-04-22/configs/paper_hard_holdoutfit.yaml
0.15714285714285714,0.15714285714285714,0.16428571428571428,0.14285714285714285,0.16428571428571428,0.2869730693016737,0.7130269306983265,0.4628772469303669,1.5803424496852654,1.5510044639292153,-13.57888045707134,0.0,1.0,0.9214285714285714,0.9285714285714286,0.9642857142857143,0.03571428571428571,security_margin,67,14.459609456998805,103.28292469284861,paper_hard_holdoutfit,results/scheme_c_holdout_2026-04-22/configs/paper_hard_holdoutfit.yaml
0.0,0.0,0.0,0.0,0.0,0.20489258834957247,0.7951074116504275,0.766525457558178,1.7979016252564306,1.7923497243842517,-19.6661691170953,0.0,1.0,1.0,0.9071428571428571,0.95,0.05,rollout_joint,67,22.935647546000837,163.82605390000597,paper_hard_holdoutfit,results/scheme_c_holdout_2026-04-22/configs/paper_hard_holdoutfit.yaml
0.13214285714285715,0.13214285714285715,0.5285714285714286,0.4857142857142857,0.5285714285714286,0.9247342819974912,0.07526571800250886,1.425975696356828,0.1372974132639176,0.12686587926190862,-1.5916495635327224,0.007142857142857143,0.9928571428571429,0.7857142857142857,0.9285714285714286,0.9642857142857143,0.03571428571428571,risk_adaptive_hybrid_rollout,67,22.385307679000107,159.89505485000078,paper_hard_holdoutfit,results/scheme_c_holdout_2026-04-22/configs/paper_hard_holdoutfit.yaml
0.15714285714285714,0.15714285714285714,0.15714285714285714,0.15714285714285714,0.15714285714285714,0.7749883103161029,0.22501168968389704,1.2993450444448353,0.573877641275068,0.5676437379070758,-2.296206013956746,0.007142857142857143,0.9928571428571429,1.0,0.7571428571428571,0.9357142857142857,0.06428571428571428,periodic,68,16.821901927,120.15644233571427,paper_hard_holdoutfit,results/scheme_c_holdout_2026-04-22/configs/paper_hard_holdoutfit.yaml
0.03699108229061218,0.03699108229061218,0.12142857142857143,0.11428571428571428,0.12142857142857143,0.7054502969196766,0.29454970308032336,1.1750088043953788,0.6809101130369368,0.6720663435113977,-2.631332489086028,0.0,1.0,1.0,0.85,0.9357142857142857,0.06428571428571428,security_risk,68,14.613578335000057,104.38270239285755,paper_hard_holdoutfit,results/scheme_c_holdout_2026-04-22/configs/paper_hard_holdoutfit.yaml
0.15714285714285714,0.15714285714285714,0.17142857142857143,0.15,0.17142857142857143,0.3083672358572778,0.6916327641427222,0.7858271073086122,1.7752234829604903,1.7642721754267527,-11.975665654583723,0.02142857142857143,0.9785714285714285,0.9214285714285714,0.9285714285714286,0.9571428571428572,0.04285714285714286,security_margin,68,15.892122054001447,113.51515752858177,paper_hard_holdoutfit,results/scheme_c_holdout_2026-04-22/configs/paper_hard_holdoutfit.yaml
0.0,0.0,0.0,0.0,0.0,0.2060086185614304,0.7939913814385697,0.8057136140158049,1.7680791126043236,1.7531259759151743,-19.754341506028293,0.0,1.0,1.0,0.8357142857142857,0.9357142857142857,0.06428571428571428,rollout_joint,68,25.317114183999365,180.83652988570975,paper_hard_holdoutfit,results/scheme_c_holdout_2026-04-22/configs/paper_hard_holdoutfit.yaml
0.13035714285714287,0.13035714285714287,0.5214285714285715,0.4857142857142857,0.5214285714285715,0.91660651461049,0.08339348538950997,1.4134369351592824,0.2364858925659999,0.22114642308810226,-1.5166825003081328,0.02857142857142857,0.9714285714285714,0.6785714285714286,0.9071428571428571,0.9571428571428572,0.04285714285714286,risk_adaptive_hybrid_rollout,68,23.774700075999135,169.81928625713667,paper_hard_holdoutfit,results/scheme_c_holdout_2026-04-22/configs/paper_hard_holdoutfit.yaml
0.15714285714285714,0.15714285714285714,0.15714285714285714,0.1357142857142857,0.15714285714285714,0.7655435600401983,0.23445643995980175,1.2750723438898168,0.5201358293278237,0.5128515627552994,-2.4944281699686055,0.007142857142857143,0.9928571428571429,1.0,0.7642857142857142,0.95,0.05,periodic,69,15.701731234999897,112.15522310714212,paper_hard_holdoutfit,results/scheme_c_holdout_2026-04-22/configs/paper_hard_holdoutfit.yaml
0.03411123154731381,0.03411123154731381,0.12142857142857143,0.11428571428571428,0.12142857142857143,0.7412543236063764,0.2587456763936234,1.2712327383395938,0.48059689543621814,0.4702190470908836,-2.6159247148314435,0.0,1.0,1.0,0.8142857142857143,0.9428571428571428,0.05714285714285714,security_risk,69,14.192136507001123,101.37240362143659,paper_hard_holdoutfit,results/scheme_c_holdout_2026-04-22/configs/paper_hard_holdoutfit.yaml
0.15714285714285714,0.15714285714285714,0.16428571428571428,0.15,0.16428571428571428,0.30231199699502875,0.6976880030049712,0.5413355795552138,1.5257223993215387,1.510093695990141,-12.510731383718003,0.02857142857142857,0.9714285714285714,0.9285714285714286,0.9214285714285714,0.9428571428571428,0.05714285714285714,security_margin,69,15.369387928001743,109.78134234286959,paper_hard_holdoutfit,results/scheme_c_holdout_2026-04-22/configs/paper_hard_holdoutfit.yaml
0.0,0.0,0.0,0.0,0.0,0.2020253110251732,0.7979746889748269,0.7809274330420913,1.7897017759446292,1.7779819006168316,-19.763241907763387,0.0,1.0,1.0,0.85,0.9428571428571428,0.05714285714285714,rollout_joint,69,22.526819234999493,160.9058516785678,paper_hard_holdoutfit,results/scheme_c_holdout_2026-04-22/configs/paper_hard_holdoutfit.yaml
0.13035714285714287,0.13035714285714287,0.5214285714285715,0.4857142857142857,0.5214285714285715,0.9279337599036729,0.07206624009632713,1.4485997335021288,0.1431063603966903,0.13338104180286672,-1.5601585067395867,0.02857142857142857,0.9714285714285714,0.75,0.9285714285714286,0.9428571428571428,0.05714285714285714,risk_adaptive_hybrid_rollout,69,22.89583990599931,163.54171361428078,paper_hard_holdoutfit,results/scheme_c_holdout_2026-04-22/configs/paper_hard_holdoutfit.yaml
0.15714285714285714,0.15714285714285714,0.15714285714285714,0.15,0.15714285714285714,0.772450054379041,0.2275499456209589,1.2877308564022993,0.5640915267316605,0.5519958391186486,-2.356676595450923,0.007142857142857143,0.9928571428571429,1.0,0.7,0.9428571428571428,0.05714285714285714,periodic,70,13.708159362000515,97.9154240142894,paper_hard_holdoutfit,results/scheme_c_holdout_2026-04-22/configs/paper_hard_holdoutfit.yaml
0.03770386097069289,0.03770386097069289,0.11428571428571428,0.11428571428571428,0.11428571428571428,0.6831467506246619,0.3168532493753381,1.1503200501070714,0.8026526825515888,0.7945249923052095,-2.591122033286914,0.0,1.0,0.9142857142857143,0.8285714285714286,0.9357142857142857,0.06428571428571428,security_risk,70,13.85839645300075,98.9885460928625,paper_hard_holdoutfit,results/scheme_c_holdout_2026-04-22/configs/paper_hard_holdoutfit.yaml
0.15714285714285714,0.15714285714285714,0.18571428571428572,0.18571428571428572,0.18571428571428572,0.30356607925048484,0.6964339207495152,0.4754575276918875,1.5960851757753407,1.5874029639862388,-12.304137477586796,0.014285714285714285,0.9857142857142858,0.8142857142857143,0.9714285714285714,0.9785714285714285,0.02142857142857143,security_margin,70,13.813764366999749,98.66974547856964,paper_hard_holdoutfit,results/scheme_c_holdout_2026-04-22/configs/paper_hard_holdoutfit.yaml
0.0,0.0,0.0,0.0,0.0,0.20244291320235255,0.7975570867976475,0.7861751351839767,1.7824136220250004,1.772678006693812,-19.77888811846624,0.0,1.0,1.0,0.8642857142857143,0.9428571428571428,0.05714285714285714,rollout_joint,70,22.79728907000026,162.83777907143045,paper_hard_holdoutfit,results/scheme_c_holdout_2026-04-22/configs/paper_hard_holdoutfit.yaml
0.13035714285714287,0.13035714285714287,0.5214285714285715,0.4714285714285714,0.5214285714285715,0.9178928759485532,0.08210712405144685,1.4099807562449915,0.18556301070103168,0.17279686830971705,-1.606496766337841,0.02857142857142857,0.9714285714285714,0.7642857142857142,0.9214285714285714,0.9857142857142858,0.014285714285714285,risk_adaptive_hybrid_rollout,70,23.106753039999603,165.04823599999716,paper_hard_holdoutfit,results/scheme_c_holdout_2026-04-22/configs/paper_hard_holdoutfit.yaml
0.15714285714285714,0.15714285714285714,0.15714285714285714,0.14285714285714285,0.15714285714285714,0.7970986416817141,0.20290135831828604,1.3090846137634216,0.3068242045656381,0.29937642452827873,-2.635385281767473,0.0,1.0,1.0,0.8142857142857143,0.95,0.05,periodic,71,14.08221655700072,100.58726112143371,paper_hard_holdoutfit,results/scheme_c_holdout_2026-04-22/configs/paper_hard_holdoutfit.yaml
0.033389585409051785,0.033389585409051785,0.10714285714285714,0.1,0.10714285714285714,0.6731170692687384,0.3268829307312617,1.0386472081911866,0.8994878844978734,0.8937712543762963,-2.619376146361074,0.0,1.0,0.9785714285714285,0.8714285714285714,0.95,0.05,security_risk,71,13.461571121999441,96.15407944285315,paper_hard_holdoutfit,results/scheme_c_holdout_2026-04-22/configs/paper_hard_holdoutfit.yaml
0.15714285714285714,0.15714285714285714,0.16428571428571428,0.14285714285714285,0.16428571428571428,0.3107205025881521,0.6892794974118479,0.8316521782168207,1.7428616812118383,1.7230750554570367,-12.18385725655583,0.02142857142857143,0.9785714285714285,0.9285714285714286,0.9142857142857143,0.9642857142857143,0.03571428571428571,security_margin,71,13.474120177999794,96.24371555714139,paper_hard_holdoutfit,results/scheme_c_holdout_2026-04-22/configs/paper_hard_holdoutfit.yaml
0.0,0.0,0.0,0.0,0.0,0.2072123843644742,0.7927876156355258,0.784743478210594,1.7815114249230664,1.7741968596932698,-19.667819192585416,0.0,1.0,1.0,0.8857142857142857,0.95,0.05,rollout_joint,71,20.82716412300033,148.76545802143093,paper_hard_holdoutfit,results/scheme_c_holdout_2026-04-22/configs/paper_hard_holdoutfit.yaml
0.13035714285714287,0.13035714285714287,0.5214285714285715,0.4928571428571429,0.5214285714285715,0.9164613890375469,0.08353861096245309,1.3878248712251056,0.2434739458510676,0.2351503212351386,-1.5214149770004486,0.02142857142857143,0.9785714285714285,0.6714285714285714,0.9571428571428572,0.9642857142857143,0.03571428571428571,risk_adaptive_hybrid_rollout,71,22.087572361999264,157.76837401428045,paper_hard_holdoutfit,results/scheme_c_holdout_2026-04-22/configs/paper_hard_holdoutfit.yaml
0.15714285714285714,0.15714285714285714,0.15714285714285714,0.15,0.15714285714285714,0.7907633093528259,0.2092366906471741,1.2916005717414734,0.44972119525743764,0.43795369773341586,-2.4521171363281966,0.0,1.0,1.0,0.7785714285714286,0.95,0.05,periodic,72,13.266436600000816,94.76026142857725,paper_hard_holdoutfit,results/scheme_c_holdout_2026-04-22/configs/paper_hard_holdoutfit.yaml
0.03361773790107914,0.03361773790107914,0.10714285714285714,0.10714285714285714,0.10714285714285714,0.6878868035473961,0.31211319645260394,1.0364930206720937,0.8844955742137914,0.8776605987846596,-2.5921464075050737,0.0,1.0,0.9357142857142857,0.8642857142857143,0.95,0.05,security_risk,72,12.87799383499987,91.98567024999907,paper_hard_holdoutfit,results/scheme_c_holdout_2026-04-22/configs/paper_hard_holdoutfit.yaml
0.1560146519916762,0.1560146519916762,0.17142857142857143,0.16428571428571428,0.17142857142857143,0.30346446697559176,0.6965355330244082,0.49187383924846945,1.5645061411541372,1.5381485925131824,-12.872915357733243,0.014285714285714285,0.9857142857142858,0.8857142857142857,0.9285714285714286,0.9571428571428572,0.04285714285714286,security_margin,72,13.62441824599955,97.31727318571107,paper_hard_holdoutfit,results/scheme_c_holdout_2026-04-22/configs/paper_hard_holdoutfit.yaml
0.0,0.0,0.0,0.0,0.0,0.20674837472606397,0.7932516252739361,0.7780204969627587,1.7860961518947454,1.7809193437674433,-19.646748341382914,0.0,1.0,1.0,0.9142857142857143,0.95,0.05,rollout_joint,72,21.842889796000236,156.0206414000017,paper_hard_holdoutfit,results/scheme_c_holdout_2026-04-22/configs/paper_hard_holdoutfit.yaml
0.13214285714285715,0.13214285714285715,0.5285714285714286,0.5071428571428571,0.5285714285714286,0.889739719771659,0.11026028022834096,1.3379003078725467,0.3407090173652381,0.33248314614607505,-1.5210868715563055,0.02142857142857143,0.9785714285714285,0.6214285714285714,0.9428571428571428,0.9571428571428572,0.04285714285714286,risk_adaptive_hybrid_rollout,72,22.438692507999804,160.27637505714145,paper_hard_holdoutfit,results/scheme_c_holdout_2026-04-22/configs/paper_hard_holdoutfit.yaml
0.15714285714285714,0.15714285714285714,0.15714285714285714,0.14285714285714285,0.15714285714285714,0.7832054287217826,0.21679457127821736,1.2911537457234565,0.43739506294840064,0.4325135129077102,-2.49282654139613,0.0,1.0,1.0,0.8785714285714286,0.9642857142857143,0.03571428571428571,periodic,73,14.348404136999307,102.48860097856648,paper_hard_holdoutfit,results/scheme_c_holdout_2026-04-22/configs/paper_hard_holdoutfit.yaml
0.03825388644981154,0.03825388644981154,0.12857142857142856,0.12857142857142856,0.12857142857142856,0.7362548324972765,0.26374516750272337,1.2754367001396139,0.4551252288867381,0.4539812388103971,-2.627303510102185,0.0,1.0,1.0,0.9571428571428572,0.95,0.05,security_risk,73,14.526678684000217,103.76199060000155,paper_hard_holdoutfit,results/scheme_c_holdout_2026-04-22/configs/paper_hard_holdoutfit.yaml
0.15714285714285714,0.15714285714285714,0.17142857142857143,0.16428571428571428,0.17142857142857143,0.3176685063805135,0.6823314936194865,0.5267792993349846,1.5284454950801158,1.5169550425682152,-12.529202378040823,0.02857142857142857,0.9714285714285714,0.8857142857142857,0.9428571428571428,0.9642857142857143,0.03571428571428571,security_margin,73,13.845060671001193,98.89329050715138,paper_hard_holdoutfit,results/scheme_c_holdout_2026-04-22/configs/paper_hard_holdoutfit.yaml
0.0,0.0,0.0,0.0,0.0,0.2086581429331475,0.7913418570668523,0.7837302407922183,1.7788444406608306,1.77524685765453,-19.675397289190773,0.0,1.0,1.0,0.9071428571428571,0.95,0.05,rollout_joint,73,21.80616515699876,155.75832254999114,paper_hard_holdoutfit,results/scheme_c_holdout_2026-04-22/configs/paper_hard_holdoutfit.yaml
0.13035714285714287,0.13035714285714287,0.5214285714285715,0.4928571428571429,0.5214285714285715,0.9089948131675084,0.09100518683249145,1.3873627824092076,0.25954406237653105,0.2524881324801331,-1.5467349639819317,0.02857142857142857,0.9714285714285714,0.6857142857142857,0.95,0.9642857142857143,0.03571428571428571,risk_adaptive_hybrid_rollout,73,23.704746572999284,169.3196183785663,paper_hard_holdoutfit,results/scheme_c_holdout_2026-04-22/configs/paper_hard_holdoutfit.yaml
0.15714285714285714,0.15714285714285714,0.15714285714285714,0.14285714285714285,0.15714285714285714,0.7581114415576684,0.24188855844233162,1.2921085573593705,0.6261628668456508,0.6174135173351538,-2.3421299885634435,0.007142857142857143,0.9928571428571429,1.0,0.7428571428571429,0.9357142857142857,0.06428571428571428,periodic,74,13.844138485001167,98.88670346429406,paper_hard_holdoutfit,results/scheme_c_holdout_2026-04-22/configs/paper_hard_holdoutfit.yaml
0.04116375021031985,0.04116375021031985,0.1357142857142857,0.11428571428571428,0.1357142857142857,0.7299346342297045,0.2700653657702955,1.2950523293997471,0.45198475541656363,0.44747164247383964,-2.6694896771804055,0.0,1.0,1.0,0.8714285714285714,0.9428571428571428,0.05714285714285714,security_risk,74,13.797832336000283,98.55594525714488,paper_hard_holdoutfit,results/scheme_c_holdout_2026-04-22/configs/paper_hard_holdoutfit.yaml
0.15714285714285714,0.15714285714285714,0.17857142857142858,0.17142857142857143,0.17857142857142858,0.30768830056547875,0.6923116994345211,0.5251649505233823,1.5433033881021008,1.518769600184787,-12.62695924553232,0.014285714285714285,0.9857142857142858,0.9,0.9357142857142857,0.9428571428571428,0.05714285714285714,security_margin,74,13.52979873699951,96.6414195499965,paper_hard_holdoutfit,results/scheme_c_holdout_2026-04-22/configs/paper_hard_holdoutfit.yaml
0.0,0.0,0.0,0.0,0.0,0.20544014761721244,0.7945598523827876,0.7939561136851957,1.774659555512302,1.764950851351582,-19.78020197361419,0.0,1.0,1.0,0.8714285714285714,0.9428571428571428,0.05714285714285714,rollout_joint,74,22.03150348700001,157.36788205000008,paper_hard_holdoutfit,results/scheme_c_holdout_2026-04-22/configs/paper_hard_holdoutfit.yaml
0.13214285714285715,0.13214285714285715,0.5285714285714286,0.5,0.5285714285714286,0.908406023145092,0.0915939768549081,1.3934236401576503,0.24293240411700512,0.23286369740508042,-1.5801463243759266,0.02142857142857143,0.9785714285714285,0.6857142857142857,0.9428571428571428,0.95,0.05,risk_adaptive_hybrid_rollout,74,22.12013850599942,158.0009893285673,paper_hard_holdoutfit,results/scheme_c_holdout_2026-04-22/configs/paper_hard_holdoutfit.yaml
0.15714285714285714,0.15714285714285714,0.15714285714285714,0.15714285714285714,0.15714285714285714,0.7779489646380251,0.22205103536197499,1.2861893859528684,0.5867633024373676,0.577184541149839,-2.287940115047616,0.0,1.0,1.0,0.7571428571428571,0.95,0.05,periodic,75,13.62971115399887,97.3550796714205,paper_hard_holdoutfit,results/scheme_c_holdout_2026-04-22/configs/paper_hard_holdoutfit.yaml
0.030870005434960986,0.030870005434960986,0.10714285714285714,0.10714285714285714,0.10714285714285714,0.7410427393719397,0.2589572606280605,1.2688090301061261,0.45593330932761983,0.44910916308364734,-2.611186474483203,0.0,1.0,1.0,0.8357142857142857,0.95,0.05,security_risk,75,14.92389962299967,106.59928302142622,paper_hard_holdoutfit,results/scheme_c_holdout_2026-04-22/configs/paper_hard_holdoutfit.yaml
0.15660804218089258,0.15660804218089258,0.16428571428571428,0.15,0.16428571428571428,0.3138165439538071,0.6861834560461927,0.5400048975642076,1.5195026270749772,1.4988730521535172,-12.604821615569302,0.02857142857142857,0.9714285714285714,0.9285714285714286,0.9142857142857143,0.9571428571428572,0.04285714285714286,security_margin,75,13.731251199000326,98.08036570714519,paper_hard_holdoutfit,results/scheme_c_holdout_2026-04-22/configs/paper_hard_holdoutfit.yaml
0.0,0.0,0.0,0.0,0.0,0.20586392446519994,0.7941360755348001,0.7775525547222526,1.788958301196938,1.7814737415286463,-19.600830318657486,0.0,1.0,1.0,0.8928571428571429,0.95,0.05,rollout_joint,75,21.705193720999887,155.03709800714205,paper_hard_holdoutfit,results/scheme_c_holdout_2026-04-22/configs/paper_hard_holdoutfit.yaml
0.13035714285714287,0.13035714285714287,0.5214285714285715,0.4857142857142857,0.5214285714285715,0.8899005086535476,0.11009949134645237,1.3460776091284357,0.3412790608558461,0.3380329452927224,-1.544083381949552,0.02857142857142857,0.9714285714285714,0.6357142857142857,0.9285714285714286,0.9571428571428572,0.04285714285714286,risk_adaptive_hybrid_rollout,75,21.28641902399977,152.04585017142693,paper_hard_holdoutfit,results/scheme_c_holdout_2026-04-22/configs/paper_hard_holdoutfit.yaml
0.15714285714285714,0.15714285714285714,0.15714285714285714,0.15,0.15714285714285714,0.7686568830008923,0.23134311699910778,1.3012835753469778,0.5731144316625179,0.5567570374809965,-2.3395750840728486,0.007142857142857143,0.9928571428571429,1.0,0.8,0.9428571428571428,0.05714285714285714,periodic,76,15.043114908999996,107.4508207785714,paper_hard_holdoutfit,results/scheme_c_holdout_2026-04-22/configs/paper_hard_holdoutfit.yaml
0.034825582652601196,0.034825582652601196,0.12142857142857143,0.12142857142857143,0.12142857142857143,0.7428303733775603,0.2571696266224397,1.3197099742252276,0.4128252524072661,0.4066899367086381,-2.631665368917687,0.0,1.0,1.0,0.8857142857142857,0.9357142857142857,0.06428571428571428,security_risk,76,13.672334000000774,97.6595285714341,paper_hard_holdoutfit,results/scheme_c_holdout_2026-04-22/configs/paper_hard_holdoutfit.yaml
0.15714285714285714,0.15714285714285714,0.16428571428571428,0.15,0.16428571428571428,0.3179445385242185,0.6820554614757812,0.841009939501947,1.6934720893514106,1.6646926421381805,-12.08393524342916,0.02857142857142857,0.9714285714285714,0.9214285714285714,0.8785714285714286,0.9428571428571428,0.05714285714285714,security_margin,76,13.324906816998919,95.17790583570657,paper_hard_holdoutfit,results/scheme_c_holdout_2026-04-22/configs/paper_hard_holdoutfit.yaml
0.0,0.0,0.0,0.0,0.0,0.20289969044673326,0.7971003095532667,0.7882111734358492,1.7817929685081864,1.770744967432051,-19.646459179287394,0.0,1.0,1.0,0.8571428571428571,0.9357142857142857,0.06428571428571428,rollout_joint,76,20.88098681699921,149.14990583570867,paper_hard_holdoutfit,results/scheme_c_holdout_2026-04-22/configs/paper_hard_holdoutfit.yaml
0.13035714285714287,0.13035714285714287,0.5214285714285715,0.5071428571428571,0.5214285714285715,0.9036047456979561,0.09639525430204395,1.390441425396121,0.3056906299272103,0.2975372240908224,-1.4611563451653047,0.02857142857142857,0.9714285714285714,0.65,0.9428571428571428,0.9428571428571428,0.05714285714285714,risk_adaptive_hybrid_rollout,76,22.830665604999012,163.07618289285008,paper_hard_holdoutfit,results/scheme_c_holdout_2026-04-22/configs/paper_hard_holdoutfit.yaml
0.15714285714285714,0.15714285714285714,0.15714285714285714,0.14285714285714285,0.15714285714285714,0.7683077298757792,0.2316922701242207,1.286176324591003,0.5340146564452375,0.524956439105205,-2.426667135365276,0.0,1.0,1.0,0.7142857142857143,0.9571428571428572,0.04285714285714286,periodic,77,13.556627445999766,96.83305318571261,paper_hard_holdoutfit,results/scheme_c_holdout_2026-04-22/configs/paper_hard_holdoutfit.yaml
0.0353087509136643,0.0353087509136643,0.12142857142857143,0.11428571428571428,0.12142857142857143,0.7283854867199231,0.2716145132800768,1.2616748303264655,0.4876043718520782,0.48456803417223243,-2.6244994096834757,0.0,1.0,1.0,0.8785714285714286,0.95,0.05,security_risk,77,13.688277197001298,97.77340855000928,paper_hard_holdoutfit,results/scheme_c_holdout_2026-04-22/configs/paper_hard_holdoutfit.yaml
0.15714285714285714,0.15714285714285714,0.18571428571428572,0.17857142857142858,0.18571428571428572,0.31874016304918634,0.6812598369508137,0.5084522720771696,1.5548131354528492,1.547257255221281,-12.106292926756266,0.02142857142857143,0.9785714285714285,0.85,0.9714285714285714,0.9571428571428572,0.04285714285714286,security_margin,77,14.420687988000282,103.004914200002,paper_hard_holdoutfit,results/scheme_c_holdout_2026-04-22/configs/paper_hard_holdoutfit.yaml
0.0,0.0,0.0,0.0,0.0,0.20837778312442196,0.791622216875578,0.778123858300085,1.7858277007267884,1.7808647435326832,-19.72982910638037,0.0,1.0,1.0,0.8714285714285714,0.95,0.05,rollout_joint,77,21.27791893599897,151.98513525713548,paper_hard_holdoutfit,results/scheme_c_holdout_2026-04-22/configs/paper_hard_holdoutfit.yaml
0.13035714285714287,0.13035714285714287,0.5214285714285715,0.5,0.5214285714285715,0.918842506997052,0.08115749300294779,1.3886980415557453,0.22846455210116137,0.21903809322866824,-1.533361728649638,0.02857142857142857,0.9714285714285714,0.6785714285714286,0.9428571428571428,0.9571428571428572,0.04285714285714286,risk_adaptive_hybrid_rollout,77,21.674524006000865,154.8180286142919,paper_hard_holdoutfit,results/scheme_c_holdout_2026-04-22/configs/paper_hard_holdoutfit.yaml
0.15714285714285714,0.15714285714285714,0.15714285714285714,0.14285714285714285,0.15714285714285714,0.7341477053078262,0.2658522946921738,1.2561502317545525,0.7199407784670386,0.7100928150063598,-2.523189306462992,0.007142857142857143,0.9928571428571429,1.0,0.8071428571428572,0.9357142857142857,0.06428571428571428,periodic,78,14.314794121000887,102.24852943572061,paper_hard_holdoutfit,results/scheme_c_holdout_2026-04-22/configs/paper_hard_holdoutfit.yaml
0.037320973864340884,0.037320973864340884,0.12857142857142856,0.12857142857142856,0.12857142857142856,0.7253382619481791,0.274661738051821,1.3277730671960815,0.47435868577881835,0.46085421868303006,-2.621805936001447,0.007142857142857143,0.9928571428571429,1.0,0.8214285714285714,0.9285714285714286,0.07142857142857142,security_risk,78,13.979399109000951,99.85285077857823,paper_hard_holdoutfit,results/scheme_c_holdout_2026-04-22/configs/paper_hard_holdoutfit.yaml
0.15691296371780447,0.15691296371780447,0.16428571428571428,0.16428571428571428,0.16428571428571428,0.3123170652586042,0.6876829347413957,0.5345615608564913,1.5310046208415424,1.5117436731022142,-12.571067813269291,0.02857142857142857,0.9714285714285714,0.8928571428571429,0.9428571428571428,0.95,0.05,security_margin,78,15.109761452000384,107.92686751428846,paper_hard_holdoutfit,results/scheme_c_holdout_2026-04-22/configs/paper_hard_holdoutfit.yaml
0.0,0.0,0.0,0.0,0.0,0.20273913633196874,0.7972608636680314,0.8110238206560102,1.7636662774850278,1.7478408094328846,-19.863053680637027,0.0,1.0,1.0,0.8642857142857143,0.9357142857142857,0.06428571428571428,rollout_joint,78,21.81112888000098,155.7937777142927,paper_hard_holdoutfit,results/scheme_c_holdout_2026-04-22/configs/paper_hard_holdoutfit.yaml
0.13035714285714287,0.13035714285714287,0.5214285714285715,0.5071428571428571,0.5214285714285715,0.8861889237031175,0.11381107629688239,1.3451958428403135,0.3680089345162485,0.363030848856651,-1.506842163964178,0.02857142857142857,0.9714285714285714,0.6214285714285714,0.9642857142857143,0.95,0.05,risk_adaptive_hybrid_rollout,78,22.39004612700046,159.92890090714613,paper_hard_holdoutfit,results/scheme_c_holdout_2026-04-22/configs/paper_hard_holdoutfit.yaml
0.15714285714285714,0.15714285714285714,0.15714285714285714,0.15,0.15714285714285714,0.7719330520310661,0.22806694796893384,1.2982008371666307,0.5155723661384048,0.5082871864699762,-2.4092539795322736,0.0,1.0,1.0,0.7642857142857142,0.95,0.05,periodic,79,13.584998423000798,97.03570302143427,paper_hard_holdoutfit,results/scheme_c_holdout_2026-04-22/configs/paper_hard_holdoutfit.yaml
0.034329242986224466,0.034329242986224466,0.11428571428571428,0.11428571428571428,0.11428571428571428,0.7374534191527636,0.2625465808472365,1.3141020934829353,0.43608727522008667,0.4321783960347913,-2.615300041876292,0.0,1.0,1.0,0.85,0.9428571428571428,0.05714285714285714,security_risk,79,15.480458818999978,110.57470584999984,paper_hard_holdoutfit,results/scheme_c_holdout_2026-04-22/configs/paper_hard_holdoutfit.yaml
0.15714285714285714,0.15714285714285714,0.17857142857142858,0.17142857142857143,0.17857142857142858,0.3102637743940442,0.6897362256059558,0.5044017651059844,1.5577587583218941,1.5474162548936892,-12.29103174672911,0.02142857142857143,0.9785714285714285,0.8642857142857143,0.95,0.9714285714285714,0.02857142857142857,security_margin,79,13.384699745000034,95.60499817857168,paper_hard_holdoutfit,results/scheme_c_holdout_2026-04-22/configs/paper_hard_holdoutfit.yaml
0.0,0.0,0.0,0.0,0.0,0.20592162744511538,0.7940783725548847,0.7887487554304445,1.7765055909309042,1.7701372382596212,-19.65984737469922,0.0,1.0,1.0,0.8642857142857143,0.95,0.05,rollout_joint,79,23.09578176099967,164.96986972142622,paper_hard_holdoutfit,results/scheme_c_holdout_2026-04-22/configs/paper_hard_holdoutfit.yaml
0.13035714285714287,0.13035714285714287,0.5214285714285715,0.4857142857142857,0.5214285714285715,0.9153815996112038,0.08461840038879612,1.430339880777905,0.1757722860514195,0.15532558175207314,-1.599557041383483,0.02857142857142857,0.9714285714285714,0.7285714285714285,0.9428571428571428,0.9642857142857143,0.03571428571428571,risk_adaptive_hybrid_rollout,79,21.764851421999992,155.4632244428571,paper_hard_holdoutfit,results/scheme_c_holdout_2026-04-22/configs/paper_hard_holdoutfit.yaml
0.15714285714285714,0.15714285714285714,0.15714285714285714,0.15,0.15714285714285714,0.7931730005530941,0.20682699944690577,1.3217094313980535,0.3969715806373321,0.39002022374478595,-2.4941009755712122,0.0,1.0,1.0,0.8,0.95,0.05,periodic,80,13.630509997001354,97.36078569286681,paper_hard_holdoutfit,results/scheme_c_holdout_2026-04-22/configs/paper_hard_holdoutfit.yaml
0.03290785329432507,0.03290785329432507,0.11428571428571428,0.11428571428571428,0.11428571428571428,0.7302219887015281,0.26977801129847173,1.284691243042192,0.4775759410515653,0.47403062914191724,-2.599243792211937,0.0,1.0,1.0,0.8785714285714286,0.95,0.05,security_risk,80,13.49748680599987,96.41062004285621,paper_hard_holdoutfit,results/scheme_c_holdout_2026-04-22/configs/paper_hard_holdoutfit.yaml
0.15714285714285714,0.15714285714285714,0.17142857142857143,0.15,0.17142857142857143,0.29629226107689216,0.7037077389231078,0.736617034808131,1.827523485418509,1.7974570796686997,-12.261978511616011,0.014285714285714285,0.9857142857142858,0.9071428571428571,0.9071428571428571,0.9428571428571428,0.05714285714285714,security_margin,80,14.428340383999966,103.05957417142834,paper_hard_holdoutfit,results/scheme_c_holdout_2026-04-22/configs/paper_hard_holdoutfit.yaml
0.0,0.0,0.0,0.0,0.0,0.20569111177409077,0.7943088882259092,0.7880818442169819,1.776853484384129,1.7708617491289782,-19.63765312813087,0.0,1.0,1.0,0.8785714285714286,0.95,0.05,rollout_joint,80,21.069989992000046,150.49992851428604,paper_hard_holdoutfit,results/scheme_c_holdout_2026-04-22/configs/paper_hard_holdoutfit.yaml
0.13214285714285715,0.13214285714285715,0.5285714285714286,0.5071428571428571,0.5285714285714286,0.9025614126391533,0.09743858736084673,1.395757797628585,0.27725540000251675,0.26944768735643587,-1.5162870763436498,0.02142857142857143,0.9785714285714285,0.6428571428571429,0.8928571428571429,0.9428571428571428,0.05714285714285714,risk_adaptive_hybrid_rollout,80,22.039826463998907,157.42733188570648,paper_hard_holdoutfit,results/scheme_c_holdout_2026-04-22/configs/paper_hard_holdoutfit.yaml
0.15714285714285714,0.15714285714285714,0.15714285714285714,0.1357142857142857,0.15714285714285714,0.7472718839620685,0.25272811603793155,1.2670879370155737,0.62858193471645,0.6146803860374893,-2.4188691278042995,0.0,1.0,1.0,0.75,0.95,0.05,periodic,81,13.934068131000458,99.5290580785747,paper_hard_holdoutfit,results/scheme_c_holdout_2026-04-22/configs/paper_hard_holdoutfit.yaml
0.03570208247466256,0.03570208247466256,0.12142857142857143,0.08571428571428572,0.12142857142857143,0.7130302181459218,0.2869697818540781,1.2211893269575724,0.563713726030529,0.5556619399459221,-2.6631196048196175,0.0,1.0,1.0,0.8142857142857143,0.9357142857142857,0.06428571428571428,security_risk,81,14.884699208998427,106.31928006427448,paper_hard_holdoutfit,results/scheme_c_holdout_2026-04-22/configs/paper_hard_holdoutfit.yaml
0.15714285714285714,0.15714285714285714,0.17142857142857143,0.15,0.17142857142857143,0.30023296517648385,0.699767034823516,0.5203285831373171,1.5364751670631107,1.5086980134977848,-12.893596966739796,0.014285714285714285,0.9857142857142858,0.9428571428571428,0.8928571428571429,0.95,0.05,security_margin,81,14.310343340001054,102.21673814286467,paper_hard_holdoutfit,results/scheme_c_holdout_2026-04-22/configs/paper_hard_holdoutfit.yaml
0.0,0.0,0.0,0.0,0.0,0.204147047285759,0.795852952714241,0.7933763049911532,1.7778012086774895,1.7655872492855214,-19.708054482531836,0.0,1.0,1.0,0.85,0.9357142857142857,0.06428571428571428,rollout_joint,81,21.57779586000106,154.12711328572186,paper_hard_holdoutfit,results/scheme_c_holdout_2026-04-22/configs/paper_hard_holdoutfit.yaml
0.13035714285714287,0.13035714285714287,0.5214285714285715,0.4857142857142857,0.5214285714285715,0.8848850554636956,0.11511494453630444,1.36028734427958,0.34151921229120075,0.3364689448979276,-1.5401927180598005,0.02142857142857143,0.9785714285714285,0.6571428571428571,0.9214285714285714,0.95,0.05,risk_adaptive_hybrid_rollout,81,22.61448603200006,161.53204308571472,paper_hard_holdoutfit,results/scheme_c_holdout_2026-04-22/configs/paper_hard_holdoutfit.yaml
0.11875,0.11875,0.11875,0.11875,0.11875,0.6749301251798857,0.3250698748201143,1.0124078347216714,0.8791546827394999,0.8712588251411709,-3.416255516854727,0.0,1.0,1.0,0.85625,1.0,0.0,periodic,62,15.394792250001046,96.21745156250654,scenario_stress_holdoutfit,results/scheme_c_holdout_2026-04-22/configs/scenario_stress_holdoutfit.yaml
0.03955970367075895,0.03955970367075895,0.13125,0.13125,0.13125,0.7463406793048314,0.25365932069516867,1.0745388041776929,0.4686584729213486,0.4672510504170953,-2.8494645785979458,0.0,1.0,0.99375,0.94375,1.0,0.0,security_risk,62,15.487458628998866,96.79661643124291,scenario_stress_holdoutfit,results/scheme_c_holdout_2026-04-22/configs/scenario_stress_holdoutfit.yaml
0.11868232344505418,0.11868232344505418,0.125,0.1125,0.125,0.2420970234688132,0.7579029765311868,0.2841409248678871,1.7591949384653511,1.745490283692002,-17.71118726538108,0.0,1.0,0.89375,0.9875,1.0,0.0,security_margin,62,15.632726686000751,97.7045417875047,scenario_stress_holdoutfit,results/scheme_c_holdout_2026-04-22/configs/scenario_stress_holdoutfit.yaml
0.11875,0.11875,0.475,0.4375,0.475,0.5148980527477633,0.4851019472522366,0.7058734845624978,1.631395802456709,1.6301618646837632,-5.7302644617732765,0.0,1.0,0.63125,0.9875,1.0,0.0,rollout_joint,62,23.675360111999908,147.97100069999942,scenario_stress_holdoutfit,results/scheme_c_holdout_2026-04-22/configs/scenario_stress_holdoutfit.yaml
0.11875,0.11875,0.475,0.45,0.475,0.4779573223480373,0.5220426776519626,0.6138515153938388,1.913830773394631,1.912787643382917,-6.00280226327178,0.0,1.0,0.60625,0.95625,1.0,0.0,risk_adaptive_hybrid_rollout,62,20.705054136999024,129.4065883562439,scenario_stress_holdoutfit,results/scheme_c_holdout_2026-04-22/configs/scenario_stress_holdoutfit.yaml
0.11875,0.11875,0.11875,0.1125,0.11875,0.6594276190103756,0.3405723809896244,0.9818084178568551,0.9638358252930856,0.9568340556026003,-3.4465509460726445,0.0,1.0,0.9875,0.84375,1.0,0.0,periodic,63,15.095183086999896,94.34489429374935,scenario_stress_holdoutfit,results/scheme_c_holdout_2026-04-22/configs/scenario_stress_holdoutfit.yaml
0.041419355419794385,0.041419355419794385,0.1375,0.125,0.1375,0.7218892736489664,0.2781107263510335,1.0174854863582206,0.5905354415582955,0.5846143067359031,-2.8787328236568626,0.0,1.0,1.0,0.90625,1.0,0.0,security_risk,63,14.972466135999639,93.57791334999774,scenario_stress_holdoutfit,results/scheme_c_holdout_2026-04-22/configs/scenario_stress_holdoutfit.yaml
0.11875,0.11875,0.11875,0.1,0.11875,0.24450292135543208,0.7554970786445679,0.3352481403297048,1.697788365092015,1.6769313348125632,-18.095618113467673,0.0,1.0,0.975,0.93125,1.0,0.0,security_margin,63,15.111246287999165,94.44528929999478,scenario_stress_holdoutfit,results/scheme_c_holdout_2026-04-22/configs/scenario_stress_holdoutfit.yaml
0.11875,0.11875,0.475,0.425,0.475,0.5491691623143333,0.4508308376856668,0.8410801399056806,1.3133506217731852,1.3052899708140264,-6.006052790740159,0.0,1.0,0.8,0.8875,1.0,0.0,rollout_joint,63,21.440371342001527,134.00232088750954,scenario_stress_holdoutfit,results/scheme_c_holdout_2026-04-22/configs/scenario_stress_holdoutfit.yaml
0.11875,0.11875,0.475,0.41875,0.475,0.5321834167223661,0.46781658327763387,0.8109687677947749,1.395503631824867,1.3926957274789986,-6.198096986845437,0.0,1.0,0.775,0.94375,1.0,0.0,risk_adaptive_hybrid_rollout,63,22.776481615999728,142.3530100999983,scenario_stress_holdoutfit,results/scheme_c_holdout_2026-04-22/configs/scenario_stress_holdoutfit.yaml
0.11875,0.11875,0.11875,0.1125,0.11875,0.6760909132675923,0.3239090867324076,1.0287409888907786,0.807018730543394,0.8013017445546389,-3.52262527449093,0.0,1.0,1.0,0.85625,1.0,0.0,periodic,64,15.43591053399905,96.47444083749406,scenario_stress_holdoutfit,results/scheme_c_holdout_2026-04-22/configs/scenario_stress_holdoutfit.yaml
0.03616115614841946,0.03616115614841946,0.125,0.11875,0.125,0.7151218608440291,0.284878139155971,0.8771189119217313,0.7989470100816157,0.7979319110108121,-2.7637559566937204,0.0,1.0,1.0,0.9375,1.0,0.0,security_risk,64,15.814170779000051,98.83856736875032,scenario_stress_holdoutfit,results/scheme_c_holdout_2026-04-22/configs/scenario_stress_holdoutfit.yaml
0.11875,0.11875,0.1375,0.13125,0.1375,0.2565975436821859,0.7434024563178141,0.3218100349657306,1.7385762926571389,1.7281173633839615,-16.835300221792853,0.00625,0.99375,0.8625,0.9875,1.0,0.0,security_margin,64,15.130594614000074,94.56621633750046,scenario_stress_holdoutfit,results/scheme_c_holdout_2026-04-22/configs/scenario_stress_holdoutfit.yaml
0.11875,0.11875,0.475,0.44375,0.475,0.5767607372213848,0.4232392627786153,0.8117174537560599,1.0882788720738379,1.0872202557467376,-6.13818477846034,0.0,1.0,0.65,0.9875,1.0,0.0,rollout_joint,64,21.535967432999314,134.5997964562457,scenario_stress_holdoutfit,results/scheme_c_holdout_2026-04-22/configs/scenario_stress_holdoutfit.yaml
0.11875,0.11875,0.475,0.4375,0.475,0.5355015440701998,0.46449845592980027,0.8383873072036672,1.3232073706646517,1.3226923472792027,-6.2471042226255165,0.0,1.0,0.6875,0.96875,1.0,0.0,risk_adaptive_hybrid_rollout,64,21.74394281900095,135.89964261875593,scenario_stress_holdoutfit,results/scheme_c_holdout_2026-04-22/configs/scenario_stress_holdoutfit.yaml
0.11875,0.11875,0.11875,0.1,0.11875,0.6377453059463377,0.3622546940536623,0.957891606417163,1.0199107659387756,1.0126206148756998,-3.5336153855019843,0.0,1.0,1.0,0.8375,1.0,0.0,periodic,65,16.10102593800002,100.63141211250013,scenario_stress_holdoutfit,results/scheme_c_holdout_2026-04-22/configs/scenario_stress_holdoutfit.yaml
0.038942990507642904,0.038942990507642904,0.13125,0.1125,0.13125,0.693918096115698,0.306081903884302,0.9335742435948247,0.7470659353214358,0.7443246539154711,-2.8651849155128226,0.0,1.0,1.0,0.90625,1.0,0.0,security_risk,65,15.243054212000061,95.26908882500038,scenario_stress_holdoutfit,results/scheme_c_holdout_2026-04-22/configs/scenario_stress_holdoutfit.yaml
0.11875,0.11875,0.11875,0.1,0.11875,0.2417398267113271,0.7582601732886729,0.3335212388193781,1.7079167530579114,1.6850190089904409,-17.9645263871325,0.0,1.0,0.9625,0.93125,1.0,0.0,security_margin,65,15.201796137998826,95.01122586249267,scenario_stress_holdoutfit,results/scheme_c_holdout_2026-04-22/configs/scenario_stress_holdoutfit.yaml
0.11875,0.11875,0.475,0.4125,0.475,0.5133438489194064,0.48665615108059346,0.6993302960266254,1.6939679986196214,1.689920189757268,-5.980866579639107,0.0,1.0,0.70625,0.95,1.0,0.0,rollout_joint,65,20.741171505998864,129.6323219124929,scenario_stress_holdoutfit,results/scheme_c_holdout_2026-04-22/configs/scenario_stress_holdoutfit.yaml
0.11875,0.11875,0.475,0.4,0.475,0.635718457051534,0.36428154294846593,1.042581017309652,0.46104708075581635,0.45842136514179355,-7.149244653105304,0.0,1.0,0.81875,0.93125,1.0,0.0,risk_adaptive_hybrid_rollout,65,20.87254448099884,130.45340300624275,scenario_stress_holdoutfit,results/scheme_c_holdout_2026-04-22/configs/scenario_stress_holdoutfit.yaml
0.11875,0.11875,0.11875,0.1125,0.11875,0.6613235333461271,0.33867646665387285,0.9883616146215417,0.9337999383127901,0.9242767063787832,-3.4660259525004333,0.0,1.0,1.0,0.8375,1.0,0.0,periodic,66,15.661447213000429,97.88404508125268,scenario_stress_holdoutfit,results/scheme_c_holdout_2026-04-22/configs/scenario_stress_holdoutfit.yaml
0.0402758075993413,0.0402758075993413,0.1375,0.11875,0.1375,0.730907928517565,0.269092071482435,1.0016691332874896,0.5428614596635032,0.5402943801078284,-2.869162913028085,0.0,1.0,1.0,0.9,1.0,0.0,security_risk,66,15.356140902000334,95.97588063750209,scenario_stress_holdoutfit,results/scheme_c_holdout_2026-04-22/configs/scenario_stress_holdoutfit.yaml
0.11875,0.11875,0.11875,0.10625,0.11875,0.24132365876180684,0.7586763412381933,0.329430238854796,1.7089762150622705,1.6958063405372736,-17.976226140359657,0.0,1.0,0.94375,0.95,1.0,0.0,security_margin,66,16.80259023799954,105.01618898749712,scenario_stress_holdoutfit,results/scheme_c_holdout_2026-04-22/configs/scenario_stress_holdoutfit.yaml
0.11875,0.11875,0.475,0.45,0.475,0.5013379974026594,0.49866200259734067,0.6857012281353849,1.7795406803642577,1.7765221945176606,-5.723014290784224,0.0,1.0,0.63125,0.95625,1.0,0.0,rollout_joint,66,20.77288192100059,129.83051200625368,scenario_stress_holdoutfit,results/scheme_c_holdout_2026-04-22/configs/scenario_stress_holdoutfit.yaml
0.11875,0.11875,0.475,0.43125,0.475,0.5578071758320273,0.44219282416797256,0.8420561600956494,1.1876727123212771,1.1822775921266564,-6.393182971966626,0.0,1.0,0.7625,0.91875,1.0,0.0,risk_adaptive_hybrid_rollout,66,21.913114106999274,136.95696316874546,scenario_stress_holdoutfit,results/scheme_c_holdout_2026-04-22/configs/scenario_stress_holdoutfit.yaml
0.11875,0.11875,0.11875,0.1125,0.11875,0.6724112850976797,0.3275887149023203,1.0156777216759003,0.8379425591801981,0.8242272384371002,-3.5412454731282166,0.0,1.0,1.0,0.79375,1.0,0.0,periodic,67,16.08984922700074,100.56155766875463,scenario_stress_holdoutfit,results/scheme_c_holdout_2026-04-22/configs/scenario_stress_holdoutfit.yaml
0.03671922012492599,0.03671922012492599,0.125,0.11875,0.125,0.7060763716168583,0.2939236283831417,0.9353624049438551,0.7456687912927996,0.7415490627478516,-2.8135783846573013,0.0,1.0,1.0,0.93125,1.0,0.0,security_risk,67,15.954434152999966,99.71521345624978,scenario_stress_holdoutfit,results/scheme_c_holdout_2026-04-22/configs/scenario_stress_holdoutfit.yaml
0.11875,0.11875,0.11875,0.1,0.11875,0.24155493504347375,0.7584450649565262,0.3230306967150926,1.706738783834822,1.6776617900110833,-18.139521140890263,0.0,1.0,0.9625,0.9375,1.0,0.0,security_margin,67,15.02469338499941,93.90433365624631,scenario_stress_holdoutfit,results/scheme_c_holdout_2026-04-22/configs/scenario_stress_holdoutfit.yaml
0.11875,0.11875,0.475,0.44375,0.475,0.5079496552184123,0.4920503447815877,0.7007170583290007,1.7234520184871087,1.7175056608813914,-5.81380890448685,0.0,1.0,0.65625,0.95625,1.0,0.0,rollout_joint,67,20.718711675999657,129.49194797499786,scenario_stress_holdoutfit,results/scheme_c_holdout_2026-04-22/configs/scenario_stress_holdoutfit.yaml
0.11875,0.11875,0.475,0.425,0.475,0.5273525740351459,0.47264742596485415,0.8036484523101427,1.4338175917499476,1.4250730727446639,-6.226930027158665,0.0,1.0,0.8,0.925,1.0,0.0,risk_adaptive_hybrid_rollout,67,21.63857082100003,135.2410676312502,scenario_stress_holdoutfit,results/scheme_c_holdout_2026-04-22/configs/scenario_stress_holdoutfit.yaml
0.11875,0.11875,0.11875,0.10625,0.11875,0.663070293262205,0.336929706737795,1.0236627208780018,0.8425995941614814,0.8379407796175306,-3.5691448405771866,0.0,1.0,1.0,0.85625,1.0,0.0,periodic,68,15.567783791999318,97.29864869999574,scenario_stress_holdoutfit,results/scheme_c_holdout_2026-04-22/configs/scenario_stress_holdoutfit.yaml
0.04296420716465108,0.04296420716465108,0.14375,0.125,0.14375,0.7235756126321853,0.27642438736781466,1.0368937007151176,0.5842417424864113,0.5772421485712355,-2.8398421319682177,0.0,1.0,1.0,0.85,1.0,0.0,security_risk,68,15.208496256000217,95.05310160000136,scenario_stress_holdoutfit,results/scheme_c_holdout_2026-04-22/configs/scenario_stress_holdoutfit.yaml
0.11875,0.11875,0.13125,0.125,0.13125,0.2585180900738597,0.7414819099261404,0.3284038628005648,1.7282933318312472,1.71217627201213,-17.12326197234355,0.00625,0.99375,0.8875,0.975,1.0,0.0,security_margin,68,16.21884215299906,101.36776345624412,scenario_stress_holdoutfit,results/scheme_c_holdout_2026-04-22/configs/scenario_stress_holdoutfit.yaml
0.11875,0.11875,0.475,0.425,0.475,0.5916528398380312,0.40834716016196876,0.9189502325103456,1.073103652810733,1.0701452413731058,-5.669788095619806,0.0,1.0,0.83125,0.9375,1.0,0.0,rollout_joint,68,21.16413393699986,132.27583710624913,scenario_stress_holdoutfit,results/scheme_c_holdout_2026-04-22/configs/scenario_stress_holdoutfit.yaml
0.11875,0.11875,0.475,0.425,0.475,0.5245425097292734,0.47545749027072653,0.7907717718531319,1.5185476437643195,1.5082139826250605,-6.005258873962836,0.00625,0.99375,0.80625,0.90625,1.0,0.0,risk_adaptive_hybrid_rollout,68,20.30950755199956,126.93442219999724,scenario_stress_holdoutfit,results/scheme_c_holdout_2026-04-22/configs/scenario_stress_holdoutfit.yaml
0.11875,0.11875,0.11875,0.10625,0.11875,0.6622082198468419,0.33779178015315814,1.021700671496025,0.8628168382154575,0.8575027956000552,-3.5435607432786655,0.0,1.0,1.0,0.85,1.0,0.0,periodic,69,18.479870789000415,115.4991924312526,scenario_stress_holdoutfit,results/scheme_c_holdout_2026-04-22/configs/scenario_stress_holdoutfit.yaml
0.03925318474524826,0.03925318474524826,0.125,0.1125,0.125,0.6902681442322054,0.3097318557677946,0.9094822863217729,0.8058669915728981,0.8018248681131489,-2.829152244117584,0.0,1.0,0.96875,0.9125,1.0,0.0,security_risk,69,16.826241549999395,105.16400968749622,scenario_stress_holdoutfit,results/scheme_c_holdout_2026-04-22/configs/scenario_stress_holdoutfit.yaml
0.11875,0.11875,0.13125,0.125,0.13125,0.26134863257946034,0.7386513674205397,0.34326564456970327,1.7105998035120884,1.6945265798155937,-16.981714657086453,0.0125,0.9875,0.9125,0.9625,1.0,0.0,security_margin,69,15.550806183999157,97.19253864999473,scenario_stress_holdoutfit,results/scheme_c_holdout_2026-04-22/configs/scenario_stress_holdoutfit.yaml
0.11875,0.11875,0.475,0.41875,0.475,0.5299014316055185,0.4700985683944815,0.795554549617222,1.5185867653651592,1.5146330363317164,-5.7785275060710095,0.0,1.0,0.78125,0.925,1.0,0.0,rollout_joint,69,21.139369909999004,132.12106193749378,scenario_stress_holdoutfit,results/scheme_c_holdout_2026-04-22/configs/scenario_stress_holdoutfit.yaml
0.11875,0.11875,0.475,0.43125,0.475,0.5116762071626423,0.48832379283735766,0.7337071258483242,1.6524135268048785,1.6475333887847525,-5.982971391081469,0.00625,0.99375,0.74375,0.93125,1.0,0.0,risk_adaptive_hybrid_rollout,69,20.918458013999043,130.74036258749402,scenario_stress_holdoutfit,results/scheme_c_holdout_2026-04-22/configs/scenario_stress_holdoutfit.yaml
0.11875,0.11875,0.11875,0.09375,0.11875,0.6092093920731971,0.39079060792680287,0.8933798533095164,1.1206518140913555,1.111613733748136,-3.6244684177968516,0.0,1.0,1.0,0.81875,1.0,0.0,periodic,70,15.250175004000994,95.31359377500621,scenario_stress_holdoutfit,results/scheme_c_holdout_2026-04-22/configs/scenario_stress_holdoutfit.yaml
0.03783058480276276,0.03783058480276276,0.13125,0.13125,0.13125,0.7451897995825025,0.2548102004174975,1.0719253096231913,0.4984945954565637,0.4952754306538246,-2.821879435996056,0.0,1.0,0.99375,0.91875,1.0,0.0,security_risk,70,15.467133363001267,96.66958351875792,scenario_stress_holdoutfit,results/scheme_c_holdout_2026-04-22/configs/scenario_stress_holdoutfit.yaml
0.11865836518890285,0.11865836518890285,0.125,0.125,0.125,0.26378127631238024,0.7362187236876198,0.3135387609199991,1.732766560775601,1.7176369618742195,-17.233577053147997,0.0125,0.9875,0.88125,0.975,1.0,0.0,security_margin,70,16.81682838100096,105.105177381256,scenario_stress_holdoutfit,results/scheme_c_holdout_2026-04-22/configs/scenario_stress_holdoutfit.yaml
0.11875,0.11875,0.475,0.4375,0.475,0.5275928519189186,0.4724071480810812,0.7311336830285653,1.6603614485328417,1.659278241678453,-5.337798658717533,0.0,1.0,0.65625,0.9625,1.0,0.0,rollout_joint,70,21.523758581000948,134.52349113125592,scenario_stress_holdoutfit,results/scheme_c_holdout_2026-04-22/configs/scenario_stress_holdoutfit.yaml
0.11875,0.11875,0.475,0.4375,0.475,0.5083939537373637,0.49160604626263626,0.6966212968188422,1.733540240294414,1.7327712366506856,-5.787677635973858,0.0125,0.9875,0.5625,0.9875,1.0,0.0,risk_adaptive_hybrid_rollout,70,21.802362852000442,136.26476782500276,scenario_stress_holdoutfit,results/scheme_c_holdout_2026-04-22/configs/scenario_stress_holdoutfit.yaml
0.11875,0.11875,0.11875,0.1,0.11875,0.6265273947533705,0.37347260524662956,0.940520076051085,0.9837211659527124,0.9769976853604359,-3.623381614015602,0.0,1.0,1.0,0.825,1.0,0.0,periodic,71,14.890446471999894,93.06529044999934,scenario_stress_holdoutfit,results/scheme_c_holdout_2026-04-22/configs/scenario_stress_holdoutfit.yaml
0.03873361674114195,0.03873361674114195,0.13125,0.125,0.13125,0.7271233004498912,0.2728766995501089,0.9712022034103438,0.6137032470725992,0.6111091316379931,-2.838108568000247,0.0,1.0,0.9875,0.90625,1.0,0.0,security_risk,71,16.084298022999064,100.52686264374415,scenario_stress_holdoutfit,results/scheme_c_holdout_2026-04-22/configs/scenario_stress_holdoutfit.yaml
0.11754293512666039,0.11754293512666039,0.11875,0.1,0.11875,0.25039731718421704,0.7496026828157829,0.30550765162409743,1.7257582059495433,1.7024372551568998,-17.975416472993064,0.0,1.0,0.94375,0.95625,1.0,0.0,security_margin,71,15.636741117999918,97.72963198749949,scenario_stress_holdoutfit,results/scheme_c_holdout_2026-04-22/configs/scenario_stress_holdoutfit.yaml
0.11875,0.11875,0.475,0.4375,0.475,0.5681051533266498,0.4318948466733502,0.8613491067738195,1.1861521622340605,1.1827112457414042,-6.007935946992321,0.0,1.0,0.75625,0.925,1.0,0.0,rollout_joint,71,21.305548082000314,133.15967551250196,scenario_stress_holdoutfit,results/scheme_c_holdout_2026-04-22/configs/scenario_stress_holdoutfit.yaml
0.11875,0.11875,0.475,0.425,0.475,0.5135739581148264,0.48642604188517347,0.7601936337018538,1.5879926073147215,1.5803532538911456,-6.156248929858639,0.0,1.0,0.83125,0.9125,1.0,0.0,risk_adaptive_hybrid_rollout,71,20.979676851000477,131.12298031875298,scenario_stress_holdoutfit,results/scheme_c_holdout_2026-04-22/configs/scenario_stress_holdoutfit.yaml
0.11875,0.11875,0.11875,0.10625,0.11875,0.6693035018205273,0.3306964981794727,0.9921769324700648,0.845405406942527,0.8392101212839475,-3.5659452249072414,0.0,1.0,1.0,0.875,1.0,0.0,periodic,72,15.842835617000674,99.01772260625421,scenario_stress_holdoutfit,results/scheme_c_holdout_2026-04-22/configs/scenario_stress_holdoutfit.yaml
0.0411070770700779,0.0411070770700779,0.13125,0.11875,0.13125,0.7105753417854361,0.2894246582145638,0.916334470429484,0.7493385046695463,0.74568481987716,-2.830472258672729,0.0,1.0,1.0,0.90625,1.0,0.0,security_risk,72,16.719980374000443,104.49987733750277,scenario_stress_holdoutfit,results/scheme_c_holdout_2026-04-22/configs/scenario_stress_holdoutfit.yaml
0.11875,0.11875,0.13125,0.125,0.13125,0.24892289472726495,0.751077105272735,0.3339411043234425,1.7170702326349558,1.7093222049594003,-17.464892081066203,0.0,1.0,0.91875,0.96875,1.0,0.0,security_margin,72,15.516963879999821,96.98102424999888,scenario_stress_holdoutfit,results/scheme_c_holdout_2026-04-22/configs/scenario_stress_holdoutfit.yaml
0.11875,0.11875,0.475,0.45625,0.475,0.49496888191038024,0.5050311180896196,0.658399263881237,1.8316459685304562,1.828580180909243,-5.735969017035717,0.0,1.0,0.6125,0.95,1.0,0.0,rollout_joint,72,20.734788562000176,129.5924285125011,scenario_stress_holdoutfit,results/scheme_c_holdout_2026-04-22/configs/scenario_stress_holdoutfit.yaml
0.11875,0.11875,0.475,0.45,0.475,0.4736767406283461,0.5263232593716539,0.622420497617411,1.9282703097954055,1.9279035723422122,-5.87719733945613,0.0,1.0,0.6125,0.975,1.0,0.0,risk_adaptive_hybrid_rollout,72,20.874570040001345,130.4660627500084,scenario_stress_holdoutfit,results/scheme_c_holdout_2026-04-22/configs/scenario_stress_holdoutfit.yaml
0.11875,0.11875,0.11875,0.10625,0.11875,0.6585479673479951,0.34145203265200486,0.9295367962807959,0.9949962418984425,0.98634977250119,-3.610781579017238,0.0,1.0,0.975,0.80625,1.0,0.0,periodic,73,17.776317773999835,111.10198608749897,scenario_stress_holdoutfit,results/scheme_c_holdout_2026-04-22/configs/scenario_stress_holdoutfit.yaml
0.034828988054115384,0.034828988054115384,0.125,0.1125,0.125,0.7265725592573898,0.27342744074261016,0.9841163676793663,0.627319002416892,0.625279054662057,-2.8331338110373325,0.0,1.0,1.0,0.93125,1.0,0.0,security_risk,73,15.423366565000833,96.39604103125521,scenario_stress_holdoutfit,results/scheme_c_holdout_2026-04-22/configs/scenario_stress_holdoutfit.yaml
0.11875,0.11875,0.13125,0.11875,0.13125,0.2533507086809572,0.7466492913190428,0.32992947346313484,1.7199978249391799,1.7109076198634945,-17.622434758644268,0.0,1.0,0.91875,0.96875,1.0,0.0,security_margin,73,16.873849966999842,105.46156229374901,scenario_stress_holdoutfit,results/scheme_c_holdout_2026-04-22/configs/scenario_stress_holdoutfit.yaml
0.11875,0.11875,0.475,0.44375,0.475,0.5069094927293067,0.4930905072706932,0.6835221315071098,1.7548735147554677,1.751900267204109,-5.617712919979827,0.0,1.0,0.6,0.95625,1.0,0.0,rollout_joint,73,20.820659268998497,130.1291204312406,scenario_stress_holdoutfit,results/scheme_c_holdout_2026-04-22/configs/scenario_stress_holdoutfit.yaml
0.11875,0.11875,0.475,0.45,0.475,0.5743024919815362,0.42569750801846384,0.8119130029197287,1.0162945346997259,1.0162178916357245,-6.578906870267225,0.0,1.0,0.625,0.99375,1.0,0.0,risk_adaptive_hybrid_rollout,73,20.863361010999142,130.39600631874464,scenario_stress_holdoutfit,results/scheme_c_holdout_2026-04-22/configs/scenario_stress_holdoutfit.yaml
0.11875,0.11875,0.11875,0.1125,0.11875,0.6865575593619042,0.3134424406380958,1.0548177506717078,0.7386482001984671,0.7284702869341718,-3.5843090546199634,0.0,1.0,1.0,0.8125,1.0,0.0,periodic,74,16.178494855999816,101.11559284999885,scenario_stress_holdoutfit,results/scheme_c_holdout_2026-04-22/configs/scenario_stress_holdoutfit.yaml
0.03814402990530677,0.03814402990530677,0.13125,0.125,0.13125,0.7288702025549914,0.2711297974450087,0.9322443526181902,0.692272404423283,0.6893067814179509,-2.785079795658477,0.0,1.0,1.0,0.8875,1.0,0.0,security_risk,74,15.588498913999501,97.42811821249688,scenario_stress_holdoutfit,results/scheme_c_holdout_2026-04-22/configs/scenario_stress_holdoutfit.yaml
0.11849376198804526,0.11849376198804526,0.11875,0.10625,0.11875,0.24292196422324444,0.7570780357767557,0.298263004161041,1.7489187268071948,1.7255749025425928,-18.215263641664944,0.0,1.0,0.93125,0.975,1.0,0.0,security_margin,74,17.45670347399937,109.10439671249605,scenario_stress_holdoutfit,results/scheme_c_holdout_2026-04-22/configs/scenario_stress_holdoutfit.yaml
0.11875,0.11875,0.475,0.4375,0.475,0.5253381633148287,0.4746618366851713,0.7773855016288531,1.5337209136932435,1.521562133463673,-5.866435530362054,0.0,1.0,0.68125,0.95625,1.0,0.0,rollout_joint,74,21.67619199299952,135.476199956247,scenario_stress_holdoutfit,results/scheme_c_holdout_2026-04-22/configs/scenario_stress_holdoutfit.yaml
0.11875,0.11875,0.475,0.425,0.475,0.49417147029521596,0.505828529704784,0.7150211313496323,1.7028004552352152,1.6945310299976597,-6.170502120171606,0.0,1.0,0.75625,0.95,1.0,0.0,risk_adaptive_hybrid_rollout,74,23.101130885001112,144.38206803125695,scenario_stress_holdoutfit,results/scheme_c_holdout_2026-04-22/configs/scenario_stress_holdoutfit.yaml
0.11875,0.11875,0.11875,0.1,0.11875,0.6249920028469603,0.37500799715303973,0.8739690267918375,1.0790927612138301,1.0703571587377678,-3.7004186298428623,0.0,1.0,1.0,0.8125,1.0,0.0,periodic,75,15.498350582998683,96.86469114374177,scenario_stress_holdoutfit,results/scheme_c_holdout_2026-04-22/configs/scenario_stress_holdoutfit.yaml
0.04215047679961458,0.04215047679961458,0.13125,0.125,0.13125,0.698051514310724,0.30194848568927596,0.9358448948849845,0.7294826968119994,0.7229444057208079,-2.8616419969674967,0.0,1.0,0.94375,0.8875,1.0,0.0,security_risk,75,15.666752287001145,97.91720179375716,scenario_stress_holdoutfit,results/scheme_c_holdout_2026-04-22/configs/scenario_stress_holdoutfit.yaml
0.11875,0.11875,0.1375,0.11875,0.1375,0.2564614355337611,0.7435385644662389,0.3270905446921673,1.737046679451791,1.722103635722042,-17.141795417008357,0.00625,0.99375,0.88125,0.9625,1.0,0.0,security_margin,75,16.710305664999396,104.43941040624622,scenario_stress_holdoutfit,results/scheme_c_holdout_2026-04-22/configs/scenario_stress_holdoutfit.yaml
0.11875,0.11875,0.475,0.41875,0.475,0.5395960007056315,0.4604039992943686,0.8045666294949836,1.4669263099228453,1.4656860799010063,-5.6512125784928795,0.0,1.0,0.71875,0.95,1.0,0.0,rollout_joint,75,21.47084155000084,134.19275968750526,scenario_stress_holdoutfit,results/scheme_c_holdout_2026-04-22/configs/scenario_stress_holdoutfit.yaml
0.11875,0.11875,0.475,0.44375,0.475,0.48562116224781227,0.5143788377521876,0.6947425435007962,1.7803717919524769,1.778684598772346,-5.976636583552684,0.0,1.0,0.65625,0.9375,1.0,0.0,risk_adaptive_hybrid_rollout,75,37.463943663000464,234.1496478937529,scenario_stress_holdoutfit,results/scheme_c_holdout_2026-04-22/configs/scenario_stress_holdoutfit.yaml
0.11875,0.11875,0.11875,0.10625,0.11875,0.6673782290961274,0.3326217709038726,0.9943381187181395,0.9064631259359768,0.9042302489817425,-3.476979136788766,0.0,1.0,1.0,0.85,1.0,0.0,periodic,76,21.03304284999831,131.45651781248944,scenario_stress_holdoutfit,results/scheme_c_holdout_2026-04-22/configs/scenario_stress_holdoutfit.yaml
0.04245037926846703,0.04245037926846703,0.14375,0.125,0.14375,0.7298745001069534,0.2701254998930467,1.092333715305075,0.5180700713726232,0.514460120027387,-2.894853619508569,0.0,1.0,1.0,0.875,1.0,0.0,security_risk,76,82.86782823199974,517.9239264499984,scenario_stress_holdoutfit,results/scheme_c_holdout_2026-04-22/configs/scenario_stress_holdoutfit.yaml
0.11774708798960228,0.11774708798960228,0.125,0.11875,0.125,0.2626446816211757,0.7373553183788243,0.3357745137139315,1.7181391099210175,1.7029262230624986,-17.16401901024183,0.0125,0.9875,0.89375,0.975,1.0,0.0,security_margin,76,60.842652716000885,380.2665794750055,scenario_stress_holdoutfit,results/scheme_c_holdout_2026-04-22/configs/scenario_stress_holdoutfit.yaml
0.11875,0.11875,0.475,0.45,0.475,0.5249485354340266,0.47505146456597325,0.7424157611205162,1.658813705371863,1.6580535340198028,-5.391168531453867,0.0,1.0,0.6375,0.9625,1.0,0.0,rollout_joint,76,291.8680987400003,1824.1756171250017,scenario_stress_holdoutfit,results/scheme_c_holdout_2026-04-22/configs/scenario_stress_holdoutfit.yaml
0.11875,0.11875,0.475,0.44375,0.475,0.5119704132244267,0.48802958677557323,0.7535011644126733,1.653522072202387,1.651565899818591,-5.824476672226062,0.0125,0.9875,0.73125,0.93125,1.0,0.0,risk_adaptive_hybrid_rollout,76,872.6824072740001,5454.265045462501,scenario_stress_holdoutfit,results/scheme_c_holdout_2026-04-22/configs/scenario_stress_holdoutfit.yaml
0.11875,0.11875,0.11875,0.1125,0.11875,0.6731932754133937,0.32680672458660626,1.0211580434574163,0.8514077098791232,0.8426480146708281,-3.4917878016846315,0.0,1.0,1.0,0.825,1.0,0.0,periodic,77,15.040160941000067,94.00100588125042,scenario_stress_holdoutfit,results/scheme_c_holdout_2026-04-22/configs/scenario_stress_holdoutfit.yaml
0.03687865763816107,0.03687865763816107,0.125,0.1125,0.125,0.7121275976437262,0.2878724023562738,0.9013865199404091,0.7398672142888961,0.7345493975143731,-2.808049236738536,0.0,1.0,1.0,0.8375,1.0,0.0,security_risk,77,15.106100985000012,94.41313115625007,scenario_stress_holdoutfit,results/scheme_c_holdout_2026-04-22/configs/scenario_stress_holdoutfit.yaml
0.11776069227347814,0.11776069227347814,0.125,0.11875,0.125,0.2541249654504985,0.7458750345495015,0.31696609094697303,1.7366019439082359,1.7208114809220398,-17.48484002244454,0.0125,0.9875,0.9,0.98125,1.0,0.0,security_margin,77,14.799152999999933,92.49470624999958,scenario_stress_holdoutfit,results/scheme_c_holdout_2026-04-22/configs/scenario_stress_holdoutfit.yaml
0.11875,0.11875,0.475,0.45625,0.475,0.5860779230631701,0.41392207693682986,0.8684170916277717,1.0742291186046062,1.072892685848816,-5.83287119763801,0.0,1.0,0.7,0.95,1.0,0.0,rollout_joint,77,19.95476534000045,124.71728337500281,scenario_stress_holdoutfit,results/scheme_c_holdout_2026-04-22/configs/scenario_stress_holdoutfit.yaml
0.11875,0.11875,0.475,0.44375,0.475,0.5846505643435636,0.4153494356564364,0.8797626302235418,1.0607834137265422,1.0491843720530085,-6.230712976913976,0.0125,0.9875,0.83125,0.875,1.0,0.0,risk_adaptive_hybrid_rollout,77,19.659407302000545,122.87129563750341,scenario_stress_holdoutfit,results/scheme_c_holdout_2026-04-22/configs/scenario_stress_holdoutfit.yaml
0.11875,0.11875,0.11875,0.11875,0.11875,0.6730934899783614,0.32690651002163856,1.024067954272515,0.9081106236244738,0.9001191976256934,-3.380841385884513,0.0,1.0,1.0,0.84375,1.0,0.0,periodic,78,14.712784791001468,91.95490494375917,scenario_stress_holdoutfit,results/scheme_c_holdout_2026-04-22/configs/scenario_stress_holdoutfit.yaml
0.038296824659656684,0.038296824659656684,0.125,0.11875,0.125,0.6999088705828381,0.3000911294171619,0.9638856178973269,0.7722705846584519,0.766640253466606,-2.7748937924309782,0.0,1.0,1.0,0.9,1.0,0.0,security_risk,78,14.616110135999406,91.35068834999629,scenario_stress_holdoutfit,results/scheme_c_holdout_2026-04-22/configs/scenario_stress_holdoutfit.yaml
0.11875,0.11875,0.13125,0.13125,0.13125,0.2689091867008163,0.7310908132991837,0.3317990645276723,1.7188342011199633,1.7048763509037599,-16.951433317355367,0.0125,0.9875,0.88125,0.98125,1.0,0.0,security_margin,78,14.751307471999098,92.19567169999436,scenario_stress_holdoutfit,results/scheme_c_holdout_2026-04-22/configs/scenario_stress_holdoutfit.yaml
0.11875,0.11875,0.475,0.45,0.475,0.5448415409534438,0.455158459046556,0.8057913185679002,1.5035029427146027,1.50269431634485,-5.280614735451098,0.0,1.0,0.7125,0.9625,1.0,0.0,rollout_joint,78,19.892114272999606,124.32571420624754,scenario_stress_holdoutfit,results/scheme_c_holdout_2026-04-22/configs/scenario_stress_holdoutfit.yaml
0.11875,0.11875,0.475,0.45,0.475,0.5695480389942913,0.4304519610057088,0.8443775108060617,1.160654048296422,1.1590143682192817,-6.1808085040545215,0.0125,0.9875,0.66875,0.975,1.0,0.0,risk_adaptive_hybrid_rollout,78,19.758348225999725,123.48967641249828,scenario_stress_holdoutfit,results/scheme_c_holdout_2026-04-22/configs/scenario_stress_holdoutfit.yaml
0.11875,0.11875,0.11875,0.1125,0.11875,0.6847808878140544,0.3152191121859455,1.0415104647256148,0.7453119778296781,0.7369577864415124,-3.5777577358976345,0.0,1.0,1.0,0.7875,1.0,0.0,periodic,79,14.741276422000738,92.13297763750461,scenario_stress_holdoutfit,results/scheme_c_holdout_2026-04-22/configs/scenario_stress_holdoutfit.yaml
0.03984177219923156,0.03984177219923156,0.125,0.1125,0.125,0.6882940126483958,0.3117059873516042,0.8851382803701465,0.8649304992579623,0.8629846590383867,-2.8051520961924075,0.0,1.0,1.0,0.9125,1.0,0.0,security_risk,79,14.802759588999834,92.51724743124896,scenario_stress_holdoutfit,results/scheme_c_holdout_2026-04-22/configs/scenario_stress_holdoutfit.yaml
0.117982145195854,0.117982145195854,0.125,0.11875,0.125,0.25362578332724856,0.7463742166727514,0.3121729414985452,1.7390819140326055,1.7230405134791063,-17.442401999208066,0.00625,0.99375,0.89375,0.975,1.0,0.0,security_margin,79,14.908803874001023,93.1800242125064,scenario_stress_holdoutfit,results/scheme_c_holdout_2026-04-22/configs/scenario_stress_holdoutfit.yaml
0.11875,0.11875,0.475,0.4375,0.475,0.5424143282113242,0.4575856717886757,0.8009799941028358,1.4833987197022838,1.4830789522961734,-5.402496436190168,0.0,1.0,0.74375,0.975,1.0,0.0,rollout_joint,79,19.955780951000634,124.72363094375396,scenario_stress_holdoutfit,results/scheme_c_holdout_2026-04-22/configs/scenario_stress_holdoutfit.yaml
0.11875,0.11875,0.475,0.4375,0.475,0.5066342107002197,0.4933657892997803,0.7274183974692864,1.6827628202588922,1.681712151786232,-5.9467203451360575,0.00625,0.99375,0.7,0.98125,1.0,0.0,risk_adaptive_hybrid_rollout,79,19.583327218000704,122.3957951125044,scenario_stress_holdoutfit,results/scheme_c_holdout_2026-04-22/configs/scenario_stress_holdoutfit.yaml
0.11875,0.11875,0.11875,0.1125,0.11875,0.665911179886187,0.3340888201138131,1.0051462492668641,0.904350314996439,0.8930388673315981,-3.462367353475053,0.0,1.0,1.0,0.80625,1.0,0.0,periodic,80,14.596490102001553,91.22806313750971,scenario_stress_holdoutfit,results/scheme_c_holdout_2026-04-22/configs/scenario_stress_holdoutfit.yaml
0.037333374454349824,0.037333374454349824,0.125,0.125,0.125,0.6912584265362189,0.308741573463781,0.8488131654042599,0.9223091743510482,0.9214940110394199,-2.7149718322865737,0.0,1.0,0.9625,0.94375,1.0,0.0,security_risk,80,14.654617775000588,91.59136109375368,scenario_stress_holdoutfit,results/scheme_c_holdout_2026-04-22/configs/scenario_stress_holdoutfit.yaml
0.11873152961108006,0.11873152961108006,0.11875,0.1125,0.11875,0.2522454642599316,0.7477545357400683,0.3135136846818313,1.7366669753103685,1.7137657460528413,-17.836605968502482,0.0,1.0,0.91875,0.96875,1.0,0.0,security_margin,80,14.701181468000868,91.88238417500543,scenario_stress_holdoutfit,results/scheme_c_holdout_2026-04-22/configs/scenario_stress_holdoutfit.yaml
0.11875,0.11875,0.475,0.44375,0.475,0.5536491343935452,0.44635086560645487,0.8336560990746665,1.4031773402924728,1.4018272432602157,-5.4659801257951575,0.0,1.0,0.73125,0.96875,1.0,0.0,rollout_joint,80,19.946184096999787,124.66365060624867,scenario_stress_holdoutfit,results/scheme_c_holdout_2026-04-22/configs/scenario_stress_holdoutfit.yaml
0.11875,0.11875,0.475,0.45,0.475,0.5065630944268193,0.4934369055731806,0.749051197797098,1.6183813115845687,1.6176533430046587,-6.116126391591953,0.0,1.0,0.66875,0.9875,1.0,0.0,risk_adaptive_hybrid_rollout,80,19.53450775700003,122.09067348125018,scenario_stress_holdoutfit,results/scheme_c_holdout_2026-04-22/configs/scenario_stress_holdoutfit.yaml
0.11875,0.11875,0.11875,0.1125,0.11875,0.6642638530874503,0.33573614691254977,0.9736119707900063,0.9287967145165055,0.922992674118705,-3.4776649943010005,0.0,1.0,1.0,0.84375,1.0,0.0,periodic,81,14.660492163999152,91.6280760249947,scenario_stress_holdoutfit,results/scheme_c_holdout_2026-04-22/configs/scenario_stress_holdoutfit.yaml
0.046584045902721166,0.046584045902721166,0.15,0.1125,0.15,0.6962496538912907,0.3037503461087093,1.0027107749000255,0.6652233628097323,0.6534578734177006,-2.9202721053087677,0.0,1.0,1.0,0.85625,1.0,0.0,security_risk,81,14.525583560998712,90.78489725624195,scenario_stress_holdoutfit,results/scheme_c_holdout_2026-04-22/configs/scenario_stress_holdoutfit.yaml
0.11875,0.11875,0.11875,0.1,0.11875,0.249780866732412,0.750219133267588,0.31706725749433745,1.7223455744529097,1.6989031328285857,-18.210435747712967,0.0,1.0,0.96875,0.95,1.0,0.0,security_margin,81,14.763796965999063,92.27373103749414,scenario_stress_holdoutfit,results/scheme_c_holdout_2026-04-22/configs/scenario_stress_holdoutfit.yaml
0.11875,0.11875,0.475,0.4125,0.475,0.547552639794064,0.452447360205936,0.8229729923779547,1.369009720402262,1.3625968761745162,-5.850280344404405,0.0,1.0,0.76875,0.925,1.0,0.0,rollout_joint,81,19.766570548001255,123.54106592500784,scenario_stress_holdoutfit,results/scheme_c_holdout_2026-04-22/configs/scenario_stress_holdoutfit.yaml
0.11875,0.11875,0.475,0.40625,0.475,0.5869218448075498,0.41307815519245006,0.8801380450952158,0.9621438370053056,0.9606396573536594,-6.622987031299883,0.0,1.0,0.76875,0.9375,1.0,0.0,risk_adaptive_hybrid_rollout,81,19.49756735000119,121.85979593750744,scenario_stress_holdoutfit,results/scheme_c_holdout_2026-04-22/configs/scenario_stress_holdoutfit.yaml
