avg_sync_cost,avg_sync_bandwidth,sync_request_rate,avg_sync_applied,avg_pending_syncs,avg_twin_quality,avg_twin_badness,avg_secrecy_rate,avg_realized_loss,avg_margin_gap,avg_cert_slack,certified_safe_rate,certificate_violation_prob,certificate_cover_rate,prediction_violation_prob,outage_prob,success_prob,method,seed,runtime_sec,runtime_per_slot_ms,scenario,config_path
0.15,0.15,0.15,0.1333333333333333,0.15,0.8748451535225852,0.1251548464774148,1.6449364282900114,0.1131818482784801,0.0998830441473121,-1.845164947212858,0.0166666666666666,0.9833333333333332,1.0,0.725,0.8916666666666667,0.1083333333333333,periodic,62,19.353181804999625,161.27651504166352,paper_base_holdoutfit,results/scheme_c_holdout_2026-04-26_rollout_tuned_full/configs/paper_base_holdoutfit.yaml
0.18125,0.18125,0.575,0.55,0.575,0.8743748578353402,0.1256251421646597,1.5047846121614843,0.4413106339857611,0.4354784122828554,-1.1549200873583163,0.0333333333333333,0.9666666666666668,0.5333333333333333,0.9583333333333334,0.9083333333333332,0.0916666666666666,risk_adaptive_hybrid_rollout,62,49.84456099099998,415.37134159166646,paper_base_holdoutfit,results/scheme_c_holdout_2026-04-26_rollout_tuned_full/configs/paper_base_holdoutfit.yaml
0.1979166666666666,0.1979166666666666,0.3166666666666666,0.3,0.3166666666666666,0.9072831280814008,0.0927168719185993,1.6525961635712272,0.0854468671684779,0.0806784946923536,-1.5501328897333615,0.0166666666666666,0.9833333333333332,0.9916666666666668,0.85,0.8916666666666667,0.1083333333333333,rollout_joint,62,50.0008990729998,416.674158941665,paper_base_holdoutfit,results/scheme_c_holdout_2026-04-26_rollout_tuned_full/configs/paper_base_holdoutfit.yaml
0.2333333333333333,0.2333333333333333,0.25,0.2333333333333333,0.25,0.3633286911886875,0.6366713088113125,0.7219153747793724,1.6627898374308463,1.65288772185148,-9.000534779599347,0.05,0.95,0.85,0.9166666666666666,0.8916666666666667,0.1083333333333333,security_margin,62,20.296802876999664,169.1400239749972,paper_base_holdoutfit,results/scheme_c_holdout_2026-04-26_rollout_tuned_full/configs/paper_base_holdoutfit.yaml
0.0366203963784716,0.0366203963784716,0.125,0.125,0.125,0.7466479237217876,0.2533520762782125,1.521449922079788,0.3522852052391203,0.3511108985657783,-2.473813527254808,0.0166666666666666,0.9833333333333332,1.0,0.9166666666666666,0.9,0.1,security_risk,62,18.845479595000143,157.04566329166786,paper_base_holdoutfit,results/scheme_c_holdout_2026-04-26_rollout_tuned_full/configs/paper_base_holdoutfit.yaml
0.15,0.15,0.15,0.125,0.15,0.8624891118922356,0.1375108881077643,1.652303275068779,0.1425402187144946,0.1346612824649521,-1.905788239253268,0.025,0.975,1.0,0.7833333333333333,0.8666666666666667,0.1333333333333333,periodic,63,19.72330377399976,164.36086478333132,paper_base_holdoutfit,results/scheme_c_holdout_2026-04-26_rollout_tuned_full/configs/paper_base_holdoutfit.yaml
0.1770833333333333,0.1770833333333333,0.5833333333333334,0.5333333333333333,0.5833333333333334,0.905781929241121,0.0942180707588788,1.5739824804593112,0.2240567519303691,0.2117871862193291,-1.2925296970003683,0.0416666666666666,0.9583333333333334,0.7083333333333334,0.8416666666666667,0.9,0.1,risk_adaptive_hybrid_rollout,63,50.46625223499996,420.55210195833297,paper_base_holdoutfit,results/scheme_c_holdout_2026-04-26_rollout_tuned_full/configs/paper_base_holdoutfit.yaml
0.1979166666666666,0.1979166666666666,0.3166666666666666,0.3,0.3166666666666666,0.905572599360164,0.094427400639836,1.6625401702875169,0.0940055755104973,0.0908148508370613,-1.5459978688936171,0.0166666666666666,0.9833333333333332,1.0,0.8416666666666667,0.875,0.125,rollout_joint,63,49.330905579000046,411.09087982500034,paper_base_holdoutfit,results/scheme_c_holdout_2026-04-26_rollout_tuned_full/configs/paper_base_holdoutfit.yaml
0.2333333333333333,0.2333333333333333,0.25,0.2166666666666666,0.25,0.3540929452672585,0.6459070547327416,0.909148606168132,1.918432691318864,1.90231000390961,-8.719767434458488,0.0416666666666666,0.9583333333333334,0.8583333333333333,0.875,0.8916666666666667,0.1083333333333333,security_margin,63,19.85878914199975,165.4899095166646,paper_base_holdoutfit,results/scheme_c_holdout_2026-04-26_rollout_tuned_full/configs/paper_base_holdoutfit.yaml
0.0341958803779475,0.0341958803779475,0.1166666666666666,0.1083333333333333,0.1166666666666666,0.7260517699672585,0.2739482300327414,1.5563778049989792,0.4266972601885052,0.418680697380105,-2.4385251661671257,0.025,0.975,1.0,0.8916666666666667,0.875,0.125,security_risk,63,20.002005153000027,166.68337627500023,paper_base_holdoutfit,results/scheme_c_holdout_2026-04-26_rollout_tuned_full/configs/paper_base_holdoutfit.yaml
0.15,0.15,0.15,0.1333333333333333,0.15,0.8652131751024349,0.134786824897565,1.604230120043608,0.1821728873819488,0.1748200969579453,-1.8075452195181136,0.0083333333333333,0.9916666666666668,1.0,0.7916666666666666,0.8916666666666667,0.1083333333333333,periodic,64,20.061559563999708,167.1796630333309,paper_base_holdoutfit,results/scheme_c_holdout_2026-04-26_rollout_tuned_full/configs/paper_base_holdoutfit.yaml
0.16875,0.16875,0.575,0.5583333333333333,0.575,0.8795501340209257,0.1204498659790741,1.549583717650889,0.3646283955680133,0.3469664313775264,-1.1727560569609448,0.05,0.95,0.5916666666666667,0.8916666666666667,0.9,0.1,risk_adaptive_hybrid_rollout,64,50.16763378499991,418.0636148749993,paper_base_holdoutfit,results/scheme_c_holdout_2026-04-26_rollout_tuned_full/configs/paper_base_holdoutfit.yaml
0.1875,0.1875,0.3,0.2916666666666667,0.3,0.905533961702806,0.094466038297194,1.6699335040175511,0.0769522149579984,0.0729290574290968,-1.5647782626936173,0.0166666666666666,0.9833333333333332,1.0,0.8166666666666667,0.8833333333333333,0.1166666666666666,rollout_joint,64,49.9647189530001,416.3726579416676,paper_base_holdoutfit,results/scheme_c_holdout_2026-04-26_rollout_tuned_full/configs/paper_base_holdoutfit.yaml
0.2333333333333333,0.2333333333333333,0.25,0.2416666666666666,0.25,0.3681157632070073,0.6318842367929929,0.738929849308999,1.647673227566028,1.6390190690593534,-9.030112185154278,0.05,0.95,0.825,0.925,0.8916666666666667,0.1083333333333333,security_margin,64,20.199340632999792,168.3278386083316,paper_base_holdoutfit,results/scheme_c_holdout_2026-04-26_rollout_tuned_full/configs/paper_base_holdoutfit.yaml
0.0352147650905111,0.0352147650905111,0.125,0.1166666666666666,0.125,0.7479539029144029,0.2520460970855971,1.5166734361764966,0.4069449732324777,0.4041091705207964,-2.3904056574746546,0.0,1.0,1.0,0.8583333333333333,0.8916666666666667,0.1083333333333333,security_risk,64,20.09585023200043,167.46541860000357,paper_base_holdoutfit,results/scheme_c_holdout_2026-04-26_rollout_tuned_full/configs/paper_base_holdoutfit.yaml
0.15,0.15,0.15,0.1333333333333333,0.15,0.8649617244243654,0.1350382755756345,1.6179898144095908,0.1780579927255725,0.1699160486460799,-1.802300139423888,0.0166666666666666,0.9833333333333332,1.0,0.7416666666666667,0.8833333333333333,0.1166666666666666,periodic,65,19.873256223000222,165.6104685250019,paper_base_holdoutfit,results/scheme_c_holdout_2026-04-26_rollout_tuned_full/configs/paper_base_holdoutfit.yaml
0.175,0.175,0.525,0.475,0.525,0.903102139648395,0.0968978603516049,1.6078594747938288,0.2289034257390678,0.2209106362907655,-1.3031625606805404,0.05,0.95,0.725,0.9,0.8916666666666667,0.1083333333333333,risk_adaptive_hybrid_rollout,65,50.11800005699979,417.6500004749983,paper_base_holdoutfit,results/scheme_c_holdout_2026-04-26_rollout_tuned_full/configs/paper_base_holdoutfit.yaml
0.20625,0.20625,0.325,0.3,0.325,0.8998109279522575,0.1001890720477424,1.6624247591984682,0.101758866405273,0.0962275968694898,-1.5606819228068252,0.0,1.0,1.0,0.875,0.8833333333333333,0.1166666666666666,rollout_joint,65,49.96720667699992,416.39338897499937,paper_base_holdoutfit,results/scheme_c_holdout_2026-04-26_rollout_tuned_full/configs/paper_base_holdoutfit.yaml
0.2333333333333333,0.2333333333333333,0.2666666666666666,0.25,0.2666666666666666,0.3727879617100746,0.6272120382899253,0.7388736920178357,1.6555052590221762,1.647312735363908,-8.683807810793663,0.0416666666666666,0.9583333333333334,0.8166666666666667,0.9,0.8916666666666667,0.1083333333333333,security_margin,65,19.674331704999982,163.9527642083332,paper_base_holdoutfit,results/scheme_c_holdout_2026-04-26_rollout_tuned_full/configs/paper_base_holdoutfit.yaml
0.0353702543933259,0.0353702543933259,0.1166666666666666,0.1,0.1166666666666666,0.7284432349141444,0.2715567650858556,1.5096479800810494,0.4306326178479487,0.4192372777167881,-2.5238624667901703,0.0083333333333333,0.9916666666666668,1.0,0.7166666666666667,0.8916666666666667,0.1083333333333333,security_risk,65,19.738435526000103,164.4869627166675,paper_base_holdoutfit,results/scheme_c_holdout_2026-04-26_rollout_tuned_full/configs/paper_base_holdoutfit.yaml
0.15,0.15,0.15,0.1333333333333333,0.15,0.8649148334597901,0.1350851665402098,1.6103102520265071,0.1899689591407573,0.1777237873447671,-1.8038197065296533,0.0083333333333333,0.9916666666666668,1.0,0.7583333333333333,0.8833333333333333,0.1166666666666666,periodic,66,19.52203924699961,162.68366039166344,paper_base_holdoutfit,results/scheme_c_holdout_2026-04-26_rollout_tuned_full/configs/paper_base_holdoutfit.yaml
0.1791666666666666,0.1791666666666666,0.5666666666666667,0.55,0.5666666666666667,0.8811889943953205,0.1188110056046794,1.5226233786136107,0.3698714003228394,0.3509925828262869,-1.2191432700572178,0.05,0.95,0.575,0.85,0.9,0.1,risk_adaptive_hybrid_rollout,66,50.12380012099993,417.6983343416661,paper_base_holdoutfit,results/scheme_c_holdout_2026-04-26_rollout_tuned_full/configs/paper_base_holdoutfit.yaml
0.20625,0.20625,0.325,0.3,0.325,0.9038726947666816,0.0961273052333182,1.6420860286528172,0.1117817054630901,0.105632178847094,-1.551964053467268,0.0,1.0,1.0,0.8583333333333333,0.8916666666666667,0.1083333333333333,rollout_joint,66,50.32844886399971,419.40374053333096,paper_base_holdoutfit,results/scheme_c_holdout_2026-04-26_rollout_tuned_full/configs/paper_base_holdoutfit.yaml
0.2333333333333333,0.2333333333333333,0.2416666666666666,0.2333333333333333,0.2416666666666666,0.3594935250713915,0.6405064749286086,0.7298684721726263,1.6513950980737195,1.6391860579373188,-9.045678701430056,0.05,0.95,0.85,0.9166666666666666,0.9,0.1,security_margin,66,19.64576156500016,163.71467970833464,paper_base_holdoutfit,results/scheme_c_holdout_2026-04-26_rollout_tuned_full/configs/paper_base_holdoutfit.yaml
0.0379058191582,0.0379058191582,0.1333333333333333,0.1333333333333333,0.1333333333333333,0.7487477624489124,0.2512522375510876,1.5248460825284147,0.360838268994496,0.3557046872021905,-2.4538739191882195,0.0166666666666666,0.9833333333333332,1.0,0.875,0.9,0.1,security_risk,66,19.15979638099998,159.66496984166648,paper_base_holdoutfit,results/scheme_c_holdout_2026-04-26_rollout_tuned_full/configs/paper_base_holdoutfit.yaml
0.15,0.15,0.15,0.1333333333333333,0.15,0.8735161539091277,0.1264838460908723,1.599662347936118,0.126481748290284,0.1182283568177396,-1.870387351043156,0.0083333333333333,0.9916666666666668,1.0,0.7583333333333333,0.9083333333333332,0.0916666666666666,periodic,67,19.63889059799976,163.657421649998,paper_base_holdoutfit,results/scheme_c_holdout_2026-04-26_rollout_tuned_full/configs/paper_base_holdoutfit.yaml
0.1791666666666666,0.1791666666666666,0.5666666666666667,0.5416666666666666,0.5666666666666667,0.8910616563407225,0.1089383436592774,1.528664560582954,0.3634386592804726,0.3481380977189244,-1.2142421499324798,0.0333333333333333,0.9666666666666668,0.6,0.9,0.9083333333333332,0.0916666666666666,risk_adaptive_hybrid_rollout,67,50.79735778300028,423.3113148583356,paper_base_holdoutfit,results/scheme_c_holdout_2026-04-26_rollout_tuned_full/configs/paper_base_holdoutfit.yaml
0.1979166666666666,0.1979166666666666,0.3166666666666666,0.3,0.3166666666666666,0.9059399741049136,0.0940600258950863,1.6248928948457693,0.1024045871049574,0.0930975751983849,-1.552324109272127,0.0,1.0,1.0,0.8,0.9,0.1,rollout_joint,67,50.33442686599983,419.4535572166653,paper_base_holdoutfit,results/scheme_c_holdout_2026-04-26_rollout_tuned_full/configs/paper_base_holdoutfit.yaml
0.2333333333333333,0.2333333333333333,0.25,0.2416666666666666,0.25,0.3504139653644082,0.6495860346355918,0.6963784817887039,1.6989495804160757,1.6851081640099643,-9.378282791542528,0.0333333333333333,0.9666666666666668,0.8166666666666667,0.9333333333333332,0.9083333333333332,0.0916666666666666,security_margin,67,20.30783333599993,169.23194446666608,paper_base_holdoutfit,results/scheme_c_holdout_2026-04-26_rollout_tuned_full/configs/paper_base_holdoutfit.yaml
0.0354968220719226,0.0354968220719226,0.125,0.1166666666666666,0.125,0.7266625899494941,0.273337410050506,1.4623348335911033,0.4770244835388082,0.4742203091873113,-2.452543492463429,0.0083333333333333,0.9916666666666668,1.0,0.8833333333333333,0.9083333333333332,0.0916666666666666,security_risk,67,19.273577282000133,160.61314401666775,paper_base_holdoutfit,results/scheme_c_holdout_2026-04-26_rollout_tuned_full/configs/paper_base_holdoutfit.yaml
0.15,0.15,0.15,0.1416666666666666,0.15,0.8862912651840714,0.1137087348159284,1.6511590526102569,0.1200942734335997,0.1117484826156913,-1.7181384891189362,0.0166666666666666,0.9833333333333332,1.0,0.7666666666666667,0.8833333333333333,0.1166666666666666,periodic,68,20.548635571999966,171.23862976666638,paper_base_holdoutfit,results/scheme_c_holdout_2026-04-26_rollout_tuned_full/configs/paper_base_holdoutfit.yaml
0.1791666666666666,0.1791666666666666,0.5416666666666666,0.5083333333333333,0.5416666666666666,0.9000750289359897,0.0999249710640102,1.5958452689741194,0.2505094452331204,0.2394355778978077,-1.2708373517206168,0.05,0.95,0.65,0.9333333333333332,0.9,0.1,risk_adaptive_hybrid_rollout,68,51.27122853999981,427.2602378333317,paper_base_holdoutfit,results/scheme_c_holdout_2026-04-26_rollout_tuned_full/configs/paper_base_holdoutfit.yaml
0.1979166666666666,0.1979166666666666,0.3166666666666666,0.2916666666666667,0.3166666666666666,0.9066956100983024,0.0933043899016973,1.645585189995971,0.0902745370506277,0.0859734036382919,-1.5624575287664444,0.0,1.0,1.0,0.8583333333333333,0.8833333333333333,0.1166666666666666,rollout_joint,68,50.473849299,420.615410825,paper_base_holdoutfit,results/scheme_c_holdout_2026-04-26_rollout_tuned_full/configs/paper_base_holdoutfit.yaml
0.2333333333333333,0.2333333333333333,0.25,0.2333333333333333,0.25,0.372564266683067,0.6274357333169329,0.9283510302173874,1.8767851635962736,1.86867266229336,-8.105681351132075,0.0583333333333333,0.9416666666666668,0.8333333333333334,0.9333333333333332,0.9,0.1,security_margin,68,20.238522310000008,168.6543525833334,paper_base_holdoutfit,results/scheme_c_holdout_2026-04-26_rollout_tuned_full/configs/paper_base_holdoutfit.yaml
0.0398149952796019,0.0398149952796019,0.1333333333333333,0.1166666666666666,0.1333333333333333,0.7280875439048564,0.2719124560951436,1.530251972222556,0.4045721142357603,0.3954962032223015,-2.483450928364682,0.025,0.975,1.0,0.825,0.875,0.125,security_risk,68,20.358804814999985,169.65670679166655,paper_base_holdoutfit,results/scheme_c_holdout_2026-04-26_rollout_tuned_full/configs/paper_base_holdoutfit.yaml
0.15,0.15,0.15,0.1416666666666666,0.15,0.8846870822781088,0.1153129177218912,1.650955893005287,0.1169368806784551,0.1109691188147291,-1.7202501591171555,0.0166666666666666,0.9833333333333332,1.0,0.775,0.8833333333333333,0.1166666666666666,periodic,69,19.899804137000046,165.83170114166705,paper_base_holdoutfit,results/scheme_c_holdout_2026-04-26_rollout_tuned_full/configs/paper_base_holdoutfit.yaml
0.1770833333333333,0.1770833333333333,0.5583333333333333,0.525,0.5583333333333333,0.9056826974617236,0.0943173025382765,1.59462871565056,0.2170672581695085,0.2056478261953525,-1.2922125992314764,0.05,0.95,0.6916666666666667,0.8333333333333334,0.8916666666666667,0.1083333333333333,risk_adaptive_hybrid_rollout,69,50.71126704800008,422.59389206666737,paper_base_holdoutfit,results/scheme_c_holdout_2026-04-26_rollout_tuned_full/configs/paper_base_holdoutfit.yaml
0.1895833333333333,0.1895833333333333,0.3083333333333333,0.3083333333333333,0.3083333333333333,0.9051804698167956,0.0948195301832043,1.6584830753776627,0.0939638439576259,0.0890246823239647,-1.54100129224661,0.0,1.0,1.0,0.8666666666666667,0.8833333333333333,0.1166666666666666,rollout_joint,69,50.260560763000285,418.8380063583357,paper_base_holdoutfit,results/scheme_c_holdout_2026-04-26_rollout_tuned_full/configs/paper_base_holdoutfit.yaml
0.2333333333333333,0.2333333333333333,0.25,0.225,0.25,0.3605924664254281,0.6394075335745718,0.7128946818271219,1.678212437379518,1.665645539305232,-8.969665953271605,0.05,0.95,0.85,0.9,0.8833333333333333,0.1166666666666666,security_margin,69,20.4400903679998,170.33408639999834,paper_base_holdoutfit,results/scheme_c_holdout_2026-04-26_rollout_tuned_full/configs/paper_base_holdoutfit.yaml
0.0438811342764335,0.0438811342764335,0.1416666666666666,0.1166666666666666,0.1416666666666666,0.7180725489373169,0.281927451062683,1.5042889376915063,0.4782360968479102,0.4654886619893851,-2.4687948789864333,0.025,0.975,1.0,0.8,0.8833333333333333,0.1166666666666666,security_risk,69,20.56001088899984,171.33342407499867,paper_base_holdoutfit,results/scheme_c_holdout_2026-04-26_rollout_tuned_full/configs/paper_base_holdoutfit.yaml
0.15,0.15,0.15,0.1333333333333333,0.15,0.8630090133518549,0.1369909866481451,1.6234859050665849,0.1892287045574527,0.1772026443593051,-1.7927122769201924,0.0166666666666666,0.9833333333333332,1.0,0.75,0.8833333333333333,0.1166666666666666,periodic,70,19.96657856899992,166.388154741666,paper_base_holdoutfit,results/scheme_c_holdout_2026-04-26_rollout_tuned_full/configs/paper_base_holdoutfit.yaml
0.1875,0.1875,0.575,0.55,0.575,0.89001107866378,0.10998892133622,1.5108509593265589,0.3797198589012105,0.3728930893750989,-1.2070468848394014,0.0416666666666666,0.9583333333333334,0.5166666666666667,0.9583333333333334,0.9,0.1,risk_adaptive_hybrid_rollout,70,51.14315859899989,426.192988324999,paper_base_holdoutfit,results/scheme_c_holdout_2026-04-26_rollout_tuned_full/configs/paper_base_holdoutfit.yaml
0.1979166666666666,0.1979166666666666,0.3166666666666666,0.3,0.3166666666666666,0.9030536370220122,0.0969463629779876,1.6580899680797705,0.097289304176331,0.0890707388423105,-1.553252247400574,0.0,1.0,1.0,0.8333333333333334,0.8833333333333333,0.1166666666666666,rollout_joint,70,51.47610155299981,428.9675129416651,paper_base_holdoutfit,results/scheme_c_holdout_2026-04-26_rollout_tuned_full/configs/paper_base_holdoutfit.yaml
0.2333333333333333,0.2333333333333333,0.25,0.2416666666666666,0.25,0.3589874157772664,0.6410125842227337,0.8931698951795269,1.950545381307852,1.937974767584078,-8.342378374975022,0.05,0.95,0.7916666666666666,0.925,0.9083333333333332,0.0916666666666666,security_margin,70,20.88824840799998,174.06873673333317,paper_base_holdoutfit,results/scheme_c_holdout_2026-04-26_rollout_tuned_full/configs/paper_base_holdoutfit.yaml
0.0366582392939528,0.0366582392939528,0.125,0.1,0.125,0.7228980229280363,0.2771019770719637,1.502468238092043,0.4662659722872478,0.4578223878298067,-2.490625266587233,0.025,0.975,1.0,0.7833333333333333,0.8833333333333333,0.1166666666666666,security_risk,70,20.199779673000197,168.33149727500162,paper_base_holdoutfit,results/scheme_c_holdout_2026-04-26_rollout_tuned_full/configs/paper_base_holdoutfit.yaml
0.15,0.15,0.15,0.1333333333333333,0.15,0.8682425182334818,0.1317574817665182,1.626925120555359,0.1341850576368458,0.1265296277808491,-1.8369658815740824,0.0083333333333333,0.9916666666666668,1.0,0.7,0.8916666666666667,0.1083333333333333,periodic,71,20.583848107999984,171.53206756666654,paper_base_holdoutfit,results/scheme_c_holdout_2026-04-26_rollout_tuned_full/configs/paper_base_holdoutfit.yaml
0.1708333333333333,0.1708333333333333,0.5083333333333333,0.475,0.5083333333333333,0.8717301749881592,0.1282698250118407,1.4837080354470873,0.4516844516493878,0.4470556442633119,-1.2464032881525609,0.05,0.95,0.5583333333333333,0.925,0.9083333333333332,0.0916666666666666,risk_adaptive_hybrid_rollout,71,48.89793926099992,407.4828271749993,paper_base_holdoutfit,results/scheme_c_holdout_2026-04-26_rollout_tuned_full/configs/paper_base_holdoutfit.yaml
0.1895833333333333,0.1895833333333333,0.3083333333333333,0.3,0.3083333333333333,0.9079411130624304,0.0920588869375695,1.6436924437396172,0.0936668482124705,0.0867960265749099,-1.537674337576431,0.0,1.0,1.0,0.9,0.8916666666666667,0.1083333333333333,rollout_joint,71,51.76266115899989,431.3555096583325,paper_base_holdoutfit,results/scheme_c_holdout_2026-04-26_rollout_tuned_full/configs/paper_base_holdoutfit.yaml
0.2333333333333333,0.2333333333333333,0.2416666666666666,0.225,0.2416666666666666,0.3625463969981478,0.6374536030018522,0.712672636579804,1.6515100104296627,1.6410916821647288,-9.2790571276376,0.05,0.95,0.8666666666666667,0.9,0.9083333333333332,0.0916666666666666,security_margin,71,20.258747716000016,168.82289763333347,paper_base_holdoutfit,results/scheme_c_holdout_2026-04-26_rollout_tuned_full/configs/paper_base_holdoutfit.yaml
0.0369249316948644,0.0369249316948644,0.125,0.1166666666666666,0.125,0.7328157599738137,0.2671842400261864,1.4685614846620547,0.4576782483218487,0.4518709623386457,-2.4684892688840514,0.0166666666666666,0.9833333333333332,1.0,0.8333333333333334,0.8916666666666667,0.1083333333333333,security_risk,71,20.189770585000133,168.24808820833445,paper_base_holdoutfit,results/scheme_c_holdout_2026-04-26_rollout_tuned_full/configs/paper_base_holdoutfit.yaml
0.15,0.15,0.15,0.1416666666666666,0.15,0.8880831414102592,0.1119168585897407,1.6286712090289208,0.1215416755823248,0.1108220116918631,-1.7412823239520447,0.0083333333333333,0.9916666666666668,1.0,0.7416666666666667,0.8916666666666667,0.1083333333333333,periodic,72,19.04391250699973,158.69927089166444,paper_base_holdoutfit,results/scheme_c_holdout_2026-04-26_rollout_tuned_full/configs/paper_base_holdoutfit.yaml
0.1791666666666666,0.1791666666666666,0.5666666666666667,0.55,0.5666666666666667,0.8685297730910764,0.1314702269089235,1.4806074892497976,0.4927312751843554,0.4861051238049689,-1.1327438595088355,0.05,0.95,0.4583333333333333,0.925,0.9083333333333332,0.0916666666666666,risk_adaptive_hybrid_rollout,72,49.22622171100011,410.2185142583342,paper_base_holdoutfit,results/scheme_c_holdout_2026-04-26_rollout_tuned_full/configs/paper_base_holdoutfit.yaml
0.1979166666666666,0.1979166666666666,0.3166666666666666,0.3,0.3166666666666666,0.9056427644375744,0.0943572355624258,1.6476384867437457,0.091776129388577,0.0832831393180786,-1.5601976718763235,0.0,1.0,1.0,0.7833333333333333,0.8833333333333333,0.1166666666666666,rollout_joint,72,48.84386917399979,407.0322431166649,paper_base_holdoutfit,results/scheme_c_holdout_2026-04-26_rollout_tuned_full/configs/paper_base_holdoutfit.yaml
0.2333333333333332,0.2333333333333332,0.25,0.25,0.25,0.3648437953001999,0.6351562046998,0.7189941128715172,1.6615135191282604,1.6513134821115902,-8.846353285589926,0.05,0.95,0.825,0.9416666666666668,0.9083333333333332,0.0916666666666666,security_margin,72,19.85986089700009,165.49884080833408,paper_base_holdoutfit,results/scheme_c_holdout_2026-04-26_rollout_tuned_full/configs/paper_base_holdoutfit.yaml
0.0417092747337296,0.0417092747337296,0.1333333333333333,0.1083333333333333,0.1333333333333333,0.7350960042500644,0.2649039957499355,1.51368935264837,0.3990139814649122,0.3961073552602086,-2.521487286195144,0.0166666666666666,0.9833333333333332,1.0,0.8833333333333333,0.9,0.1,security_risk,72,19.10281336199978,159.19011134999815,paper_base_holdoutfit,results/scheme_c_holdout_2026-04-26_rollout_tuned_full/configs/paper_base_holdoutfit.yaml
0.15,0.15,0.15,0.125,0.15,0.8630888240159034,0.1369111759840966,1.5930470783881008,0.1734116905791197,0.1691569791778916,-1.8588515377036865,0.0083333333333333,0.9916666666666668,1.0,0.8666666666666667,0.9,0.1,periodic,73,19.724933816999965,164.3744484749997,paper_base_holdoutfit,results/scheme_c_holdout_2026-04-26_rollout_tuned_full/configs/paper_base_holdoutfit.yaml
0.1875,0.1875,0.525,0.4833333333333333,0.525,0.8496750609725848,0.1503249390274151,1.4359462764202056,0.5624260895474847,0.5513844081564805,-1.2629189067273694,0.05,0.95,0.5666666666666667,0.9083333333333332,0.9083333333333332,0.0916666666666666,risk_adaptive_hybrid_rollout,73,50.05754933800017,417.1462444833348,paper_base_holdoutfit,results/scheme_c_holdout_2026-04-26_rollout_tuned_full/configs/paper_base_holdoutfit.yaml
0.2,0.2,0.325,0.2833333333333333,0.325,0.9078236049404544,0.0921763950595456,1.6510043361322453,0.0916700445888646,0.0845276431137176,-1.5730799599785965,0.0,1.0,1.0,0.8416666666666667,0.8916666666666667,0.1083333333333333,rollout_joint,73,49.64658222799972,413.7215185666643,paper_base_holdoutfit,results/scheme_c_holdout_2026-04-26_rollout_tuned_full/configs/paper_base_holdoutfit.yaml
0.2333333333333333,0.2333333333333333,0.25,0.2333333333333333,0.25,0.3713696726087283,0.6286303273912718,0.7323363602249507,1.6356142579223765,1.6222874403630756,-9.247436185884007,0.05,0.95,0.8583333333333333,0.8916666666666667,0.9,0.1,security_margin,73,19.775320051999643,164.7943337666637,paper_base_holdoutfit,results/scheme_c_holdout_2026-04-26_rollout_tuned_full/configs/paper_base_holdoutfit.yaml
0.0363769987687446,0.0363769987687446,0.125,0.1166666666666666,0.125,0.73061714169167,0.2693828583083301,1.5113538449411177,0.4051010465246655,0.4035373259839944,-2.479661590678671,0.0166666666666666,0.9833333333333332,1.0,0.875,0.9,0.1,security_risk,73,19.558781082000223,162.98984235000185,paper_base_holdoutfit,results/scheme_c_holdout_2026-04-26_rollout_tuned_full/configs/paper_base_holdoutfit.yaml
0.15,0.15,0.15,0.1416666666666666,0.15,0.8866760381844192,0.1133239618155806,1.6554466167264588,0.1150545242497952,0.1037575206620562,-1.7218290000417322,0.0166666666666666,0.9833333333333332,1.0,0.7166666666666667,0.8833333333333333,0.1166666666666666,periodic,74,19.7842433259998,164.86869438333164,paper_base_holdoutfit,results/scheme_c_holdout_2026-04-26_rollout_tuned_full/configs/paper_base_holdoutfit.yaml
0.1958333333333333,0.1958333333333333,0.5333333333333333,0.4916666666666666,0.5333333333333333,0.908559288924332,0.0914407110756679,1.5791374540731955,0.217617249102213,0.2020498160926734,-1.3373520279346045,0.0583333333333333,0.9416666666666668,0.7333333333333333,0.8916666666666667,0.9,0.1,risk_adaptive_hybrid_rollout,74,49.49380636000024,412.4483863333353,paper_base_holdoutfit,results/scheme_c_holdout_2026-04-26_rollout_tuned_full/configs/paper_base_holdoutfit.yaml
0.1979166666666666,0.1979166666666666,0.3166666666666666,0.2916666666666667,0.3166666666666666,0.9042856701210216,0.0957143298789785,1.664150799924245,0.0966614741657358,0.0912114984915229,-1.5582812250120353,0.0083333333333333,0.9916666666666668,1.0,0.825,0.875,0.125,rollout_joint,74,49.82697654399999,415.22480453333327,paper_base_holdoutfit,results/scheme_c_holdout_2026-04-26_rollout_tuned_full/configs/paper_base_holdoutfit.yaml
0.2333333333333333,0.2333333333333333,0.2583333333333333,0.2333333333333333,0.2583333333333333,0.3547598281608104,0.6452401718391896,0.7092708241944162,1.6858664297631152,1.6640544423317791,-9.362525232623232,0.0333333333333333,0.9666666666666668,0.8333333333333334,0.9166666666666666,0.9,0.1,security_margin,74,19.50627073600026,162.5522561333355,paper_base_holdoutfit,results/scheme_c_holdout_2026-04-26_rollout_tuned_full/configs/paper_base_holdoutfit.yaml
0.0371305857069825,0.0371305857069825,0.125,0.1166666666666666,0.125,0.740312413894736,0.259687586105264,1.543347741549307,0.3736644373012304,0.3689279050846922,-2.470400948688017,0.025,0.975,1.0,0.85,0.8833333333333333,0.1166666666666666,security_risk,74,19.436532014000026,161.97110011666686,paper_base_holdoutfit,results/scheme_c_holdout_2026-04-26_rollout_tuned_full/configs/paper_base_holdoutfit.yaml
0.15,0.15,0.15,0.1333333333333333,0.15,0.8623459056963225,0.1376540943036775,1.6142736478885518,0.16947952393202,0.1585373514020136,-1.82111211059901,0.0083333333333333,0.9916666666666668,1.0,0.7166666666666667,0.8916666666666667,0.1083333333333333,periodic,75,19.30639024099992,160.88658534166598,paper_base_holdoutfit,results/scheme_c_holdout_2026-04-26_rollout_tuned_full/configs/paper_base_holdoutfit.yaml
0.1708333333333333,0.1708333333333333,0.5333333333333333,0.5,0.5333333333333333,0.8775646034579321,0.1224353965420679,1.5512536850111995,0.3802296414462899,0.3754424740353078,-1.2093569604036318,0.05,0.95,0.65,0.8833333333333333,0.8916666666666667,0.1083333333333333,risk_adaptive_hybrid_rollout,75,49.86657659999992,415.5548049999993,paper_base_holdoutfit,results/scheme_c_holdout_2026-04-26_rollout_tuned_full/configs/paper_base_holdoutfit.yaml
0.20625,0.20625,0.325,0.3,0.325,0.906922225821188,0.093077774178812,1.635803177050544,0.0879066337196324,0.0825646835111488,-1.5812833791293095,0.0,1.0,1.0,0.8166666666666667,0.9,0.1,rollout_joint,75,49.92122308800026,416.01019240000215,paper_base_holdoutfit,results/scheme_c_holdout_2026-04-26_rollout_tuned_full/configs/paper_base_holdoutfit.yaml
0.2333333333333333,0.2333333333333333,0.2583333333333333,0.225,0.2583333333333333,0.3814382555320078,0.6185617444679923,0.9375450873117972,1.7911715813042666,1.7806218414068335,-8.300179705143247,0.05,0.95,0.9083333333333332,0.875,0.8916666666666667,0.1083333333333333,security_margin,75,20.04344452800024,167.02870440000197,paper_base_holdoutfit,results/scheme_c_holdout_2026-04-26_rollout_tuned_full/configs/paper_base_holdoutfit.yaml
0.0375672604394346,0.0375672604394346,0.125,0.1166666666666666,0.125,0.7369406297630766,0.2630593702369235,1.5196061088143693,0.3905841599902898,0.385601822944938,-2.491067521450064,0.0166666666666666,0.9833333333333332,1.0,0.8833333333333333,0.9,0.1,security_risk,75,19.66156955099996,163.84641292499964,paper_base_holdoutfit,results/scheme_c_holdout_2026-04-26_rollout_tuned_full/configs/paper_base_holdoutfit.yaml
0.15,0.15,0.15,0.1416666666666666,0.15,0.8883982929444417,0.1116017070555583,1.6717998388776645,0.1136609901149792,0.101355623051886,-1.7085059248561714,0.025,0.975,1.0,0.725,0.875,0.125,periodic,76,19.433967271000256,161.94972725833546,paper_base_holdoutfit,results/scheme_c_holdout_2026-04-26_rollout_tuned_full/configs/paper_base_holdoutfit.yaml
0.16875,0.16875,0.575,0.5583333333333333,0.575,0.8799701715569436,0.1200298284430565,1.5477545780124804,0.3985996065794765,0.3928335477009244,-1.139839975901703,0.0583333333333333,0.9416666666666668,0.55,0.925,0.8833333333333333,0.1166666666666666,risk_adaptive_hybrid_rollout,76,49.559327151999696,412.99439293333074,paper_base_holdoutfit,results/scheme_c_holdout_2026-04-26_rollout_tuned_full/configs/paper_base_holdoutfit.yaml
0.1979166666666666,0.1979166666666666,0.3166666666666666,0.3,0.3166666666666666,0.9093833230971928,0.0906166769028072,1.6556026335674163,0.0823262536519344,0.0740348603877563,-1.559222579539651,0.0,1.0,1.0,0.8166666666666667,0.8833333333333333,0.1166666666666666,rollout_joint,76,49.731872048999776,414.43226707499815,paper_base_holdoutfit,results/scheme_c_holdout_2026-04-26_rollout_tuned_full/configs/paper_base_holdoutfit.yaml
0.2333333333333333,0.2333333333333333,0.2583333333333333,0.2583333333333333,0.2583333333333333,0.3814382579786425,0.6185617420213575,0.769592497743285,1.6323128345515054,1.6264003119353876,-8.599510497969066,0.0583333333333333,0.9416666666666668,0.8083333333333333,0.9416666666666668,0.8833333333333333,0.1166666666666666,security_margin,76,20.006510464999792,166.72092054166492,paper_base_holdoutfit,results/scheme_c_holdout_2026-04-26_rollout_tuned_full/configs/paper_base_holdoutfit.yaml
0.0372380040538589,0.0372380040538589,0.1333333333333333,0.125,0.1333333333333333,0.7259332753249085,0.2740667246750917,1.4284980291925131,0.531146772652693,0.5245062802866871,-2.4351091871726798,0.0166666666666666,0.9833333333333332,1.0,0.85,0.8833333333333333,0.1166666666666666,security_risk,76,19.98829594799963,166.56913289999693,paper_base_holdoutfit,results/scheme_c_holdout_2026-04-26_rollout_tuned_full/configs/paper_base_holdoutfit.yaml
0.15,0.15,0.15,0.1166666666666666,0.15,0.8390292896653281,0.1609707103346719,1.5843514953721607,0.2094163229677163,0.2004692661070276,-2.021736429420024,0.0083333333333333,0.9916666666666668,1.0,0.7333333333333333,0.9,0.1,periodic,77,19.53869316800001,162.82244306666675,paper_base_holdoutfit,results/scheme_c_holdout_2026-04-26_rollout_tuned_full/configs/paper_base_holdoutfit.yaml
0.1791666666666666,0.1791666666666666,0.5416666666666666,0.5083333333333333,0.5416666666666666,0.8523641618624381,0.1476358381375618,1.4997735134323746,0.4988362612896622,0.4923682763233558,-1.2252573233315294,0.05,0.95,0.5583333333333333,0.925,0.9,0.1,risk_adaptive_hybrid_rollout,77,50.33602460500015,419.4668717083345,paper_base_holdoutfit,results/scheme_c_holdout_2026-04-26_rollout_tuned_full/configs/paper_base_holdoutfit.yaml
0.2145833333333333,0.2145833333333333,0.3333333333333333,0.2916666666666667,0.3333333333333333,0.9038040664700678,0.0961959335299321,1.6422333036926038,0.0913372336325628,0.0840743883664348,-1.566182303187875,0.0083333333333333,0.9916666666666668,1.0,0.7833333333333333,0.8916666666666667,0.1083333333333333,rollout_joint,77,50.2038153819999,418.3651281833325,paper_base_holdoutfit,results/scheme_c_holdout_2026-04-26_rollout_tuned_full/configs/paper_base_holdoutfit.yaml
0.2333333333333333,0.2333333333333333,0.25,0.2416666666666666,0.25,0.3655123568171138,0.6344876431828863,0.7181154268630341,1.6681443129322495,1.6545168730700652,-8.954870804202683,0.05,0.95,0.825,0.925,0.9,0.1,security_margin,77,20.316089424999973,169.3007452083331,paper_base_holdoutfit,results/scheme_c_holdout_2026-04-26_rollout_tuned_full/configs/paper_base_holdoutfit.yaml
0.0387845083808763,0.0387845083808763,0.1333333333333333,0.125,0.1333333333333333,0.7445704011119739,0.255429598888026,1.5191493498182718,0.368513483836424,0.3648535176071215,-2.467761296974128,0.0,1.0,1.0,0.8583333333333333,0.9,0.1,security_risk,77,19.083371026999885,159.0280918916657,paper_base_holdoutfit,results/scheme_c_holdout_2026-04-26_rollout_tuned_full/configs/paper_base_holdoutfit.yaml
0.15,0.15,0.15,0.1416666666666666,0.15,0.8843541778215546,0.1156458221784455,1.6672804981582452,0.1266862021017988,0.1155441548516992,-1.699643237410831,0.025,0.975,1.0,0.8083333333333333,0.875,0.125,periodic,78,20.033879037000133,166.94899197500112,paper_base_holdoutfit,results/scheme_c_holdout_2026-04-26_rollout_tuned_full/configs/paper_base_holdoutfit.yaml
0.1895833333333333,0.1895833333333333,0.5583333333333333,0.525,0.5583333333333333,0.8630043717076613,0.1369956282923387,1.5290980652999395,0.46148170553461,0.4518071317410447,-1.186534004236892,0.05,0.95,0.5833333333333334,0.9333333333333332,0.8916666666666667,0.1083333333333333,risk_adaptive_hybrid_rollout,78,51.40126565899982,428.3438804916652,paper_base_holdoutfit,results/scheme_c_holdout_2026-04-26_rollout_tuned_full/configs/paper_base_holdoutfit.yaml
0.1979166666666666,0.1979166666666666,0.3166666666666666,0.3,0.3166666666666666,0.9038978309627836,0.0961021690372165,1.6672371215287876,0.0997205147157173,0.0944752011076019,-1.5574486388200175,0.0,1.0,0.9916666666666668,0.8666666666666667,0.875,0.125,rollout_joint,78,50.17001451299984,418.0834542749987,paper_base_holdoutfit,results/scheme_c_holdout_2026-04-26_rollout_tuned_full/configs/paper_base_holdoutfit.yaml
0.2327840911547518,0.2327840911547518,0.2583333333333333,0.25,0.2583333333333333,0.3750492154804734,0.6249507845195266,0.7635926734244348,1.640872005764585,1.633970873695022,-8.744096290202274,0.05,0.95,0.8,0.95,0.8916666666666667,0.1083333333333333,security_margin,78,20.392463364999912,169.9371947083326,paper_base_holdoutfit,results/scheme_c_holdout_2026-04-26_rollout_tuned_full/configs/paper_base_holdoutfit.yaml
0.0351028910552993,0.0351028910552993,0.1166666666666666,0.1083333333333333,0.1166666666666666,0.7392973948540909,0.2607026051459091,1.5567769909360298,0.3690601465535045,0.3594969794863611,-2.499484977110517,0.025,0.975,1.0,0.85,0.875,0.125,security_risk,78,19.811714662999748,165.09762219166456,paper_base_holdoutfit,results/scheme_c_holdout_2026-04-26_rollout_tuned_full/configs/paper_base_holdoutfit.yaml
0.15,0.15,0.15,0.1416666666666666,0.15,0.8858658821873127,0.1141341178126873,1.6522101193761076,0.1191213680293883,0.1102420085840839,-1.7195573277054097,0.0083333333333333,0.9916666666666668,1.0,0.8,0.8833333333333333,0.1166666666666666,periodic,79,20.323914380000133,169.36595316666777,paper_base_holdoutfit,results/scheme_c_holdout_2026-04-26_rollout_tuned_full/configs/paper_base_holdoutfit.yaml
0.18125,0.18125,0.55,0.5083333333333333,0.55,0.8999506389522536,0.1000493610477464,1.6091361210692028,0.2000782661109601,0.1884423357333455,-1.37029452407658,0.0583333333333333,0.9416666666666668,0.7083333333333334,0.9083333333333332,0.9,0.1,risk_adaptive_hybrid_rollout,79,50.93935528400016,424.494627366668,paper_base_holdoutfit,results/scheme_c_holdout_2026-04-26_rollout_tuned_full/configs/paper_base_holdoutfit.yaml
0.1979166666666666,0.1979166666666666,0.3166666666666666,0.2916666666666667,0.3166666666666666,0.9045846319929252,0.0954153680070747,1.659402899636372,0.093892233969964,0.0877396120771837,-1.5536477787899876,0.0166666666666666,0.9833333333333332,1.0,0.825,0.875,0.125,rollout_joint,79,51.02594938799984,425.21624489999874,paper_base_holdoutfit,results/scheme_c_holdout_2026-04-26_rollout_tuned_full/configs/paper_base_holdoutfit.yaml
0.2333333333333333,0.2333333333333333,0.25,0.2333333333333333,0.25,0.3610731570363931,0.6389268429636068,0.7172251783276982,1.6727155810730836,1.6601126826769388,-8.972461578097827,0.05,0.95,0.85,0.9083333333333332,0.9,0.1,security_margin,79,20.79555035600015,173.2962529666679,paper_base_holdoutfit,results/scheme_c_holdout_2026-04-26_rollout_tuned_full/configs/paper_base_holdoutfit.yaml
0.0336400759604561,0.0336400759604561,0.1166666666666666,0.1166666666666666,0.1166666666666666,0.7400395594228214,0.2599604405771786,1.5271674503654766,0.3836916405378025,0.3794723400013867,-2.4577759911031856,0.0166666666666666,0.9833333333333332,1.0,0.8166666666666667,0.8916666666666667,0.1083333333333333,security_risk,79,19.98026481199986,166.5022067666655,paper_base_holdoutfit,results/scheme_c_holdout_2026-04-26_rollout_tuned_full/configs/paper_base_holdoutfit.yaml
0.15,0.15,0.15,0.1416666666666666,0.15,0.8841583261203174,0.1158416738796826,1.6374278763202692,0.1238688298098882,0.1154436138721401,-1.7302156440273104,0.0083333333333333,0.9916666666666668,1.0,0.6916666666666667,0.8833333333333333,0.1166666666666666,periodic,80,19.962630477999937,166.3552539833328,paper_base_holdoutfit,results/scheme_c_holdout_2026-04-26_rollout_tuned_full/configs/paper_base_holdoutfit.yaml
0.16875,0.16875,0.575,0.5583333333333333,0.575,0.88543675197365,0.11456324802635,1.535910062073578,0.4171389030179859,0.4111440359469268,-1.133284808682951,0.0583333333333333,0.9416666666666668,0.55,0.9166666666666666,0.8916666666666667,0.1083333333333333,risk_adaptive_hybrid_rollout,80,50.98835853799983,424.9029878166652,paper_base_holdoutfit,results/scheme_c_holdout_2026-04-26_rollout_tuned_full/configs/paper_base_holdoutfit.yaml
0.1895833333333333,0.1895833333333333,0.3083333333333333,0.3,0.3083333333333333,0.9017156936717026,0.0982843063282974,1.6443710132160452,0.0961310307661795,0.0886636336087026,-1.5592590747269064,0.0,1.0,1.0,0.825,0.8833333333333333,0.1166666666666666,rollout_joint,80,50.96140435999996,424.6783696666663,paper_base_holdoutfit,results/scheme_c_holdout_2026-04-26_rollout_tuned_full/configs/paper_base_holdoutfit.yaml
0.2333333333333333,0.2333333333333333,0.2583333333333333,0.2583333333333333,0.2583333333333333,0.3742522020424162,0.6257477979575836,0.7455348411050386,1.6494203668159944,1.6405053645762606,-8.821879121719004,0.05,0.95,0.7916666666666666,0.9166666666666666,0.8916666666666667,0.1083333333333333,security_margin,80,20.555791725999825,171.29826438333188,paper_base_holdoutfit,results/scheme_c_holdout_2026-04-26_rollout_tuned_full/configs/paper_base_holdoutfit.yaml
0.0344315261336141,0.0344315261336141,0.1166666666666666,0.1166666666666666,0.1166666666666666,0.7430792953062143,0.2569207046937858,1.5267000468812837,0.3744992322353119,0.3723932455486152,-2.435278965251568,0.0083333333333333,0.9916666666666668,1.0,0.8916666666666667,0.8916666666666667,0.1083333333333333,security_risk,80,20.69415080299996,172.45125669166632,paper_base_holdoutfit,results/scheme_c_holdout_2026-04-26_rollout_tuned_full/configs/paper_base_holdoutfit.yaml
0.15,0.15,0.15,0.1416666666666666,0.15,0.885965500386665,0.1140344996133349,1.6399477504016933,0.122865802461822,0.110099549419335,-1.7333501428317648,0.0166666666666666,0.9833333333333332,1.0,0.7666666666666667,0.8916666666666667,0.1083333333333333,periodic,81,20.05305009599988,167.108750799999,paper_base_holdoutfit,results/scheme_c_holdout_2026-04-26_rollout_tuned_full/configs/paper_base_holdoutfit.yaml
0.16875,0.16875,0.575,0.5333333333333333,0.575,0.8784250645939603,0.1215749354060396,1.5696491125544232,0.3482661229640295,0.3380206346235354,-1.1871819050026793,0.0333333333333333,0.9666666666666668,0.6333333333333333,0.8666666666666667,0.8833333333333333,0.1166666666666666,risk_adaptive_hybrid_rollout,81,49.28696373499997,410.7246977916664,paper_base_holdoutfit,results/scheme_c_holdout_2026-04-26_rollout_tuned_full/configs/paper_base_holdoutfit.yaml
0.20625,0.20625,0.325,0.3,0.325,0.9093238001128692,0.0906761998871308,1.6555492437079655,0.0815942321836447,0.0750561925476531,-1.568194503521426,0.0,1.0,1.0,0.7916666666666666,0.8833333333333333,0.1166666666666666,rollout_joint,81,51.4705285240002,428.92107103333495,paper_base_holdoutfit,results/scheme_c_holdout_2026-04-26_rollout_tuned_full/configs/paper_base_holdoutfit.yaml
0.2333333333333333,0.2333333333333333,0.2666666666666666,0.2333333333333333,0.2666666666666666,0.3669629023574062,0.6330370976425939,0.7503280288134,1.645767728882197,1.6352932629309858,-8.894552010562029,0.0333333333333333,0.9666666666666668,0.85,0.875,0.8833333333333333,0.1166666666666666,security_margin,81,20.23689641800001,168.64080348333346,paper_base_holdoutfit,results/scheme_c_holdout_2026-04-26_rollout_tuned_full/configs/paper_base_holdoutfit.yaml
0.0348629556377631,0.0348629556377631,0.1166666666666666,0.1166666666666666,0.1166666666666666,0.7423165819410625,0.2576834180589374,1.55145086359037,0.3473682300885798,0.3408677619640981,-2.4906377266334405,0.025,0.975,1.0,0.875,0.8833333333333333,0.1166666666666666,security_risk,81,20.26434572700009,168.86954772500076,paper_base_holdoutfit,results/scheme_c_holdout_2026-04-26_rollout_tuned_full/configs/paper_base_holdoutfit.yaml
0.1571428571428571,0.1571428571428571,0.1571428571428571,0.15,0.1571428571428571,0.7835765103389637,0.2164234896610362,1.3102541684740214,0.4781075051507359,0.4684286358658587,-2.6058123949494987,0.0071428571428571,0.9928571428571428,1.0,0.7857142857142857,0.95,0.05,periodic,62,22.88759602400023,163.4828287428588,paper_hard_holdoutfit,results/scheme_c_holdout_2026-04-26_rollout_tuned_full/configs/paper_hard_holdoutfit.yaml
0.1321428571428571,0.1321428571428571,0.5285714285714286,0.5,0.5285714285714286,0.911104293523062,0.0888957064769379,1.3730973391025214,0.2807962603335242,0.280732380839449,-1.5344164241971645,0.0214285714285714,0.9785714285714284,0.6571428571428571,0.9857142857142858,0.9642857142857144,0.0357142857142857,risk_adaptive_hybrid_rollout,62,332.9081801309999,2377.915572364285,paper_hard_holdoutfit,results/scheme_c_holdout_2026-04-26_rollout_tuned_full/configs/paper_hard_holdoutfit.yaml
0.1017857142857142,0.1017857142857142,0.3928571428571428,0.3857142857142857,0.3928571428571428,0.9396191925146926,0.0603808074853073,1.444264509668905,0.086804909129311,0.0783189675654,-1.6897085429807457,0.0,1.0,1.0,0.8,0.95,0.05,rollout_joint,62,335.74486705599975,2398.177621828569,paper_hard_holdoutfit,results/scheme_c_holdout_2026-04-26_rollout_tuned_full/configs/paper_hard_holdoutfit.yaml
0.1571428571428571,0.1571428571428571,0.1714285714285714,0.1642857142857142,0.1714285714285714,0.2948183623875948,0.7051816376124052,0.4570674545339062,1.5908843150805931,1.5748865268114949,-15.323956720170068,0.0142857142857142,0.9857142857142858,0.8857142857142857,0.9642857142857144,0.9642857142857144,0.0357142857142857,security_margin,62,23.306084761999955,166.47203401428538,paper_hard_holdoutfit,results/scheme_c_holdout_2026-04-26_rollout_tuned_full/configs/paper_hard_holdoutfit.yaml
0.0402376298744478,0.0402376298744478,0.1285714285714285,0.1214285714285714,0.1285714285714285,0.7211682794154931,0.278831720584507,1.2509733249178143,0.4905781202451797,0.4888429350915791,-2.8823081412253275,0.0,1.0,1.0,0.9285714285714286,0.95,0.05,security_risk,62,22.63485493500002,161.67753525000015,paper_hard_holdoutfit,results/scheme_c_holdout_2026-04-26_rollout_tuned_full/configs/paper_hard_holdoutfit.yaml
0.1571428571428571,0.1571428571428571,0.1571428571428571,0.1571428571428571,0.1571428571428571,0.7926711421653713,0.2073288578346287,1.349039499246216,0.4230528768212589,0.4141430265270739,-2.566262662670639,0.0071428571428571,0.9928571428571428,1.0,0.7285714285714285,0.9285714285714286,0.0714285714285714,periodic,63,23.646258806999867,168.90184862142763,paper_hard_holdoutfit,results/scheme_c_holdout_2026-04-26_rollout_tuned_full/configs/paper_hard_holdoutfit.yaml
0.1357142857142857,0.1357142857142857,0.5142857142857142,0.4714285714285714,0.5142857142857142,0.911498658308491,0.088501341691509,1.3991852738524648,0.2458619779903512,0.2433494652423455,-1.5796157148516838,0.0142857142857142,0.9857142857142858,0.75,0.9357142857142856,0.95,0.05,risk_adaptive_hybrid_rollout,63,225.6291515019998,1611.6367964428557,paper_hard_holdoutfit,results/scheme_c_holdout_2026-04-26_rollout_tuned_full/configs/paper_hard_holdoutfit.yaml
0.1035714285714285,0.1035714285714285,0.4142857142857143,0.3714285714285714,0.4142857142857143,0.9365528916044582,0.0634471083955419,1.4867604595167856,0.0834947849805008,0.077223860559996,-1.662512955582956,0.0214285714285714,0.9785714285714284,1.0,0.8214285714285714,0.9285714285714286,0.0714285714285714,rollout_joint,63,250.919056833,1792.2789773785714,paper_hard_holdoutfit,results/scheme_c_holdout_2026-04-26_rollout_tuned_full/configs/paper_hard_holdoutfit.yaml
0.1571428571428571,0.1571428571428571,0.1642857142857142,0.1428571428571428,0.1642857142857142,0.3014478177919042,0.6985521822080957,0.5168659483613751,1.5241734448887765,1.5014221092125757,-15.950978815964104,0.0142857142857142,0.9857142857142858,0.9642857142857144,0.9071428571428573,0.95,0.05,security_margin,63,22.12902715600012,158.06447968571516,paper_hard_holdoutfit,results/scheme_c_holdout_2026-04-26_rollout_tuned_full/configs/paper_hard_holdoutfit.yaml
0.0379117642230279,0.0379117642230279,0.1214285714285714,0.1142857142857142,0.1214285714285714,0.7153781267296893,0.2846218732703107,1.3014662709421088,0.5034982147406626,0.496079101849035,-2.841256634263488,0.0071428571428571,0.9928571428571428,1.0,0.9,0.9357142857142856,0.0642857142857142,security_risk,63,23.14209885700029,165.30070612143066,paper_hard_holdoutfit,results/scheme_c_holdout_2026-04-26_rollout_tuned_full/configs/paper_hard_holdoutfit.yaml
0.1571428571428571,0.1571428571428571,0.1571428571428571,0.15,0.1571428571428571,0.7980863469495556,0.2019136530504443,1.3579613656106442,0.3394742255247813,0.3347418568635695,-2.6797723822509703,0.0,1.0,1.0,0.8142857142857143,0.9428571428571428,0.0571428571428571,periodic,64,14.686326044999989,104.90232889285706,paper_hard_holdoutfit,results/scheme_c_holdout_2026-04-26_rollout_tuned_full/configs/paper_hard_holdoutfit.yaml
0.1339285714285714,0.1339285714285714,0.5142857142857142,0.4928571428571429,0.5142857142857142,0.904320304749568,0.0956796952504318,1.373512297581029,0.2926829449549597,0.2902165930797204,-1.542601653608178,0.0285714285714285,0.9714285714285714,0.6357142857142857,0.9571428571428572,0.9571428571428572,0.0428571428571428,risk_adaptive_hybrid_rollout,64,216.5510324220004,1546.7930887285745,paper_hard_holdoutfit,results/scheme_c_holdout_2026-04-26_rollout_tuned_full/configs/paper_hard_holdoutfit.yaml
0.1017857142857142,0.1017857142857142,0.4071428571428571,0.3785714285714285,0.4071428571428571,0.9405895767888588,0.0594104232111412,1.4637845635912494,0.0742635572082084,0.0678720083022533,-1.6745581534550655,0.0071428571428571,0.9928571428571428,1.0,0.85,0.95,0.05,rollout_joint,64,223.97721934199944,1599.8372810142816,paper_hard_holdoutfit,results/scheme_c_holdout_2026-04-26_rollout_tuned_full/configs/paper_hard_holdoutfit.yaml
0.1571428571428571,0.1571428571428571,0.1714285714285714,0.1642857142857142,0.1714285714285714,0.3223511911582604,0.6776488088417395,0.5443708604313066,1.4958277337979138,1.48146487937717,-14.82498455729199,0.0285714285714285,0.9714285714285714,0.9142857142857144,0.9357142857142856,0.9571428571428572,0.0428571428571428,security_margin,64,16.139564635999704,115.28260454285504,paper_hard_holdoutfit,results/scheme_c_holdout_2026-04-26_rollout_tuned_full/configs/paper_hard_holdoutfit.yaml
0.0370610728606324,0.0370610728606324,0.1214285714285714,0.1142857142857142,0.1214285714285714,0.7247712709328602,0.2752287290671397,1.2990148436968838,0.4691243787511485,0.4666490873122172,-2.848165629217004,0.0,1.0,1.0,0.8928571428571429,0.9357142857142856,0.0642857142857142,security_risk,64,15.321363084999575,109.43830774999697,paper_hard_holdoutfit,results/scheme_c_holdout_2026-04-26_rollout_tuned_full/configs/paper_hard_holdoutfit.yaml
0.1571428571428571,0.1571428571428571,0.1571428571428571,0.1571428571428571,0.1571428571428571,0.78043347111539,0.21956652888461,1.27534059311034,0.5374119820839539,0.5315378031355984,-2.513358416350952,0.0,1.0,1.0,0.8214285714285714,0.95,0.05,periodic,65,15.964997590000166,114.03569707142977,paper_hard_holdoutfit,results/scheme_c_holdout_2026-04-26_rollout_tuned_full/configs/paper_hard_holdoutfit.yaml
0.1357142857142857,0.1357142857142857,0.5285714285714286,0.4571428571428571,0.5285714285714286,0.905913983208214,0.0940860167917859,1.4155258732524243,0.2360972220208517,0.2331195246233167,-1.628951052188264,0.0214285714285714,0.9785714285714284,0.7642857142857142,0.9571428571428572,0.95,0.05,risk_adaptive_hybrid_rollout,65,214.16537979799975,1529.7527128428555,paper_hard_holdoutfit,results/scheme_c_holdout_2026-04-26_rollout_tuned_full/configs/paper_hard_holdoutfit.yaml
0.1,0.1,0.4,0.3642857142857142,0.4,0.9370266168191786,0.0629733831808215,1.4649210670597324,0.0827126474074613,0.0752036498650547,-1.6839466121765638,0.0,1.0,1.0,0.8571428571428571,0.95,0.05,rollout_joint,65,215.55162849799945,1539.6544892714246,paper_hard_holdoutfit,results/scheme_c_holdout_2026-04-26_rollout_tuned_full/configs/paper_hard_holdoutfit.yaml
0.1571428571428571,0.1571428571428571,0.1642857142857142,0.1357142857142857,0.1642857142857142,0.3049601486835967,0.6950398513164034,0.5186748416913851,1.512605201455431,1.4942564759227313,-15.818017992603624,0.0142857142857142,0.9857142857142858,0.9714285714285714,0.9,0.95,0.05,security_margin,65,15.98038739599997,114.14562425714264,paper_hard_holdoutfit,results/scheme_c_holdout_2026-04-26_rollout_tuned_full/configs/paper_hard_holdoutfit.yaml
0.0332510364066712,0.0332510364066712,0.1142857142857142,0.1142857142857142,0.1142857142857142,0.7399512656268229,0.2600487343731771,1.3028572780523269,0.4428405689686254,0.4403609567922533,-2.788176631299844,0.0,1.0,0.9928571428571428,0.9285714285714286,0.9428571428571428,0.0571428571428571,security_risk,65,15.036117655999988,107.40084039999992,paper_hard_holdoutfit,results/scheme_c_holdout_2026-04-26_rollout_tuned_full/configs/paper_hard_holdoutfit.yaml
0.1571428571428571,0.1571428571428571,0.1571428571428571,0.15,0.1571428571428571,0.7592854062457483,0.2407145937542518,1.2664975696035097,0.6357318372084625,0.6237391408867716,-2.524367599506065,0.0,1.0,1.0,0.7785714285714286,0.95,0.05,periodic,66,14.980509459000132,107.00363899285809,paper_hard_holdoutfit,results/scheme_c_holdout_2026-04-26_rollout_tuned_full/configs/paper_hard_holdoutfit.yaml
0.1339285714285714,0.1339285714285714,0.5142857142857142,0.4857142857142857,0.5142857142857142,0.9010811955643216,0.0989188044356784,1.3397165034487444,0.3456143901130959,0.3431371868357364,-1.5311759109064895,0.0214285714285714,0.9785714285714284,0.6928571428571428,0.9571428571428572,0.95,0.05,risk_adaptive_hybrid_rollout,66,210.9486698849996,1506.776213464283,paper_hard_holdoutfit,results/scheme_c_holdout_2026-04-26_rollout_tuned_full/configs/paper_hard_holdoutfit.yaml
0.1017857142857142,0.1017857142857142,0.3928571428571428,0.3714285714285714,0.3928571428571428,0.9341628818965044,0.0658371181034958,1.4811359547572969,0.0918698309982178,0.0845284058165363,-1.665363653130561,0.0142857142857142,0.9857142857142858,1.0,0.8214285714285714,0.9428571428571428,0.0571428571428571,rollout_joint,66,227.42413736700016,1624.4581240500013,paper_hard_holdoutfit,results/scheme_c_holdout_2026-04-26_rollout_tuned_full/configs/paper_hard_holdoutfit.yaml
0.1558674511121152,0.1558674511121152,0.1642857142857142,0.15,0.1642857142857142,0.298904158029381,0.701095841970619,0.5258954767428281,1.5175267850865752,1.498904885600254,-15.881312568909724,0.0142857142857142,0.9857142857142858,0.9428571428571428,0.9071428571428573,0.95,0.05,security_margin,66,14.576911340000152,104.12079528571536,paper_hard_holdoutfit,results/scheme_c_holdout_2026-04-26_rollout_tuned_full/configs/paper_hard_holdoutfit.yaml
0.0371245473052666,0.0371245473052666,0.1285714285714285,0.1285714285714285,0.1285714285714285,0.7400856952000053,0.2599143047999947,1.2787600727160109,0.4559547747949173,0.4529093323150245,-2.7738182320561644,0.0,1.0,1.0,0.9214285714285714,0.95,0.05,security_risk,66,15.600482466999892,111.4320176214278,paper_hard_holdoutfit,results/scheme_c_holdout_2026-04-26_rollout_tuned_full/configs/paper_hard_holdoutfit.yaml
0.1571428571428571,0.1571428571428571,0.1571428571428571,0.1571428571428571,0.1571428571428571,0.7782689749674335,0.2217310250325665,1.2603076290416022,0.5570204595746095,0.5490121808800944,-2.528555472487174,0.0,1.0,1.0,0.7857142857142857,0.9714285714285714,0.0285714285714285,periodic,67,22.57198605199983,161.22847179999877,paper_hard_holdoutfit,results/scheme_c_holdout_2026-04-26_rollout_tuned_full/configs/paper_hard_holdoutfit.yaml
0.1339285714285714,0.1339285714285714,0.4857142857142857,0.4428571428571428,0.4857142857142857,0.9231433517537656,0.0768566482462345,1.4149891361548377,0.1562613850888116,0.1481204683332397,-1.6607398639081068,0.0071428571428571,0.9928571428571428,0.8285714285714286,0.9357142857142856,0.9642857142857144,0.0357142857142857,risk_adaptive_hybrid_rollout,67,322.987995813,2307.05711295,paper_hard_holdoutfit,results/scheme_c_holdout_2026-04-26_rollout_tuned_full/configs/paper_hard_holdoutfit.yaml
0.0982142857142857,0.0982142857142857,0.3857142857142857,0.3785714285714285,0.3857142857142857,0.9377926023983958,0.0622073976016042,1.4347773510343216,0.0930679760102347,0.0842439150704773,-1.6990353380076484,0.0,1.0,1.0,0.8571428571428571,0.9642857142857144,0.0357142857142857,rollout_joint,67,332.5654546300002,2375.4675330714304,paper_hard_holdoutfit,results/scheme_c_holdout_2026-04-26_rollout_tuned_full/configs/paper_hard_holdoutfit.yaml
0.1571428571428571,0.1571428571428571,0.1642857142857142,0.1428571428571428,0.1642857142857142,0.2723602190683712,0.7276397809316287,0.4628772469303669,1.57433769714523,1.545238547868902,-16.169884627177318,0.0,1.0,0.9357142857142856,0.9357142857142856,0.9642857142857144,0.0357142857142857,security_margin,67,23.18952752200039,165.63948230000278,paper_hard_holdoutfit,results/scheme_c_holdout_2026-04-26_rollout_tuned_full/configs/paper_hard_holdoutfit.yaml
0.0400557017550247,0.0400557017550247,0.1285714285714285,0.0928571428571428,0.1285714285714285,0.6958422578833398,0.3041577421166602,1.1908096172130886,0.6223246811742744,0.6198262349622685,-2.927443572995825,0.0,1.0,1.0,0.9142857142857144,0.9571428571428572,0.0428571428571428,security_risk,67,22.10300830899996,157.87863077857114,paper_hard_holdoutfit,results/scheme_c_holdout_2026-04-26_rollout_tuned_full/configs/paper_hard_holdoutfit.yaml
0.1571428571428571,0.1571428571428571,0.1571428571428571,0.1571428571428571,0.1571428571428571,0.7766209113172439,0.2233790886827562,1.2935920631036288,0.5777421824719297,0.5714017227083751,-2.471698547596698,0.0071428571428571,0.9928571428571428,1.0,0.7714285714285715,0.9357142857142856,0.0642857142857142,periodic,68,23.25063858900012,166.07598992142945,paper_hard_holdoutfit,results/scheme_c_holdout_2026-04-26_rollout_tuned_full/configs/paper_hard_holdoutfit.yaml
0.1321428571428571,0.1321428571428571,0.5142857142857142,0.5,0.5142857142857142,0.9118765982068764,0.0881234017931236,1.4037438648291614,0.2785365789935092,0.2718079257063414,-1.5146448964174568,0.0357142857142857,0.9642857142857144,0.65,0.95,0.95,0.05,risk_adaptive_hybrid_rollout,68,211.43311907000043,1510.2365647857173,paper_hard_holdoutfit,results/scheme_c_holdout_2026-04-26_rollout_tuned_full/configs/paper_hard_holdoutfit.yaml
0.1053571428571428,0.1053571428571428,0.4071428571428571,0.3785714285714285,0.4071428571428571,0.935105081665634,0.0648949183343659,1.4610317055101316,0.0920480969539604,0.0864861558959109,-1.6835664361267273,0.0071428571428571,0.9928571428571428,1.0,0.8857142857142857,0.95,0.05,rollout_joint,68,252.320247314,1802.2874808142856,paper_hard_holdoutfit,results/scheme_c_holdout_2026-04-26_rollout_tuned_full/configs/paper_hard_holdoutfit.yaml
0.1571428571428571,0.1571428571428571,0.1785714285714285,0.1785714285714285,0.1785714285714285,0.304201663131851,0.695798336868149,0.5162535248183631,1.555659341243171,1.5426536437424443,-14.770900277235617,0.0214285714285714,0.9785714285714284,0.8857142857142857,0.95,0.9571428571428572,0.0428571428571428,security_margin,68,22.897597250999752,163.55426607856967,paper_hard_holdoutfit,results/scheme_c_holdout_2026-04-26_rollout_tuned_full/configs/paper_hard_holdoutfit.yaml
0.0389591636936232,0.0389591636936232,0.1285714285714285,0.1142857142857142,0.1285714285714285,0.7044514272491875,0.2955485727508124,1.2754331749529346,0.549126269919206,0.5413447290437741,-2.8551578329308014,0.0,1.0,1.0,0.8714285714285714,0.9357142857142856,0.0642857142857142,security_risk,68,23.57068630399999,168.36204502857137,paper_hard_holdoutfit,results/scheme_c_holdout_2026-04-26_rollout_tuned_full/configs/paper_hard_holdoutfit.yaml
0.1571428571428571,0.1571428571428571,0.1571428571428571,0.1357142857142857,0.1571428571428571,0.7639365182017813,0.2360634817982187,1.285213567995266,0.4851921779740377,0.4786004033657383,-2.719937084321148,0.0,1.0,1.0,0.7928571428571428,0.95,0.05,periodic,69,14.706503262999831,105.04645187857022,paper_hard_holdoutfit,results/scheme_c_holdout_2026-04-26_rollout_tuned_full/configs/paper_hard_holdoutfit.yaml
0.1339285714285714,0.1339285714285714,0.4857142857142857,0.4642857142857143,0.4857142857142857,0.9170506895158704,0.0829493104841296,1.44695113622941,0.1943518724628834,0.1874525607497086,-1.577848245157149,0.0285714285714285,0.9714285714285714,0.7214285714285714,0.9428571428571428,0.9428571428571428,0.0571428571428571,risk_adaptive_hybrid_rollout,69,208.59406051899987,1489.9575751357131,paper_hard_holdoutfit,results/scheme_c_holdout_2026-04-26_rollout_tuned_full/configs/paper_hard_holdoutfit.yaml
0.1035714285714285,0.1035714285714285,0.4,0.3642857142857142,0.4,0.9319446385057794,0.0680553614942204,1.4551882672200298,0.096013316144988,0.0915600304807236,-1.6891103903625817,0.0,1.0,1.0,0.8642857142857143,0.95,0.05,rollout_joint,69,214.63386784799968,1533.0990560571406,paper_hard_holdoutfit,results/scheme_c_holdout_2026-04-26_rollout_tuned_full/configs/paper_hard_holdoutfit.yaml
0.1571428571428571,0.1571428571428571,0.1714285714285714,0.1571428571428571,0.1714285714285714,0.3007776668213999,0.6992223331786003,0.560330882287865,1.4879368937704405,1.4741949083143489,-15.27519867203901,0.0285714285714285,0.9714285714285714,0.9357142857142856,0.9071428571428573,0.9428571428571428,0.0571428571428571,security_margin,69,15.324677564000012,109.46198260000008,paper_hard_holdoutfit,results/scheme_c_holdout_2026-04-26_rollout_tuned_full/configs/paper_hard_holdoutfit.yaml
0.037291931399805,0.037291931399805,0.1285714285714285,0.1,0.1285714285714285,0.7360967442339669,0.2639032557660331,1.2598126118383914,0.4918906006268531,0.4811600011745934,-2.8315435986201423,0.0,1.0,1.0,0.8071428571428572,0.9357142857142856,0.0642857142857142,security_risk,69,14.872509611000169,106.23221150714406,paper_hard_holdoutfit,results/scheme_c_holdout_2026-04-26_rollout_tuned_full/configs/paper_hard_holdoutfit.yaml
0.1571428571428571,0.1571428571428571,0.1571428571428571,0.15,0.1571428571428571,0.777764331054171,0.222235668945829,1.2963846677888855,0.5216590815217172,0.5105130836804201,-2.561808525076798,0.0,1.0,1.0,0.7357142857142858,0.9428571428571428,0.0571428571428571,periodic,70,14.997937882999397,107.12812773570997,paper_hard_holdoutfit,results/scheme_c_holdout_2026-04-26_rollout_tuned_full/configs/paper_hard_holdoutfit.yaml
0.1357142857142857,0.1357142857142857,0.5428571428571428,0.4928571428571429,0.5428571428571428,0.9196731974475788,0.0803268025524212,1.411999200886466,0.1951394922689763,0.1924820712759341,-1.5921287027418376,0.0357142857142857,0.9642857142857144,0.7428571428571429,0.9428571428571428,0.9857142857142858,0.0142857142857142,risk_adaptive_hybrid_rollout,70,223.52536851399964,1596.6097750999973,paper_hard_holdoutfit,results/scheme_c_holdout_2026-04-26_rollout_tuned_full/configs/paper_hard_holdoutfit.yaml
0.1017857142857142,0.1017857142857142,0.3928571428571428,0.3785714285714285,0.3928571428571428,0.9382591991496751,0.0617408008503247,1.4585165619778853,0.0840849244371804,0.0765761338013532,-1.683536471871776,0.0071428571428571,0.9928571428571428,1.0,0.8357142857142857,0.95,0.05,rollout_joint,70,211.4014665449995,1510.010475321425,paper_hard_holdoutfit,results/scheme_c_holdout_2026-04-26_rollout_tuned_full/configs/paper_hard_holdoutfit.yaml
0.1571428571428571,0.1571428571428571,0.1785714285714285,0.1785714285714285,0.1785714285714285,0.3038231259281449,0.696176874071855,0.464453624685101,1.5976391184662566,1.5854476618480102,-15.070333392353987,0.0142857142857142,0.9857142857142858,0.85,0.9714285714285714,0.9785714285714284,0.0214285714285714,security_margin,70,14.263602892000565,101.88287780000402,paper_hard_holdoutfit,results/scheme_c_holdout_2026-04-26_rollout_tuned_full/configs/paper_hard_holdoutfit.yaml
0.0388162240152338,0.0388162240152338,0.1285714285714285,0.1142857142857142,0.1285714285714285,0.7159033215741919,0.284096678425808,1.2194328305763695,0.5953382163689034,0.5893662773709716,-2.8299694218956275,0.0,1.0,1.0,0.8642857142857143,0.9357142857142856,0.0642857142857142,security_risk,70,14.680708068000058,104.8622004857147,paper_hard_holdoutfit,results/scheme_c_holdout_2026-04-26_rollout_tuned_full/configs/paper_hard_holdoutfit.yaml
0.1571428571428571,0.1571428571428571,0.1571428571428571,0.1428571428571428,0.1571428571428571,0.7904641225239318,0.209535877476068,1.2978632592412347,0.4077142462072937,0.4001489277787092,-2.7164900944476424,0.0,1.0,1.0,0.8142857142857143,0.95,0.05,periodic,71,15.378370163,109.84550116428572,paper_hard_holdoutfit,results/scheme_c_holdout_2026-04-26_rollout_tuned_full/configs/paper_hard_holdoutfit.yaml
0.1321428571428571,0.1321428571428571,0.5142857142857142,0.4785714285714286,0.5142857142857142,0.906246112083756,0.0937538879162439,1.373004940557869,0.295755979409628,0.2942135190813629,-1.5432725952854478,0.0142857142857142,0.9857142857142858,0.65,0.9785714285714284,0.9642857142857144,0.0357142857142857,risk_adaptive_hybrid_rollout,71,211.99737244400055,1514.2669460285754,paper_hard_holdoutfit,results/scheme_c_holdout_2026-04-26_rollout_tuned_full/configs/paper_hard_holdoutfit.yaml
0.1017857142857142,0.1017857142857142,0.3928571428571428,0.3785714285714285,0.3928571428571428,0.9360139327975366,0.0639860672024632,1.4469624975738231,0.0961036561849581,0.0896990548317467,-1.684001595807317,0.0,1.0,1.0,0.8928571428571429,0.9571428571428572,0.0428571428571428,rollout_joint,71,214.48182182399975,1532.01301302857,paper_hard_holdoutfit,results/scheme_c_holdout_2026-04-26_rollout_tuned_full/configs/paper_hard_holdoutfit.yaml
0.1571428571428571,0.1571428571428571,0.1714285714285714,0.15,0.1714285714285714,0.2910095050553856,0.7089904949446145,0.6537420733109817,1.8250238021492775,1.810555627570064,-14.73228123306954,0.0214285714285714,0.9785714285714284,0.9285714285714286,0.9071428571428573,0.9642857142857144,0.0357142857142857,security_margin,71,14.083369977000077,100.59549983571482,paper_hard_holdoutfit,results/scheme_c_holdout_2026-04-26_rollout_tuned_full/configs/paper_hard_holdoutfit.yaml
0.0386753145746859,0.0386753145746859,0.1285714285714285,0.1214285714285714,0.1285714285714285,0.7322822125430256,0.2677177874569745,1.281635758761961,0.4532741855512258,0.4480403669172209,-2.8551254277271263,0.0,1.0,1.0,0.8785714285714286,0.95,0.05,security_risk,71,15.528350988000057,110.91679277142896,paper_hard_holdoutfit,results/scheme_c_holdout_2026-04-26_rollout_tuned_full/configs/paper_hard_holdoutfit.yaml
0.1571428571428571,0.1571428571428571,0.1571428571428571,0.15,0.1571428571428571,0.7625916804849312,0.2374083195150688,1.272343981132259,0.6356696568230098,0.6238304829067391,-2.4812543617078964,0.0,1.0,1.0,0.7357142857142858,0.95,0.05,periodic,72,22.503555188000064,160.73967991428617,paper_hard_holdoutfit,results/scheme_c_holdout_2026-04-26_rollout_tuned_full/configs/paper_hard_holdoutfit.yaml
0.1375,0.1375,0.5285714285714286,0.5071428571428571,0.5285714285714286,0.895164634059504,0.104835365940496,1.3370861810006585,0.3588203356658683,0.3497306155910731,-1.5226565533148653,0.0214285714285714,0.9785714285714284,0.65,0.95,0.9571428571428572,0.0428571428571428,risk_adaptive_hybrid_rollout,72,328.34928772800004,2345.3520552,paper_hard_holdoutfit,results/scheme_c_holdout_2026-04-26_rollout_tuned_full/configs/paper_hard_holdoutfit.yaml
0.1017857142857142,0.1017857142857142,0.3928571428571428,0.3714285714285714,0.3928571428571428,0.9368804313817995,0.0631195686182003,1.4473741424946645,0.093696725376706,0.0871664858807582,-1.691227206206343,0.0071428571428571,0.9928571428571428,1.0,0.8571428571428571,0.95,0.05,rollout_joint,72,328.7242426760004,2348.0303048285737,paper_hard_holdoutfit,results/scheme_c_holdout_2026-04-26_rollout_tuned_full/configs/paper_hard_holdoutfit.yaml
0.1571428571428571,0.1571428571428571,0.1714285714285714,0.1642857142857142,0.1714285714285714,0.2913558675904994,0.7086441324095005,0.5043868146013777,1.543759938282627,1.5176434470231708,-15.700596321035489,0.0142857142857142,0.9857142857142858,0.8928571428571429,0.9285714285714286,0.9571428571428572,0.0428571428571428,security_margin,72,23.3835879039998,167.02562788571282,paper_hard_holdoutfit,results/scheme_c_holdout_2026-04-26_rollout_tuned_full/configs/paper_hard_holdoutfit.yaml
0.0396738942692639,0.0396738942692639,0.1285714285714285,0.1142857142857142,0.1285714285714285,0.7223813348999139,0.2776186651000863,1.2375689720695784,0.5473127480160204,0.5431600169360152,-2.8669398700922284,0.0,1.0,1.0,0.9071428571428573,0.95,0.05,security_risk,72,22.367908798999903,159.77077713571362,paper_hard_holdoutfit,results/scheme_c_holdout_2026-04-26_rollout_tuned_full/configs/paper_hard_holdoutfit.yaml
0.1571428571428571,0.1571428571428571,0.1571428571428571,0.1428571428571428,0.1571428571428571,0.7793244089137901,0.22067559108621,1.2602819620333563,0.525501025802912,0.5208388098548944,-2.607862910657263,0.0,1.0,1.0,0.85,0.9642857142857144,0.0357142857142857,periodic,73,22.95921801199984,163.9944143714274,paper_hard_holdoutfit,results/scheme_c_holdout_2026-04-26_rollout_tuned_full/configs/paper_hard_holdoutfit.yaml
0.1321428571428571,0.1321428571428571,0.5285714285714286,0.5071428571428571,0.5285714285714286,0.9042839409768124,0.0957160590231876,1.349311896408744,0.33533607075172,0.3352489119000985,-1.50511937548176,0.0214285714285714,0.9785714285714284,0.6,0.9928571428571428,0.9714285714285714,0.0285714285714285,risk_adaptive_hybrid_rollout,73,216.56263433100003,1546.875959507143,paper_hard_holdoutfit,results/scheme_c_holdout_2026-04-26_rollout_tuned_full/configs/paper_hard_holdoutfit.yaml
0.1035714285714285,0.1035714285714285,0.3857142857142857,0.3642857142857142,0.3857142857142857,0.9318367580435816,0.0681632419564182,1.4483637653892043,0.1036886299105804,0.0945810723856905,-1.6998313105002107,0.0,1.0,1.0,0.8571428571428571,0.9571428571428572,0.0428571428571428,rollout_joint,73,252.246861265,1801.76329475,paper_hard_holdoutfit,results/scheme_c_holdout_2026-04-26_rollout_tuned_full/configs/paper_hard_holdoutfit.yaml
0.1571428571428571,0.1571428571428571,0.2,0.1928571428571428,0.2,0.3258890698068554,0.6741109301931447,0.5105794723924569,1.560937805087678,1.5518465653559788,-14.215610553769803,0.0142857142857142,0.9857142857142858,0.8214285714285714,0.9714285714285714,0.9642857142857144,0.0357142857142857,security_margin,73,22.64657342800001,161.76123877142865,paper_hard_holdoutfit,results/scheme_c_holdout_2026-04-26_rollout_tuned_full/configs/paper_hard_holdoutfit.yaml
0.0385201242046166,0.0385201242046166,0.1285714285714285,0.1285714285714285,0.1285714285714285,0.7370081903348517,0.2629918096651484,1.270959547871825,0.4550255828330088,0.4538586269161015,-2.8146896689479184,0.0,1.0,1.0,0.95,0.95,0.05,security_risk,73,23.328554840999917,166.6325345785708,paper_hard_holdoutfit,results/scheme_c_holdout_2026-04-26_rollout_tuned_full/configs/paper_hard_holdoutfit.yaml
0.1571428571428571,0.1571428571428571,0.1571428571428571,0.1428571428571428,0.1571428571428571,0.7610570655272427,0.2389429344727571,1.2996864105190522,0.6074855639234958,0.5987309363299175,-2.534045332398944,0.0071428571428571,0.9928571428571428,1.0,0.7357142857142858,0.9357142857142856,0.0642857142857142,periodic,74,14.2656928840006,101.89780631429,paper_hard_holdoutfit,results/scheme_c_holdout_2026-04-26_rollout_tuned_full/configs/paper_hard_holdoutfit.yaml
0.1392857142857143,0.1392857142857143,0.5142857142857142,0.4785714285714286,0.5142857142857142,0.917245604851628,0.0827543951483717,1.430783416946833,0.2104939756250201,0.2032020833058739,-1.5829012000210865,0.0214285714285714,0.9785714285714284,0.7357142857142858,0.9142857142857144,0.95,0.05,risk_adaptive_hybrid_rollout,74,212.27168147500012,1516.2262962500013,paper_hard_holdoutfit,results/scheme_c_holdout_2026-04-26_rollout_tuned_full/configs/paper_hard_holdoutfit.yaml
0.1089285714285714,0.1089285714285714,0.4142857142857143,0.3714285714285714,0.4142857142857143,0.9385694038743404,0.0614305961256594,1.477658764546633,0.0766057207624268,0.0678583522778496,-1.679369394766849,0.0071428571428571,0.9928571428571428,1.0,0.8571428571428571,0.9357142857142856,0.0642857142857142,rollout_joint,74,214.60536257900003,1532.8954469928574,paper_hard_holdoutfit,results/scheme_c_holdout_2026-04-26_rollout_tuned_full/configs/paper_hard_holdoutfit.yaml
0.1571428571428571,0.1571428571428571,0.1714285714285714,0.1642857142857142,0.1714285714285714,0.2876503784397407,0.7123496215602594,0.5194652468955808,1.5253866578527078,1.4962910753650056,-15.597062367114503,0.0142857142857142,0.9857142857142858,0.9142857142857144,0.9357142857142856,0.9428571428571428,0.0571428571428571,security_margin,74,16.181063637999614,115.57902598571152,paper_hard_holdoutfit,results/scheme_c_holdout_2026-04-26_rollout_tuned_full/configs/paper_hard_holdoutfit.yaml
0.0401138105610353,0.0401138105610353,0.1357142857142857,0.1214285714285714,0.1357142857142857,0.7265507512588129,0.273449248741187,1.279647964518324,0.4826327819923706,0.4783609564353849,-2.839549070531151,0.0,1.0,1.0,0.9,0.9428571428571428,0.0571428571428571,security_risk,74,14.711501393000615,105.08215280714728,paper_hard_holdoutfit,results/scheme_c_holdout_2026-04-26_rollout_tuned_full/configs/paper_hard_holdoutfit.yaml
0.1571428571428571,0.1571428571428571,0.1571428571428571,0.1571428571428571,0.1571428571428571,0.7853444017451396,0.2146555982548603,1.29777188068605,0.4757635511636289,0.4676124457799034,-2.5775156898743004,0.0,1.0,1.0,0.7928571428571428,0.95,0.05,periodic,75,14.96389801100031,106.88498579285935,paper_hard_holdoutfit,results/scheme_c_holdout_2026-04-26_rollout_tuned_full/configs/paper_hard_holdoutfit.yaml
0.1339285714285714,0.1339285714285714,0.4785714285714286,0.4428571428571428,0.4785714285714286,0.9093141233135212,0.0906858766864788,1.4172893588434698,0.2471334891392449,0.242140010405104,-1.567566114506494,0.0357142857142857,0.9642857142857144,0.7642857142857142,0.9142857142857144,0.95,0.05,risk_adaptive_hybrid_rollout,75,213.77339317299996,1526.952808378571,paper_hard_holdoutfit,results/scheme_c_holdout_2026-04-26_rollout_tuned_full/configs/paper_hard_holdoutfit.yaml
0.1089285714285714,0.1089285714285714,0.4,0.3642857142857142,0.4,0.9342159374830296,0.0657840625169703,1.464012327280902,0.0885722571443155,0.0816454071648432,-1.6883553995674536,0.0142857142857142,0.9857142857142858,1.0,0.8571428571428571,0.9357142857142856,0.0642857142857142,rollout_joint,75,217.5736711420004,1554.0976510142889,paper_hard_holdoutfit,results/scheme_c_holdout_2026-04-26_rollout_tuned_full/configs/paper_hard_holdoutfit.yaml
0.1571428571428571,0.1571428571428571,0.1642857142857142,0.15,0.1642857142857142,0.3156717944995169,0.684328205500483,0.5689232935216418,1.480854641965544,1.4603920575749472,-15.325929168016716,0.0285714285714285,0.9714285714285714,0.9428571428571428,0.9142857142857144,0.9571428571428572,0.0428571428571428,security_margin,75,15.566570487000718,111.18978919286226,paper_hard_holdoutfit,results/scheme_c_holdout_2026-04-26_rollout_tuned_full/configs/paper_hard_holdoutfit.yaml
0.0376538957096509,0.0376538957096509,0.1214285714285714,0.1142857142857142,0.1214285714285714,0.7292205463439363,0.2707794536560637,1.2654044613672226,0.4754650853477553,0.4699137407328952,-2.8387788277437007,0.0,1.0,1.0,0.85,0.95,0.05,security_risk,75,14.54888140300045,103.9205814500032,paper_hard_holdoutfit,results/scheme_c_holdout_2026-04-26_rollout_tuned_full/configs/paper_hard_holdoutfit.yaml
0.1571428571428571,0.1571428571428571,0.1571428571428571,0.15,0.1571428571428571,0.7812313363956006,0.2187686636043992,1.3217418692996663,0.4588196174409819,0.4424398405748506,-2.5965128180873,0.0071428571428571,0.9928571428571428,1.0,0.7928571428571428,0.9428571428571428,0.0571428571428571,periodic,76,16.387255821000508,117.05182729286078,paper_hard_holdoutfit,results/scheme_c_holdout_2026-04-26_rollout_tuned_full/configs/paper_hard_holdoutfit.yaml
0.1321428571428571,0.1321428571428571,0.5142857142857142,0.4928571428571429,0.5142857142857142,0.9134012135085492,0.0865987864914511,1.4244038198775515,0.2660425002391583,0.2607665965138853,-1.507112412128858,0.0214285714285714,0.9785714285714284,0.6714285714285714,0.9714285714285714,0.9428571428571428,0.0571428571428571,risk_adaptive_hybrid_rollout,76,215.7249651659995,1540.8926083285678,paper_hard_holdoutfit,results/scheme_c_holdout_2026-04-26_rollout_tuned_full/configs/paper_hard_holdoutfit.yaml
0.1035714285714285,0.1035714285714285,0.4071428571428571,0.3857142857142857,0.4071428571428571,0.939998094394204,0.060001905605796,1.48183227306411,0.0731653905487069,0.0651739288598321,-1.6622683898642283,0.0142857142857142,0.9857142857142858,1.0,0.8285714285714286,0.9357142857142856,0.0642857142857142,rollout_joint,76,220.04971222299991,1571.7836587357135,paper_hard_holdoutfit,results/scheme_c_holdout_2026-04-26_rollout_tuned_full/configs/paper_hard_holdoutfit.yaml
0.1571428571428571,0.1571428571428571,0.1857142857142857,0.1785714285714285,0.1857142857142857,0.3036951516024382,0.6963048483975616,0.5485307681520479,1.523914183583007,1.5051091508587424,-14.730452578385204,0.0142857142857142,0.9857142857142858,0.9,0.9357142857142856,0.9357142857142856,0.0642857142857142,security_margin,76,14.69612136500018,104.972295464287,paper_hard_holdoutfit,results/scheme_c_holdout_2026-04-26_rollout_tuned_full/configs/paper_hard_holdoutfit.yaml
0.0375336280145669,0.0375336280145669,0.1285714285714285,0.1285714285714285,0.1285714285714285,0.7424271987119113,0.2575728012880888,1.328224241088232,0.4173569985536814,0.4110567952044055,-2.824923333094591,0.0,1.0,1.0,0.8714285714285714,0.9357142857142856,0.0642857142857142,security_risk,76,14.746719606000624,105.33371147143303,paper_hard_holdoutfit,results/scheme_c_holdout_2026-04-26_rollout_tuned_full/configs/paper_hard_holdoutfit.yaml
0.1571428571428571,0.1571428571428571,0.1571428571428571,0.1428571428571428,0.1571428571428571,0.7707356418638824,0.2292643581361176,1.2826209619135236,0.487643508756651,0.4789315169601957,-2.660585136631726,0.0,1.0,1.0,0.7428571428571429,0.9571428571428572,0.0428571428571428,periodic,77,21.89379404500005,156.38424317857178,paper_hard_holdoutfit,results/scheme_c_holdout_2026-04-26_rollout_tuned_full/configs/paper_hard_holdoutfit.yaml
0.1339285714285714,0.1339285714285714,0.5142857142857142,0.4857142857142857,0.5142857142857142,0.9176066407760304,0.0823933592239694,1.3930540307219548,0.2339002158412743,0.2273496395712344,-1.586700489113866,0.0285714285714285,0.9714285714285714,0.7071428571428572,0.9571428571428572,0.9571428571428572,0.0428571428571428,risk_adaptive_hybrid_rollout,77,318.2980400839997,2273.5574291714265,paper_hard_holdoutfit,results/scheme_c_holdout_2026-04-26_rollout_tuned_full/configs/paper_hard_holdoutfit.yaml
0.1017857142857142,0.1017857142857142,0.4,0.3714285714285714,0.4,0.9361467648009,0.0638532351991002,1.4611075008172374,0.0931472837781696,0.0870896558218805,-1.6893229419452749,0.0,1.0,1.0,0.8428571428571429,0.95,0.05,rollout_joint,77,328.7845799470001,2348.4612853357157,paper_hard_holdoutfit,results/scheme_c_holdout_2026-04-26_rollout_tuned_full/configs/paper_hard_holdoutfit.yaml
0.1571428571428571,0.1571428571428571,0.1714285714285714,0.1714285714285714,0.1714285714285714,0.319654148221183,0.680345851778817,0.5383272901304476,1.520692873054798,1.5074000532525336,-14.750520400996756,0.0285714285714285,0.9714285714285714,0.9,0.95,0.9571428571428572,0.0428571428571428,security_margin,77,22.94462229400005,163.89015924285755,paper_hard_holdoutfit,results/scheme_c_holdout_2026-04-26_rollout_tuned_full/configs/paper_hard_holdoutfit.yaml
0.0356539991681581,0.0356539991681581,0.1214285714285714,0.1142857142857142,0.1214285714285714,0.7396732392261965,0.2603267607738034,1.2815867434024,0.4319645722534207,0.4288007442273161,-2.80204281224164,0.0,1.0,1.0,0.8714285714285714,0.95,0.05,security_risk,77,21.371354368000084,152.6525312000006,paper_hard_holdoutfit,results/scheme_c_holdout_2026-04-26_rollout_tuned_full/configs/paper_hard_holdoutfit.yaml
0.1571428571428571,0.1571428571428571,0.1571428571428571,0.1428571428571428,0.1571428571428571,0.7437139907476277,0.2562860092523724,1.2673936614369803,0.6540506887731296,0.639452378002275,-2.794839996670175,0.0071428571428571,0.9928571428571428,1.0,0.8071428571428572,0.9285714285714286,0.0714285714285714,periodic,78,22.79951178600004,162.853655614286,paper_hard_holdoutfit,results/scheme_c_holdout_2026-04-26_rollout_tuned_full/configs/paper_hard_holdoutfit.yaml
0.1321428571428571,0.1321428571428571,0.5071428571428571,0.5071428571428571,0.5071428571428571,0.8963653326658141,0.1036346673341856,1.3377127022630109,0.3914833231103322,0.3854633121933843,-1.4752989438665916,0.0357142857142857,0.9642857142857144,0.6,0.9785714285714284,0.95,0.05,risk_adaptive_hybrid_rollout,78,216.1503545769997,1543.9311041214264,paper_hard_holdoutfit,results/scheme_c_holdout_2026-04-26_rollout_tuned_full/configs/paper_hard_holdoutfit.yaml
0.1035714285714285,0.1035714285714285,0.3857142857142857,0.3714285714285714,0.3857142857142857,0.937334963262437,0.0626650367375627,1.4874064805216791,0.0919618061556526,0.0846584434712908,-1.652294470399594,0.0142857142857142,0.9857142857142858,1.0,0.85,0.9285714285714286,0.0714285714285714,rollout_joint,78,242.2145034740001,1730.1035962428582,paper_hard_holdoutfit,results/scheme_c_holdout_2026-04-26_rollout_tuned_full/configs/paper_hard_holdoutfit.yaml
0.1571428571428571,0.1571428571428571,0.1857142857142857,0.1857142857142857,0.1857142857142857,0.3105545607695741,0.689445439230426,0.5362275101360646,1.531652491860957,1.5191861757090337,-14.331092074180486,0.0285714285714285,0.9714285714285714,0.8714285714285714,0.9642857142857144,0.9571428571428572,0.0428571428571428,security_margin,78,22.14789821000022,158.199272928573,paper_hard_holdoutfit,results/scheme_c_holdout_2026-04-26_rollout_tuned_full/configs/paper_hard_holdoutfit.yaml
0.0372932016686484,0.0372932016686484,0.1285714285714285,0.1285714285714285,0.1285714285714285,0.7464775857034598,0.2535224142965402,1.336752271933642,0.4232000904259887,0.4118297984423266,-2.765853104987383,0.0,1.0,1.0,0.8285714285714286,0.9285714285714286,0.0714285714285714,security_risk,78,22.64144906399997,161.72463617142836,paper_hard_holdoutfit,results/scheme_c_holdout_2026-04-26_rollout_tuned_full/configs/paper_hard_holdoutfit.yaml
0.1571428571428571,0.1571428571428571,0.1571428571428571,0.15,0.1571428571428571,0.7718861279190995,0.2281138720809003,1.287978841470519,0.5186981980551111,0.5114356856660449,-2.585881775009707,0.0,1.0,1.0,0.7642857142857142,0.95,0.05,periodic,79,15.34346024899969,109.59614463571208,paper_hard_holdoutfit,results/scheme_c_holdout_2026-04-26_rollout_tuned_full/configs/paper_hard_holdoutfit.yaml
0.1392857142857143,0.1392857142857143,0.5142857142857142,0.4714285714285714,0.5142857142857142,0.9091940312751756,0.0908059687248245,1.4166452524100577,0.2176184027874847,0.1992774847728488,-1.6429947570942849,0.0285714285714285,0.9714285714285714,0.7214285714285714,0.9285714285714286,0.9642857142857144,0.0357142857142857,risk_adaptive_hybrid_rollout,79,214.11567080999976,1529.3976486428553,paper_hard_holdoutfit,results/scheme_c_holdout_2026-04-26_rollout_tuned_full/configs/paper_hard_holdoutfit.yaml
0.1035714285714285,0.1035714285714285,0.4071428571428571,0.3642857142857142,0.4071428571428571,0.93575055902291,0.0642494409770901,1.4539950167646665,0.0780402302877763,0.0691395886392918,-1.7113528948550765,0.0071428571428571,0.9928571428571428,1.0,0.8,0.95,0.05,rollout_joint,79,218.33550587100035,1559.5393276500024,paper_hard_holdoutfit,results/scheme_c_holdout_2026-04-26_rollout_tuned_full/configs/paper_hard_holdoutfit.yaml
0.1571428571428571,0.1571428571428571,0.2,0.2,0.2,0.3216206244296935,0.6783793755703065,0.5009204301205912,1.5716817639803131,1.5637641695526403,-14.144306170658476,0.0142857142857142,0.9857142857142858,0.8214285714285714,0.9785714285714284,0.9642857142857144,0.0357142857142857,security_margin,79,14.508315543000208,103.63082530714436,paper_hard_holdoutfit,results/scheme_c_holdout_2026-04-26_rollout_tuned_full/configs/paper_hard_holdoutfit.yaml
0.0368315998131428,0.0368315998131428,0.1214285714285714,0.1214285714285714,0.1214285714285714,0.7352875622900034,0.2647124377099966,1.2932135359038466,0.4439492630919576,0.4399006121264878,-2.8075044466165795,0.0,1.0,1.0,0.85,0.9428571428571428,0.0571428571428571,security_risk,79,15.370920231999662,109.79228737142616,paper_hard_holdoutfit,results/scheme_c_holdout_2026-04-26_rollout_tuned_full/configs/paper_hard_holdoutfit.yaml
0.1571428571428571,0.1571428571428571,0.1571428571428571,0.15,0.1571428571428571,0.7922863597741219,0.2077136402258782,1.313165927105503,0.3938317835241313,0.3870491136425012,-2.671441852733447,0.0,1.0,1.0,0.8,0.95,0.05,periodic,80,14.77514657699976,105.536761264284,paper_hard_holdoutfit,results/scheme_c_holdout_2026-04-26_rollout_tuned_full/configs/paper_hard_holdoutfit.yaml
0.1357142857142857,0.1357142857142857,0.5142857142857142,0.5,0.5142857142857142,0.907222361262538,0.0927776387374623,1.420156179570717,0.2729441785629457,0.2662892976979231,-1.5056628856481784,0.0214285714285714,0.9785714285714284,0.6214285714285714,0.95,0.9428571428571428,0.0571428571428571,risk_adaptive_hybrid_rollout,80,209.7644063320004,1498.317188085717,paper_hard_holdoutfit,results/scheme_c_holdout_2026-04-26_rollout_tuned_full/configs/paper_hard_holdoutfit.yaml
0.1053571428571428,0.1053571428571428,0.3857142857142857,0.3642857142857142,0.3857142857142857,0.9353687557039532,0.0646312442960467,1.455323756444539,0.0914160324755192,0.08287799344847,-1.6959415951628944,0.0071428571428571,0.9928571428571428,1.0,0.8357142857142857,0.95,0.05,rollout_joint,80,215.541616472,1539.5829748,paper_hard_holdoutfit,results/scheme_c_holdout_2026-04-26_rollout_tuned_full/configs/paper_hard_holdoutfit.yaml
0.1571428571428571,0.1571428571428571,0.1857142857142857,0.1785714285714285,0.1857142857142857,0.3034929567667113,0.6965070432332888,0.5501224601614643,1.5124405613683454,1.4949695317135707,-15.152482713843412,0.0142857142857142,0.9857142857142858,0.8785714285714286,0.9428571428571428,0.9428571428571428,0.0571428571428571,security_margin,80,14.937150118999853,106.69392942142753,paper_hard_holdoutfit,results/scheme_c_holdout_2026-04-26_rollout_tuned_full/configs/paper_hard_holdoutfit.yaml
0.0359338571532846,0.0359338571532846,0.1214285714285714,0.1142857142857142,0.1214285714285714,0.7400083412719212,0.2599916587280788,1.3038176047692822,0.4306183873191805,0.4272784034566673,-2.7974892905397017,0.0,1.0,1.0,0.8714285714285714,0.95,0.05,security_risk,80,14.748930488000042,105.34950348571458,paper_hard_holdoutfit,results/scheme_c_holdout_2026-04-26_rollout_tuned_full/configs/paper_hard_holdoutfit.yaml
0.1571428571428571,0.1571428571428571,0.1571428571428571,0.1357142857142857,0.1571428571428571,0.7662924253940121,0.2337075746059879,1.3075009597278358,0.4972554283231521,0.483192561259902,-2.6882161189500664,0.0,1.0,1.0,0.6785714285714286,0.95,0.05,periodic,81,15.734895238999345,112.39210884999532,paper_hard_holdoutfit,results/scheme_c_holdout_2026-04-26_rollout_tuned_full/configs/paper_hard_holdoutfit.yaml
0.1357142857142857,0.1357142857142857,0.5285714285714286,0.4714285714285714,0.5285714285714286,0.9092495711383184,0.0907504288616814,1.426147955635814,0.2315620062435602,0.2275618341799484,-1.5881551947838792,0.0214285714285714,0.9785714285714284,0.7428571428571429,0.9428571428571428,0.95,0.05,risk_adaptive_hybrid_rollout,81,215.23193689100023,1537.3709777928589,paper_hard_holdoutfit,results/scheme_c_holdout_2026-04-26_rollout_tuned_full/configs/paper_hard_holdoutfit.yaml
0.1017857142857142,0.1017857142857142,0.4,0.3785714285714285,0.4,0.9378372582615224,0.0621627417384774,1.4798364436356044,0.0812789981021803,0.0730832630833327,-1.6716507716996991,0.0071428571428571,0.9928571428571428,1.0,0.8285714285714286,0.9357142857142856,0.0642857142857142,rollout_joint,81,220.43420966300076,1574.5300690214335,paper_hard_holdoutfit,results/scheme_c_holdout_2026-04-26_rollout_tuned_full/configs/paper_hard_holdoutfit.yaml
0.1562633699044099,0.1562633699044099,0.1642857142857142,0.1428571428571428,0.1642857142857142,0.3049119882232673,0.6950880117767326,0.5235680002168355,1.5229180549243784,1.48948591808234,-15.651593986504954,0.0142857142857142,0.9857142857142858,0.9642857142857144,0.8857142857142857,0.95,0.05,security_margin,81,14.148229860000356,101.05878471428824,paper_hard_holdoutfit,results/scheme_c_holdout_2026-04-26_rollout_tuned_full/configs/paper_hard_holdoutfit.yaml
0.0354571328044511,0.0354571328044511,0.1214285714285714,0.1071428571428571,0.1214285714285714,0.7246431217531046,0.2753568782468954,1.2822136832112234,0.4863536313119908,0.4798850914939891,-2.8072539437880963,0.0,1.0,1.0,0.8642857142857143,0.9357142857142856,0.0642857142857142,security_risk,81,15.120334433000608,108.0023888071472,paper_hard_holdoutfit,results/scheme_c_holdout_2026-04-26_rollout_tuned_full/configs/paper_hard_holdoutfit.yaml
0.11875,0.11875,0.11875,0.11875,0.11875,0.6748669603622319,0.325133039637768,1.001218878818321,0.8797775458303537,0.8718816882320247,-3.794564539848266,0.0,1.0,1.0,0.85625,1.0,0.0,periodic,62,25.10417136299975,156.90107101874844,scenario_stress_holdoutfit,results/scheme_c_holdout_2026-04-26_rollout_tuned_full/configs/scenario_stress_holdoutfit.yaml
0.11875,0.11875,0.475,0.45,0.475,0.4779573223480373,0.5220426776519626,0.6138515153938388,1.913830773394631,1.912787643382917,-7.083566855734172,0.0,1.0,0.63125,0.95625,1.0,0.0,risk_adaptive_hybrid_rollout,62,46.729803508999794,292.0612719312487,scenario_stress_holdoutfit,results/scheme_c_holdout_2026-04-26_rollout_tuned_full/configs/scenario_stress_holdoutfit.yaml
0.084375,0.084375,0.3375,0.31875,0.3375,0.915658320140352,0.0843416798596481,1.2518970036568011,0.1292875366035779,0.1221629714836531,-2.107324813161689,0.0,1.0,1.0,0.89375,1.0,0.0,rollout_joint,62,64.80001964799976,405.0001227999985,scenario_stress_holdoutfit,results/scheme_c_holdout_2026-04-26_rollout_tuned_full/configs/scenario_stress_holdoutfit.yaml
0.11875,0.11875,0.125,0.1125,0.125,0.2586074618123214,0.7413925381876785,0.2844182843659648,1.747761781645643,1.7342094634118226,-21.68642505812816,0.0,1.0,0.89375,0.9875,1.0,0.0,security_margin,62,25.6541680360001,160.33855022500063,scenario_stress_holdoutfit,results/scheme_c_holdout_2026-04-26_rollout_tuned_full/configs/scenario_stress_holdoutfit.yaml
0.0367783662171522,0.0367783662171522,0.125,0.125,0.125,0.7467333477789241,0.2532666522210759,1.0890274141808116,0.4639888894869527,0.4625766593362824,-3.005747451289091,0.0,1.0,1.0,0.93125,1.0,0.0,security_risk,62,25.965927635999837,162.28704772499896,scenario_stress_holdoutfit,results/scheme_c_holdout_2026-04-26_rollout_tuned_full/configs/scenario_stress_holdoutfit.yaml
0.11875,0.11875,0.11875,0.1125,0.11875,0.6645599792622926,0.3354400207377074,1.014685561786793,0.8993253454208829,0.8926915074004655,-3.8263620236582008,0.0,1.0,1.0,0.86875,1.0,0.0,periodic,63,25.55670093699973,159.72938085624833,scenario_stress_holdoutfit,results/scheme_c_holdout_2026-04-26_rollout_tuned_full/configs/scenario_stress_holdoutfit.yaml
0.11875,0.11875,0.475,0.41875,0.475,0.5278459099525485,0.4721540900474514,0.7938323686837248,1.3690644867383843,1.366256582392516,-7.282989706343625,0.0,1.0,0.8,0.94375,1.0,0.0,risk_adaptive_hybrid_rollout,63,46.992001528999936,293.7000095562496,scenario_stress_holdoutfit,results/scheme_c_holdout_2026-04-26_rollout_tuned_full/configs/scenario_stress_holdoutfit.yaml
0.084375,0.084375,0.3375,0.325,0.3375,0.9160868437729894,0.0839131562270106,1.2797932979363928,0.1368313656104726,0.1292194241071902,-2.068722893643981,0.0,1.0,1.0,0.89375,1.0,0.0,rollout_joint,63,66.01699405199997,412.6062128249998,scenario_stress_holdoutfit,results/scheme_c_holdout_2026-04-26_rollout_tuned_full/configs/scenario_stress_holdoutfit.yaml
0.11875,0.11875,0.11875,0.1,0.11875,0.244502921355432,0.7554970786445679,0.3352481403297048,1.697788365092015,1.6769313348125632,-22.331228353248264,0.0,1.0,0.975,0.93125,1.0,0.0,security_margin,63,25.613784194000345,160.08615121250216,scenario_stress_holdoutfit,results/scheme_c_holdout_2026-04-26_rollout_tuned_full/configs/scenario_stress_holdoutfit.yaml
0.0494526624111798,0.0494526624111798,0.15,0.11875,0.15,0.7069736549675161,0.293026345032484,1.0398638881523066,0.626239647223849,0.6200123642514818,-3.100369349172852,0.0,1.0,1.0,0.8875,1.0,0.0,security_risk,63,25.83217342299986,161.45108389374911,scenario_stress_holdoutfit,results/scheme_c_holdout_2026-04-26_rollout_tuned_full/configs/scenario_stress_holdoutfit.yaml
0.11875,0.11875,0.11875,0.1125,0.11875,0.671135687528768,0.3288643124712321,1.0013770872541208,0.8640861547128458,0.8584356726035848,-3.848854114627528,0.0,1.0,1.0,0.8625,1.0,0.0,periodic,64,25.64665393899986,160.2915871187491,scenario_stress_holdoutfit,results/scheme_c_holdout_2026-04-26_rollout_tuned_full/configs/scenario_stress_holdoutfit.yaml
0.11875,0.11875,0.475,0.4375,0.475,0.5349470416129701,0.4650529583870298,0.8375420357444533,1.3239712397138603,1.3234562163284114,-7.305375908012559,0.0,1.0,0.71875,0.96875,1.0,0.0,risk_adaptive_hybrid_rollout,64,46.52443877199994,290.7777423249996,scenario_stress_holdoutfit,results/scheme_c_holdout_2026-04-26_rollout_tuned_full/configs/scenario_stress_holdoutfit.yaml
0.0859375,0.0859375,0.34375,0.3125,0.34375,0.9127065435699336,0.0872934564300661,1.2573060044685989,0.139112203624351,0.1337212794484668,-2.1009101831963704,0.0,1.0,1.0,0.875,1.0,0.0,rollout_joint,64,65.17921644200032,407.370102762502,scenario_stress_holdoutfit,results/scheme_c_holdout_2026-04-26_rollout_tuned_full/configs/scenario_stress_holdoutfit.yaml
0.11875,0.11875,0.15,0.14375,0.15,0.2647968100534598,0.7352031899465401,0.3530767944936864,1.7091610135421456,1.7091610135421456,-20.28750206257037,0.0,1.0,0.88125,1.0,1.0,0.0,security_margin,64,26.10415050399979,163.1509406499987,scenario_stress_holdoutfit,results/scheme_c_holdout_2026-04-26_rollout_tuned_full/configs/scenario_stress_holdoutfit.yaml
0.0378833564135689,0.0378833564135689,0.13125,0.125,0.13125,0.7195146404141302,0.2804853595858698,0.8783671896710568,0.7769893668867359,0.7758706561755792,-2.950401643308324,0.0,1.0,1.0,0.93125,1.0,0.0,security_risk,64,26.014238736000152,162.58899210000095,scenario_stress_holdoutfit,results/scheme_c_holdout_2026-04-26_rollout_tuned_full/configs/scenario_stress_holdoutfit.yaml
0.11875,0.11875,0.11875,0.1,0.11875,0.6447374766564955,0.3552625233435045,0.964241899665921,0.9790208242459072,0.971849180441526,-3.928595757171253,0.0,1.0,1.0,0.86875,1.0,0.0,periodic,65,26.039241964999743,162.74526228124842,scenario_stress_holdoutfit,results/scheme_c_holdout_2026-04-26_rollout_tuned_full/configs/scenario_stress_holdoutfit.yaml
0.11875,0.11875,0.475,0.4,0.475,0.6469819637184671,0.3530180362815328,1.145736837666932,0.3160263746240045,0.3135247519282736,-8.244623728105633,0.0,1.0,0.825,0.9125,1.0,0.0,risk_adaptive_hybrid_rollout,65,47.33854322900015,295.8658951812509,scenario_stress_holdoutfit,results/scheme_c_holdout_2026-04-26_rollout_tuned_full/configs/scenario_stress_holdoutfit.yaml
0.0859375,0.0859375,0.34375,0.30625,0.34375,0.9168374878637544,0.0831625121362458,1.2725002307445188,0.1234842035206813,0.1168753512073633,-2.0961907897979986,0.0,1.0,1.0,0.90625,1.0,0.0,rollout_joint,65,65.36372634000008,408.5232896250005,scenario_stress_holdoutfit,results/scheme_c_holdout_2026-04-26_rollout_tuned_full/configs/scenario_stress_holdoutfit.yaml
0.11875,0.11875,0.11875,0.1,0.11875,0.2537560750063242,0.7462439249936759,0.3335212388193781,1.699416953095532,1.6765192090280614,-22.131165513502573,0.0,1.0,0.96875,0.93125,1.0,0.0,security_margin,65,25.61709719999999,160.10685749999993,scenario_stress_holdoutfit,results/scheme_c_holdout_2026-04-26_rollout_tuned_full/configs/scenario_stress_holdoutfit.yaml
0.0388242380522816,0.0388242380522816,0.13125,0.11875,0.13125,0.7252710457325076,0.2747289542674925,0.975645700780289,0.6342333856794814,0.6318883311431324,-3.0114859394573616,0.0,1.0,1.0,0.90625,1.0,0.0,security_risk,65,25.77533873499988,161.09586709374923,scenario_stress_holdoutfit,results/scheme_c_holdout_2026-04-26_rollout_tuned_full/configs/scenario_stress_holdoutfit.yaml
0.11875,0.11875,0.11875,0.1125,0.11875,0.6865286729548993,0.3134713270451007,1.0363368656701095,0.7231188238079872,0.7139217187016139,-3.972356987471095,0.0,1.0,1.0,0.825,1.0,0.0,periodic,66,25.72472820899975,160.77955130624844,scenario_stress_holdoutfit,results/scheme_c_holdout_2026-04-26_rollout_tuned_full/configs/scenario_stress_holdoutfit.yaml
0.11875,0.11875,0.475,0.43125,0.475,0.5583736921866171,0.4416263078133829,0.8571548409236792,1.169560932847743,1.1641658126531222,-7.4417250986381855,0.0,1.0,0.79375,0.91875,1.0,0.0,risk_adaptive_hybrid_rollout,66,37.20946307899976,232.5591442437485,scenario_stress_holdoutfit,results/scheme_c_holdout_2026-04-26_rollout_tuned_full/configs/scenario_stress_holdoutfit.yaml
0.084375,0.084375,0.3375,0.31875,0.3375,0.917954221885024,0.0820457781149758,1.275855990340086,0.1110359032485931,0.1017953568314024,-2.105222849935568,0.0,1.0,1.0,0.8625,1.0,0.0,rollout_joint,66,51.67384354400019,322.9615221500012,scenario_stress_holdoutfit,results/scheme_c_holdout_2026-04-26_rollout_tuned_full/configs/scenario_stress_holdoutfit.yaml
0.11875,0.11875,0.11875,0.10625,0.11875,0.2539435064028654,0.7460564935971346,0.329430238854796,1.700410010412685,1.6872401358876885,-21.895571695948224,0.0,1.0,0.95,0.95,1.0,0.0,security_margin,66,20.77066357800004,129.81664736250025,scenario_stress_holdoutfit,results/scheme_c_holdout_2026-04-26_rollout_tuned_full/configs/scenario_stress_holdoutfit.yaml
0.0376028270384925,0.0376028270384925,0.13125,0.125,0.13125,0.7330035543120144,0.2669964456879856,1.036188789766912,0.5629756037130554,0.5608689028081864,-2.989926797343699,0.0,1.0,1.0,0.9125,1.0,0.0,security_risk,66,23.76419105800005,148.52619411250032,scenario_stress_holdoutfit,results/scheme_c_holdout_2026-04-26_rollout_tuned_full/configs/scenario_stress_holdoutfit.yaml
0.11875,0.11875,0.11875,0.1125,0.11875,0.6645024190543173,0.3354975809456828,0.9680033308367464,0.9098041822691286,0.8962247407481334,-3.891846621051761,0.0,1.0,1.0,0.81875,1.0,0.0,periodic,67,25.823361032999856,161.3960064562491,scenario_stress_holdoutfit,results/scheme_c_holdout_2026-04-26_rollout_tuned_full/configs/scenario_stress_holdoutfit.yaml
0.11875,0.11875,0.475,0.425,0.475,0.5287134888937407,0.4712865111062592,0.8143392394601486,1.3968491071044824,1.3881045880991985,-7.27902279173139,0.0,1.0,0.85625,0.925,1.0,0.0,risk_adaptive_hybrid_rollout,67,47.6262596749998,297.6641229687488,scenario_stress_holdoutfit,results/scheme_c_holdout_2026-04-26_rollout_tuned_full/configs/scenario_stress_holdoutfit.yaml
0.0890625,0.0890625,0.35625,0.3125,0.35625,0.9128496202059472,0.0871503797940527,1.2495962364877913,0.1376331122562563,0.1337091969537882,-2.119368087975522,0.0,1.0,1.0,0.9125,1.0,0.0,rollout_joint,67,66.6420436200001,416.5127726250006,scenario_stress_holdoutfit,results/scheme_c_holdout_2026-04-26_rollout_tuned_full/configs/scenario_stress_holdoutfit.yaml
0.11875,0.11875,0.11875,0.1,0.11875,0.2500727734887817,0.7499272265112183,0.3230344149807856,1.7037816998562234,1.674704706032485,-22.19416535873443,0.0,1.0,0.975,0.9375,1.0,0.0,security_margin,67,26.385322996000014,164.90826872500008,scenario_stress_holdoutfit,results/scheme_c_holdout_2026-04-26_rollout_tuned_full/configs/scenario_stress_holdoutfit.yaml
0.0413223139539821,0.0413223139539821,0.1375,0.125,0.1375,0.740895034947794,0.259104965052206,1.0807030999183926,0.483450526310211,0.4791739998331304,-3.046869084782467,0.0,1.0,1.0,0.90625,1.0,0.0,security_risk,67,26.071635786000115,162.94772366250072,scenario_stress_holdoutfit,results/scheme_c_holdout_2026-04-26_rollout_tuned_full/configs/scenario_stress_holdoutfit.yaml
0.11875,0.11875,0.11875,0.10625,0.11875,0.6894768999598485,0.3105231000401515,1.0432854511335168,0.6702444288525251,0.6656250022424606,-4.086862811926022,0.0,1.0,1.0,0.8625,1.0,0.0,periodic,68,26.31993770000008,164.4996106250005,scenario_stress_holdoutfit,results/scheme_c_holdout_2026-04-26_rollout_tuned_full/configs/scenario_stress_holdoutfit.yaml
0.11875,0.11875,0.475,0.425,0.475,0.524030679374589,0.4759693206254109,0.7843591758809192,1.509947929078571,1.4996142679393116,-7.150515593225916,0.00625,0.99375,0.81875,0.90625,1.0,0.0,risk_adaptive_hybrid_rollout,68,48.0347345539999,300.21709096249936,scenario_stress_holdoutfit,results/scheme_c_holdout_2026-04-26_rollout_tuned_full/configs/scenario_stress_holdoutfit.yaml
0.0875,0.0875,0.35,0.30625,0.35,0.9127431581195312,0.0872568418804685,1.28466780339834,0.1310762276796146,0.1241744089963956,-2.0898817411994672,0.0,1.0,1.0,0.86875,1.0,0.0,rollout_joint,68,66.24111373100004,414.0069608187503,scenario_stress_holdoutfit,results/scheme_c_holdout_2026-04-26_rollout_tuned_full/configs/scenario_stress_holdoutfit.yaml
0.11875,0.11875,0.13125,0.125,0.13125,0.2586269683089685,0.7413730316910316,0.3284038628005648,1.7280656945468436,1.7122667866702153,-20.94948468302268,0.00625,0.99375,0.9125,0.975,1.0,0.0,security_margin,68,26.297771074999677,164.36106921874796,scenario_stress_holdoutfit,results/scheme_c_holdout_2026-04-26_rollout_tuned_full/configs/scenario_stress_holdoutfit.yaml
0.039617441314215,0.039617441314215,0.1375,0.125,0.1375,0.7258855007986066,0.2741144992013934,1.0263741717731638,0.593735724406781,0.5859453312283249,-2.961987375574966,0.0,1.0,1.0,0.85625,1.0,0.0,security_risk,68,26.43194801000027,165.19967506250168,scenario_stress_holdoutfit,results/scheme_c_holdout_2026-04-26_rollout_tuned_full/configs/scenario_stress_holdoutfit.yaml
0.11875,0.11875,0.11875,0.10625,0.11875,0.6943516460209919,0.3056483539790081,1.0582365621747936,0.5928377735485159,0.5875628122836642,-4.12892366351724,0.0,1.0,1.0,0.84375,1.0,0.0,periodic,69,26.8649373090002,167.90585818125123,scenario_stress_holdoutfit,results/scheme_c_holdout_2026-04-26_rollout_tuned_full/configs/scenario_stress_holdoutfit.yaml
0.11875,0.11875,0.475,0.40625,0.475,0.5666663540308834,0.4333336459691166,0.863460536020383,1.062157645407937,1.0549943290655714,-7.749964099307464,0.0,1.0,0.85,0.88125,1.0,0.0,risk_adaptive_hybrid_rollout,69,48.165850006000255,301.0365625375016,scenario_stress_holdoutfit,results/scheme_c_holdout_2026-04-26_rollout_tuned_full/configs/scenario_stress_holdoutfit.yaml
0.0875,0.0875,0.35,0.31875,0.35,0.9119306555939376,0.0880693444060626,1.263267171284642,0.1410777983285779,0.1347362905965713,-2.0951074648494923,0.0,1.0,1.0,0.88125,1.0,0.0,rollout_joint,69,66.33145421600011,414.5715888500007,scenario_stress_holdoutfit,results/scheme_c_holdout_2026-04-26_rollout_tuned_full/configs/scenario_stress_holdoutfit.yaml
0.11875,0.11875,0.14375,0.125,0.14375,0.2692318610199554,0.7307681389800444,0.3383439621387991,1.7092023681233048,1.6934649546609208,-20.695632495695,0.0,1.0,0.93125,0.9625,1.0,0.0,security_margin,69,26.622886588000256,166.3930411750016,scenario_stress_holdoutfit,results/scheme_c_holdout_2026-04-26_rollout_tuned_full/configs/scenario_stress_holdoutfit.yaml
0.0378561982467812,0.0378561982467812,0.125,0.1125,0.125,0.7024180738929537,0.2975819261070463,0.9341061734021496,0.7362936773563391,0.7320552740372446,-3.033379939815661,0.0,1.0,1.0,0.9,1.0,0.0,security_risk,69,26.66270539199968,166.641908699998,scenario_stress_holdoutfit,results/scheme_c_holdout_2026-04-26_rollout_tuned_full/configs/scenario_stress_holdoutfit.yaml
0.11875,0.11875,0.11875,0.09375,0.11875,0.6096724906445632,0.3903275093554368,0.8857296269598421,1.09601315219004,1.0869528458088047,-4.058733156972627,0.0,1.0,1.0,0.81875,1.0,0.0,periodic,70,26.766212903,167.28883064374998,scenario_stress_holdoutfit,results/scheme_c_holdout_2026-04-26_rollout_tuned_full/configs/scenario_stress_holdoutfit.yaml
0.11875,0.11875,0.475,0.44375,0.475,0.5254321666427358,0.4745678333572642,0.7671213451324573,1.4450182086639765,1.4448938112353378,-7.202053498217123,0.0,1.0,0.65,0.99375,1.0,0.0,risk_adaptive_hybrid_rollout,70,47.75565263399994,298.47282896249965,scenario_stress_holdoutfit,results/scheme_c_holdout_2026-04-26_rollout_tuned_full/configs/scenario_stress_holdoutfit.yaml
0.0890625,0.0890625,0.35625,0.30625,0.35625,0.9151239656762564,0.0848760343237434,1.259222114069107,0.1317617032971954,0.1229460230072285,-2.116252507946519,0.0,1.0,1.0,0.8875,1.0,0.0,rollout_joint,70,66.69897478400026,416.8685924000016,scenario_stress_holdoutfit,results/scheme_c_holdout_2026-04-26_rollout_tuned_full/configs/scenario_stress_holdoutfit.yaml
0.11875,0.11875,0.13125,0.13125,0.13125,0.2677176798955842,0.7322823201044157,0.3173651768643564,1.726993989614073,1.7176117844192151,-20.73208726263621,0.0125,0.9875,0.89375,0.975,1.0,0.0,security_margin,70,26.617217471999997,166.35760919999996,scenario_stress_holdoutfit,results/scheme_c_holdout_2026-04-26_rollout_tuned_full/configs/scenario_stress_holdoutfit.yaml
0.0390699253616792,0.0390699253616792,0.13125,0.125,0.13125,0.73729690802676,0.26270309197324,1.0214843917501728,0.6152730005032673,0.6120428351737277,-2.9506426824369347,0.0,1.0,1.0,0.9125,1.0,0.0,security_risk,70,26.365956161000213,164.78722600625133,scenario_stress_holdoutfit,results/scheme_c_holdout_2026-04-26_rollout_tuned_full/configs/scenario_stress_holdoutfit.yaml
0.11875,0.11875,0.11875,0.1,0.11875,0.637768280201479,0.3622317197985209,0.9350839619162848,0.9404773936434784,0.93376006649682,-4.041295597988074,0.0,1.0,1.0,0.81875,1.0,0.0,periodic,71,25.952742473999933,162.20464046249958,scenario_stress_holdoutfit,results/scheme_c_holdout_2026-04-26_rollout_tuned_full/configs/scenario_stress_holdoutfit.yaml
0.11875,0.11875,0.475,0.425,0.475,0.5135703254669933,0.4864296745330065,0.7583090936571663,1.5874074986833688,1.5797681452597927,-7.103897654798253,0.0,1.0,0.89375,0.9125,1.0,0.0,risk_adaptive_hybrid_rollout,71,36.14735509599996,225.92096934999967,scenario_stress_holdoutfit,results/scheme_c_holdout_2026-04-26_rollout_tuned_full/configs/scenario_stress_holdoutfit.yaml
0.084375,0.084375,0.3375,0.325,0.3375,0.9162520696189348,0.0837479303810654,1.2582928043831532,0.1304683156806806,0.1245735850927464,-2.0918145783447173,0.0,1.0,1.0,0.88125,1.0,0.0,rollout_joint,71,54.27511276699988,339.21945479374926,scenario_stress_holdoutfit,results/scheme_c_holdout_2026-04-26_rollout_tuned_full/configs/scenario_stress_holdoutfit.yaml
0.1177098116550427,0.1177098116550427,0.11875,0.1,0.11875,0.2504030027920586,0.7495969972079415,0.3055076516240974,1.7257257380441922,1.7023427752992562,-22.03854097296488,0.0,1.0,0.95625,0.95625,1.0,0.0,security_margin,71,21.403394575999755,133.77121609999847,scenario_stress_holdoutfit,results/scheme_c_holdout_2026-04-26_rollout_tuned_full/configs/scenario_stress_holdoutfit.yaml
0.0383539795516593,0.0383539795516593,0.125,0.11875,0.125,0.7168761258706475,0.2831238741293525,0.9956095161336546,0.6353483065357114,0.6326478296060054,-3.0267805438644886,0.0,1.0,1.0,0.90625,1.0,0.0,security_risk,71,22.25125653799978,139.07035336249862,scenario_stress_holdoutfit,results/scheme_c_holdout_2026-04-26_rollout_tuned_full/configs/scenario_stress_holdoutfit.yaml
0.11875,0.11875,0.11875,0.10625,0.11875,0.6790754883637388,0.3209245116362612,1.0002540113202585,0.7590111717204955,0.752850646406022,-4.00968759233021,0.0,1.0,1.0,0.84375,1.0,0.0,periodic,72,26.108637459999954,163.17898412499972,scenario_stress_holdoutfit,results/scheme_c_holdout_2026-04-26_rollout_tuned_full/configs/scenario_stress_holdoutfit.yaml
0.11875,0.11875,0.475,0.45,0.475,0.4736767406283461,0.5263232593716539,0.6232413988787519,1.927192614614424,1.9268258771612303,-6.901935937434774,0.0,1.0,0.65,0.975,1.0,0.0,risk_adaptive_hybrid_rollout,72,47.90559610799983,299.4099756749989,scenario_stress_holdoutfit,results/scheme_c_holdout_2026-04-26_rollout_tuned_full/configs/scenario_stress_holdoutfit.yaml
0.0875,0.0875,0.35,0.3125,0.35,0.9158552116876134,0.0841447883123867,1.2619956734821298,0.1219496676153343,0.1155062712772169,-2.111177176673832,0.0,1.0,1.0,0.89375,1.0,0.0,rollout_joint,72,66.8136356519999,417.58522282499945,scenario_stress_holdoutfit,results/scheme_c_holdout_2026-04-26_rollout_tuned_full/configs/scenario_stress_holdoutfit.yaml
0.11875,0.11875,0.13125,0.125,0.13125,0.2612156595394768,0.7387843404605232,0.3339411043234425,1.7083940457093036,1.700919459789792,-21.18087445070582,0.0,1.0,0.925,0.96875,1.0,0.0,security_margin,72,25.929560999000387,162.05975624375242,scenario_stress_holdoutfit,results/scheme_c_holdout_2026-04-26_rollout_tuned_full/configs/scenario_stress_holdoutfit.yaml
0.0376999917859646,0.0376999917859646,0.125,0.11875,0.125,0.7096519197527658,0.2903480802472343,0.9153024688755104,0.7693543342018871,0.7655998278182132,-2.9705206070215207,0.0,1.0,1.0,0.90625,1.0,0.0,security_risk,72,25.497187002999908,159.35741876874943,scenario_stress_holdoutfit,results/scheme_c_holdout_2026-04-26_rollout_tuned_full/configs/scenario_stress_holdoutfit.yaml
0.11875,0.11875,0.11875,0.10625,0.11875,0.6544496297098439,0.345550370290156,0.936292316444099,0.9777685578137076,0.9691869752165532,-3.9192980074497386,0.0,1.0,1.0,0.825,1.0,0.0,periodic,73,26.07094292500005,162.94339328125034,scenario_stress_holdoutfit,results/scheme_c_holdout_2026-04-26_rollout_tuned_full/configs/scenario_stress_holdoutfit.yaml
0.11875,0.11875,0.475,0.45,0.475,0.5774618775937728,0.4225381224062273,0.8670770942232625,0.9413715198195568,0.9412948767555552,-7.699987694389153,0.0,1.0,0.63125,0.99375,1.0,0.0,risk_adaptive_hybrid_rollout,73,47.79490226200005,298.7181391375003,scenario_stress_holdoutfit,results/scheme_c_holdout_2026-04-26_rollout_tuned_full/configs/scenario_stress_holdoutfit.yaml
0.084375,0.084375,0.3375,0.31875,0.3375,0.9176403445986668,0.0823596554013331,1.2693195161162598,0.1173222712306385,0.1133839900553122,-2.0994074428791256,0.0,1.0,1.0,0.9,1.0,0.0,rollout_joint,73,67.37738773000001,421.1086733125001,scenario_stress_holdoutfit,results/scheme_c_holdout_2026-04-26_rollout_tuned_full/configs/scenario_stress_holdoutfit.yaml
0.11875,0.11875,0.13125,0.11875,0.13125,0.2602206170893318,0.7397793829106682,0.3303965133963056,1.71172264188773,1.7028892738119057,-21.376706865522035,0.0,1.0,0.93125,0.96875,1.0,0.0,security_margin,73,26.826518148000105,167.66573842500063,scenario_stress_holdoutfit,results/scheme_c_holdout_2026-04-26_rollout_tuned_full/configs/scenario_stress_holdoutfit.yaml
0.0402151363187217,0.0402151363187217,0.13125,0.11875,0.13125,0.7255395403127909,0.2744604596872091,1.0101822330817811,0.575216509900909,0.5732472208464996,-3.029189924054476,0.0,1.0,1.0,0.925,1.0,0.0,security_risk,73,25.973933862000194,162.33708663750122,scenario_stress_holdoutfit,results/scheme_c_holdout_2026-04-26_rollout_tuned_full/configs/scenario_stress_holdoutfit.yaml
0.11875,0.11875,0.11875,0.1125,0.11875,0.6859753130759831,0.3140246869240169,1.0478713738497791,0.7364901487711072,0.7262695820677585,-3.943420816141329,0.0,1.0,1.0,0.80625,1.0,0.0,periodic,74,26.925602757999968,168.2850172374998,scenario_stress_holdoutfit,results/scheme_c_holdout_2026-04-26_rollout_tuned_full/configs/scenario_stress_holdoutfit.yaml
0.11875,0.11875,0.475,0.425,0.475,0.4941714702952159,0.505828529704784,0.7138493023930175,1.7038680169713092,1.695598591733754,-7.305071968015374,0.0,1.0,0.79375,0.95,1.0,0.0,risk_adaptive_hybrid_rollout,74,48.532956299000034,303.3309768687502,scenario_stress_holdoutfit,results/scheme_c_holdout_2026-04-26_rollout_tuned_full/configs/scenario_stress_holdoutfit.yaml
0.0875,0.0875,0.35,0.31875,0.35,0.913589518416105,0.0864104815838948,1.2784384580786978,0.1285151455169402,0.1233167958326745,-2.0901379249200103,0.0,1.0,1.0,0.8875,1.0,0.0,rollout_joint,74,66.38275693399964,414.8922308374978,scenario_stress_holdoutfit,results/scheme_c_holdout_2026-04-26_rollout_tuned_full/configs/scenario_stress_holdoutfit.yaml
0.1185292083693085,0.1185292083693085,0.11875,0.10625,0.11875,0.2429191078499793,0.7570808921500207,0.298263004161041,1.748928393216025,1.7255725174188694,-22.361951135601164,0.0,1.0,0.9375,0.975,1.0,0.0,security_margin,74,26.35668296699987,164.7292685437492,scenario_stress_holdoutfit,results/scheme_c_holdout_2026-04-26_rollout_tuned_full/configs/scenario_stress_holdoutfit.yaml
0.0344166874915316,0.0344166874915316,0.125,0.125,0.125,0.7259427003254073,0.2740572996745928,0.9343962485838482,0.6968416997803459,0.6933262403521434,-2.962644922618501,0.0,1.0,1.0,0.90625,1.0,0.0,security_risk,74,25.89180822599974,161.82380141249837,scenario_stress_holdoutfit,results/scheme_c_holdout_2026-04-26_rollout_tuned_full/configs/scenario_stress_holdoutfit.yaml
0.11875,0.11875,0.11875,0.1,0.11875,0.6503093685831591,0.3496906314168408,0.9873655776517256,0.8154938002723693,0.8066547935889936,-4.114727364724049,0.0,1.0,1.0,0.8125,1.0,0.0,periodic,75,26.73535614100001,167.09597588125007,scenario_stress_holdoutfit,results/scheme_c_holdout_2026-04-26_rollout_tuned_full/configs/scenario_stress_holdoutfit.yaml
0.11875,0.11875,0.475,0.44375,0.475,0.4856664110237325,0.5143335889762674,0.6914841652887027,1.774075272471692,1.7723880792915612,-7.002153363610255,0.0,1.0,0.675,0.9375,1.0,0.0,risk_adaptive_hybrid_rollout,75,47.98102539899992,299.8814087437495,scenario_stress_holdoutfit,results/scheme_c_holdout_2026-04-26_rollout_tuned_full/configs/scenario_stress_holdoutfit.yaml
0.084375,0.084375,0.3375,0.325,0.3375,0.9175737849646536,0.0824262150353465,1.2731112836255678,0.1228572560483029,0.1142884396636024,-2.0856665652408983,0.0,1.0,1.0,0.90625,1.0,0.0,rollout_joint,75,67.00242787000025,418.7651741875016,scenario_stress_holdoutfit,results/scheme_c_holdout_2026-04-26_rollout_tuned_full/configs/scenario_stress_holdoutfit.yaml
0.11875,0.11875,0.14375,0.125,0.14375,0.2674582116435577,0.7325417883564422,0.3311005297746293,1.7288944933910178,1.7167842168162732,-20.67484742170772,0.0,1.0,0.89375,0.9625,1.0,0.0,security_margin,75,26.671037983000133,166.69398739375083,scenario_stress_holdoutfit,results/scheme_c_holdout_2026-04-26_rollout_tuned_full/configs/scenario_stress_holdoutfit.yaml
0.0405738547676403,0.0405738547676403,0.13125,0.125,0.13125,0.6824012383926787,0.3175987616073213,0.8585386169003723,0.916547151499628,0.9084086447989138,-2.9618280900602514,0.0,1.0,0.9875,0.8625,1.0,0.0,security_risk,75,26.808981916999983,167.5561369812499,scenario_stress_holdoutfit,results/scheme_c_holdout_2026-04-26_rollout_tuned_full/configs/scenario_stress_holdoutfit.yaml
0.11875,0.11875,0.11875,0.10625,0.11875,0.6591147787276151,0.3408852212723848,0.976070185667646,0.939545872684634,0.9374481664200738,-3.8603741870249566,0.0,1.0,1.0,0.875,1.0,0.0,periodic,76,25.882566638999837,161.76604149374896,scenario_stress_holdoutfit,results/scheme_c_holdout_2026-04-26_rollout_tuned_full/configs/scenario_stress_holdoutfit.yaml
0.11875,0.11875,0.475,0.45,0.475,0.5400554660071956,0.4599445339928044,0.84932207776729,1.2572132639661526,1.25598653800723,-7.242927222237992,0.00625,0.99375,0.6125,0.99375,1.0,0.0,risk_adaptive_hybrid_rollout,76,36.91337978399997,230.70862364999985,scenario_stress_holdoutfit,results/scheme_c_holdout_2026-04-26_rollout_tuned_full/configs/scenario_stress_holdoutfit.yaml
0.0859375,0.0859375,0.34375,0.31875,0.34375,0.9121611195437446,0.0878388804562554,1.2697589469690065,0.1448370838749685,0.1385793803950166,-2.07934991830223,0.0,1.0,1.0,0.9,1.0,0.0,rollout_joint,76,54.889460796000094,343.0591299750006,scenario_stress_holdoutfit,results/scheme_c_holdout_2026-04-26_rollout_tuned_full/configs/scenario_stress_holdoutfit.yaml
0.11875,0.11875,0.13125,0.125,0.13125,0.2696131141791857,0.7303868858208143,0.3459062013955349,1.708489236580785,1.6938257467571989,-20.508515793522243,0.0125,0.9875,0.90625,0.975,1.0,0.0,security_margin,76,21.880574503999924,136.75359064999952,scenario_stress_holdoutfit,results/scheme_c_holdout_2026-04-26_rollout_tuned_full/configs/scenario_stress_holdoutfit.yaml
0.0394939341049854,0.0394939341049854,0.1375,0.13125,0.1375,0.7236097232979561,0.2763902767020439,1.0775322704481682,0.5684118783304333,0.563323873555204,-2.968689874837,0.0,1.0,1.0,0.875,1.0,0.0,security_risk,76,22.202050627000062,138.7628164187504,scenario_stress_holdoutfit,results/scheme_c_holdout_2026-04-26_rollout_tuned_full/configs/scenario_stress_holdoutfit.yaml
0.11875,0.11875,0.11875,0.1125,0.11875,0.6946281362227464,0.3053718637772536,1.0263163566961642,0.6773199181930234,0.668577214796714,-4.046335785280013,0.0,1.0,1.0,0.825,1.0,0.0,periodic,77,25.59757448900018,159.98484055625113,scenario_stress_holdoutfit,results/scheme_c_holdout_2026-04-26_rollout_tuned_full/configs/scenario_stress_holdoutfit.yaml
0.11875,0.11875,0.475,0.45,0.475,0.5489160622625306,0.4510839377374693,0.8304106002102827,1.256128618995725,1.2508755364393729,-7.212460417616104,0.00625,0.99375,0.7125,0.93125,1.0,0.0,risk_adaptive_hybrid_rollout,77,47.73090044499986,298.31812778124913,scenario_stress_holdoutfit,results/scheme_c_holdout_2026-04-26_rollout_tuned_full/configs/scenario_stress_holdoutfit.yaml
0.0890625,0.0890625,0.35625,0.3,0.35625,0.9127913390907632,0.0872086609092365,1.2654276562439393,0.1294242180288187,0.1243770149247644,-2.1184756157280926,0.0,1.0,1.0,0.91875,1.0,0.0,rollout_joint,77,66.22574576399984,413.9109110249991,scenario_stress_holdoutfit,results/scheme_c_holdout_2026-04-26_rollout_tuned_full/configs/scenario_stress_holdoutfit.yaml
0.11875,0.11875,0.13125,0.125,0.13125,0.2612408734373869,0.7387591265626131,0.319034409747236,1.7295337765993062,1.712472767890286,-20.847006923071994,0.0125,0.9875,0.9,0.975,1.0,0.0,security_margin,77,25.70097114000009,160.63106962500058,scenario_stress_holdoutfit,results/scheme_c_holdout_2026-04-26_rollout_tuned_full/configs/scenario_stress_holdoutfit.yaml
0.0342608800790422,0.0342608800790422,0.1125,0.1,0.1125,0.6985400232257511,0.3014599767742488,0.8751575842578763,0.824290775004972,0.8187628200737628,-2.981566795924406,0.0,1.0,1.0,0.86875,1.0,0.0,security_risk,77,25.6149987470003,160.09374216875187,scenario_stress_holdoutfit,results/scheme_c_holdout_2026-04-26_rollout_tuned_full/configs/scenario_stress_holdoutfit.yaml
0.11875,0.11875,0.11875,0.11875,0.11875,0.6724344886697937,0.3275655113302063,1.0155257108206146,0.9114288349663566,0.9034672084568108,-3.7615637681306593,0.0,1.0,1.0,0.85,1.0,0.0,periodic,78,26.527511588999914,165.79694743124946,scenario_stress_holdoutfit,results/scheme_c_holdout_2026-04-26_rollout_tuned_full/configs/scenario_stress_holdoutfit.yaml
0.11875,0.11875,0.475,0.45,0.475,0.5638726409524206,0.4361273590475793,0.853650885634712,1.17553871587176,1.1738673437547793,-7.061167406278443,0.0125,0.9875,0.69375,0.96875,1.0,0.0,risk_adaptive_hybrid_rollout,78,48.06797869100001,300.42486681875005,scenario_stress_holdoutfit,results/scheme_c_holdout_2026-04-26_rollout_tuned_full/configs/scenario_stress_holdoutfit.yaml
0.084375,0.084375,0.3375,0.325,0.3375,0.9168557670952828,0.0831442329047169,1.279719604516094,0.128409652462156,0.1247349603682455,-2.0727855871969987,0.0,1.0,1.0,0.91875,1.0,0.0,rollout_joint,78,67.26438144599979,420.4023840374986,scenario_stress_holdoutfit,results/scheme_c_holdout_2026-04-26_rollout_tuned_full/configs/scenario_stress_holdoutfit.yaml
0.1174970149593515,0.1174970149593515,0.125,0.125,0.125,0.2626079977348325,0.7373920022651677,0.3243183967184186,1.7282264664101796,1.711245091618179,-21.15735676360024,0.0125,0.9875,0.91875,0.98125,1.0,0.0,security_margin,78,26.494435265999986,165.5902204124999,scenario_stress_holdoutfit,results/scheme_c_holdout_2026-04-26_rollout_tuned_full/configs/scenario_stress_holdoutfit.yaml
0.0408232682124421,0.0408232682124421,0.13125,0.125,0.13125,0.7039595021372271,0.2960404978627728,0.9697928966131132,0.763461586715145,0.7576822230119774,-2.9406079417328197,0.0,1.0,1.0,0.9,1.0,0.0,security_risk,78,26.18478830899994,163.65492693124963,scenario_stress_holdoutfit,results/scheme_c_holdout_2026-04-26_rollout_tuned_full/configs/scenario_stress_holdoutfit.yaml
0.11875,0.11875,0.11875,0.1125,0.11875,0.6966326443127808,0.3033673556872191,1.0486588735909117,0.6729309751811761,0.664430148807757,-4.047185675380412,0.0,1.0,1.0,0.76875,1.0,0.0,periodic,79,26.517897072999855,165.7368567062491,scenario_stress_holdoutfit,results/scheme_c_holdout_2026-04-26_rollout_tuned_full/configs/scenario_stress_holdoutfit.yaml
0.11875,0.11875,0.475,0.4375,0.475,0.5395272651547166,0.4604727348452834,0.8132706782437216,1.3181529251763755,1.3128731858594975,-7.32777999964226,0.0,1.0,0.675,0.96875,1.0,0.0,risk_adaptive_hybrid_rollout,79,48.41958959500016,302.622434968751,scenario_stress_holdoutfit,results/scheme_c_holdout_2026-04-26_rollout_tuned_full/configs/scenario_stress_holdoutfit.yaml
0.0890625,0.0890625,0.35625,0.30625,0.35625,0.9143005023085348,0.0856994976914651,1.2634588439531715,0.1298041318262556,0.1253408908568608,-2.1091131594480266,0.0,1.0,1.0,0.93125,1.0,0.0,rollout_joint,79,66.41423861299972,415.08899133124834,scenario_stress_holdoutfit,results/scheme_c_holdout_2026-04-26_rollout_tuned_full/configs/scenario_stress_holdoutfit.yaml
0.11875,0.11875,0.13125,0.11875,0.13125,0.2455448561555609,0.754455143844439,0.2943982437379547,1.763628002298778,1.7483040121910656,-21.835788497676184,0.0,1.0,0.88125,0.98125,1.0,0.0,security_margin,79,26.410152683999968,165.0634542749998,scenario_stress_holdoutfit,results/scheme_c_holdout_2026-04-26_rollout_tuned_full/configs/scenario_stress_holdoutfit.yaml
0.0399256418572625,0.0399256418572625,0.13125,0.11875,0.13125,0.683302546308592,0.316697453691408,0.9310897628501582,0.8733529266517435,0.8717972043332864,-2.9029422532978386,0.0,1.0,1.0,0.9125,1.0,0.0,security_risk,79,26.331759326000338,164.5734957875021,scenario_stress_holdoutfit,results/scheme_c_holdout_2026-04-26_rollout_tuned_full/configs/scenario_stress_holdoutfit.yaml
0.11875,0.11875,0.11875,0.1125,0.11875,0.6704927665938558,0.3295072334061443,1.020249121277283,0.8581646529025744,0.8465640862660267,-3.854485284715593,0.0,1.0,1.0,0.79375,1.0,0.0,periodic,80,26.026926553000067,162.66829095625042,scenario_stress_holdoutfit,results/scheme_c_holdout_2026-04-26_rollout_tuned_full/configs/scenario_stress_holdoutfit.yaml
0.11875,0.11875,0.475,0.45,0.475,0.5063207232154341,0.493679276784566,0.7450636796940864,1.6132195702971566,1.6124916017172464,-7.147308425254058,0.0,1.0,0.68125,0.9875,1.0,0.0,risk_adaptive_hybrid_rollout,80,47.56345724599987,297.2716077874992,scenario_stress_holdoutfit,results/scheme_c_holdout_2026-04-26_rollout_tuned_full/configs/scenario_stress_holdoutfit.yaml
0.084375,0.084375,0.3375,0.325,0.3375,0.9172089503558436,0.0827910496441564,1.266405357627039,0.1294031719170926,0.1251186442673451,-2.0817992655500293,0.0,1.0,1.0,0.89375,1.0,0.0,rollout_joint,80,66.80177995299982,417.5111247062488,scenario_stress_holdoutfit,results/scheme_c_holdout_2026-04-26_rollout_tuned_full/configs/scenario_stress_holdoutfit.yaml
0.1187340829097202,0.1187340829097202,0.11875,0.1125,0.11875,0.2522456383115133,0.7477543616884865,0.31354996325087,1.7366667409544951,1.7136675266637806,-21.770353811350503,0.0,1.0,0.9375,0.96875,1.0,0.0,security_margin,80,26.76184820499975,167.26155128124844,scenario_stress_holdoutfit,results/scheme_c_holdout_2026-04-26_rollout_tuned_full/configs/scenario_stress_holdoutfit.yaml
0.0371981136495302,0.0371981136495302,0.11875,0.11875,0.11875,0.7060447639754255,0.2939552360245745,0.9185706623337416,0.7864028066979009,0.7856790242347815,-2.975023327360573,0.0,1.0,1.0,0.925,1.0,0.0,security_risk,80,26.12304856199989,163.26905351249934,scenario_stress_holdoutfit,results/scheme_c_holdout_2026-04-26_rollout_tuned_full/configs/scenario_stress_holdoutfit.yaml
0.11875,0.11875,0.11875,0.1125,0.11875,0.6661859763831117,0.3338140236168883,0.983519078545757,0.9118206492156794,0.9059730238616096,-3.8315848248660416,0.0,1.0,1.0,0.83125,1.0,0.0,periodic,81,26.141345701999853,163.38341063749908,scenario_stress_holdoutfit,results/scheme_c_holdout_2026-04-26_rollout_tuned_full/configs/scenario_stress_holdoutfit.yaml
0.11875,0.11875,0.475,0.40625,0.475,0.5895334887284431,0.4104665112715568,0.9427019313519406,0.8616382758571689,0.8601340962055227,-7.782049836692577,0.0,1.0,0.7875,0.9375,1.0,0.0,risk_adaptive_hybrid_rollout,81,38.40881633900017,240.05510211875108,scenario_stress_holdoutfit,results/scheme_c_holdout_2026-04-26_rollout_tuned_full/configs/scenario_stress_holdoutfit.yaml
0.0859375,0.0859375,0.34375,0.31875,0.34375,0.9159233512172712,0.0840766487827286,1.2608834025198608,0.1363880018469788,0.1329783078933565,-2.087257578397028,0.0,1.0,1.0,0.89375,1.0,0.0,rollout_joint,81,54.53309704699996,340.8318565437497,scenario_stress_holdoutfit,results/scheme_c_holdout_2026-04-26_rollout_tuned_full/configs/scenario_stress_holdoutfit.yaml
0.11875,0.11875,0.11875,0.1,0.11875,0.2494934997906501,0.7505065002093498,0.3170672574943374,1.7223433852161505,1.6989009435918263,-22.17340295629645,0.0,1.0,0.96875,0.95,1.0,0.0,security_margin,81,20.613585645000057,128.83491028125036,scenario_stress_holdoutfit,results/scheme_c_holdout_2026-04-26_rollout_tuned_full/configs/scenario_stress_holdoutfit.yaml
0.0402438774334747,0.0402438774334747,0.13125,0.1125,0.13125,0.7265820920696383,0.2734179079303617,1.0332186643126395,0.5401267252755331,0.5271662585385826,-3.0537668141015124,0.0,1.0,1.0,0.81875,1.0,0.0,security_risk,81,22.79459922000024,142.46624512500148,scenario_stress_holdoutfit,results/scheme_c_holdout_2026-04-26_rollout_tuned_full/configs/scenario_stress_holdoutfit.yaml
