episode_length,total_secrecy_rate,avg_sync_cost,avg_sync_bandwidth,sync_request_rate,avg_sync_applied,avg_pending_syncs,avg_twin_quality,avg_twin_badness,avg_secrecy_rate,avg_realized_loss,avg_margin_gap,avg_cert_slack,certified_safe_rate,certificate_violation_prob,certificate_cover_rate,certificate_empirical_cover_rate,certificate_margin_cover_rate,prediction_violation_prob,outage_prob,success_prob,method,seed,runtime_sec,runtime_per_slot_ms,scenario,config_path
120.0,193.4848853091832,0.15,0.15,0.15,0.13333333333333333,0.15,0.8774454862349707,0.12255451376502924,1.6123740442431933,0.10579390746884591,0.09380126599000087,-1.992340212074305,0.0,1.0,1.0,1.0,1.0,0.725,0.9,0.1,periodic,62,11.996293909000087,99.96911590833406,paper_base_holdoutfit,results/final_2026-05-06/scheme_c_holdout/configs/paper_base_holdoutfit.yaml
120.0,181.0610312902482,0.03807417603816213,0.03807417603816213,0.13333333333333333,0.13333333333333333,0.13333333333333333,0.769256077008949,0.23074392299105095,1.508841927418735,0.2951483722051801,0.294730566663393,-2.2639060316682733,0.0,1.0,1.0,1.0,1.0,0.95,0.9083333333333333,0.09166666666666666,security_risk,62,11.884458091999932,99.0371507666661,paper_base_holdoutfit,results/final_2026-05-06/scheme_c_holdout/configs/paper_base_holdoutfit.yaml
120.0,78.1607549077547,0.23333333333333336,0.23333333333333336,0.26666666666666666,0.25833333333333336,0.26666666666666666,0.3423697773428143,0.6576302226571857,0.6513396242312891,1.7557453117028676,1.7505539538689106,-21.34455382415269,0.016666666666666666,0.9833333333333333,1.0,1.0,1.0,0.9833333333333333,0.9083333333333333,0.09166666666666666,security_margin,62,12.004844623000054,100.04037185833378,paper_base_holdoutfit,results/final_2026-05-06/scheme_c_holdout/configs/paper_base_holdoutfit.yaml
120.0,194.99920835037986,0.19583333333333333,0.19583333333333333,0.38333333333333336,0.375,0.38333333333333336,0.9404450876988351,0.059554912301164956,1.624993402919832,0.0656018874712403,0.05535630055256404,-1.7820399352970853,0.0,1.0,1.0,1.0,1.0,0.8083333333333333,0.9,0.1,rollout_joint,62,152.58143330999997,1271.5119442499997,paper_base_holdoutfit,results/final_2026-05-06/scheme_c_holdout/configs/paper_base_holdoutfit.yaml
120.0,194.69691942515416,0.15,0.15,0.15,0.125,0.15,0.8495181952945455,0.15048180470545433,1.6224743285429513,0.18464358727890157,0.174055924986695,-1.972191942055664,0.0,1.0,1.0,1.0,1.0,0.6666666666666666,0.875,0.125,periodic,63,11.919038053000122,99.32531710833435,paper_base_holdoutfit,results/final_2026-05-06/scheme_c_holdout/configs/paper_base_holdoutfit.yaml
120.0,186.579048256605,0.04000095635467831,0.04000095635467831,0.14166666666666666,0.11666666666666667,0.14166666666666666,0.7613399770347176,0.2386600229652824,1.554825402138375,0.30416911576959865,0.2965002460377698,-2.2171751023392625,0.0,1.0,1.0,1.0,1.0,0.8666666666666667,0.875,0.125,security_risk,63,11.896747886999947,99.13956572499956,paper_base_holdoutfit,results/final_2026-05-06/scheme_c_holdout/configs/paper_base_holdoutfit.yaml
120.0,80.48385781288815,0.23333333333333334,0.23333333333333334,0.2833333333333333,0.24166666666666667,0.2833333333333333,0.34127713918302793,0.6587228608169721,0.6706988151074013,1.7630536602832187,1.7476315955860362,-17.586043421329972,0.0,1.0,0.95,0.95,0.95,0.9166666666666666,0.9,0.1,security_margin,63,11.913083408999682,99.27569507499736,paper_base_holdoutfit,results/final_2026-05-06/scheme_c_holdout/configs/paper_base_holdoutfit.yaml
120.0,199.07225042403206,0.19791666666666666,0.19791666666666666,0.4,0.36666666666666664,0.4,0.9397590323916408,0.060240967608359126,1.6589354202002673,0.06751897203700469,0.05863791403375768,-1.7472507215477626,0.0,1.0,1.0,1.0,1.0,0.7666666666666667,0.875,0.125,rollout_joint,63,152.7315651439999,1272.7630428666657,paper_base_holdoutfit,results/final_2026-05-06/scheme_c_holdout/configs/paper_base_holdoutfit.yaml
120.0,191.58394136436297,0.15,0.15,0.15,0.13333333333333333,0.15,0.8692273754859438,0.13077262451405622,1.5965328447030247,0.1556277932091258,0.14717237232847688,-1.9583214374492954,0.0,1.0,1.0,1.0,1.0,0.7166666666666667,0.9,0.1,periodic,64,11.858992714000124,98.82493928333436,paper_base_holdoutfit,results/final_2026-05-06/scheme_c_holdout/configs/paper_base_holdoutfit.yaml
120.0,182.27117375074008,0.03695078974708508,0.03695078974708508,0.13333333333333333,0.13333333333333333,0.13333333333333333,0.7715904398595513,0.2284095601404487,1.518926447922834,0.29460089984996074,0.2930119874002264,-2.2325647368122103,0.0,1.0,1.0,1.0,1.0,0.8833333333333333,0.8916666666666667,0.10833333333333334,security_risk,64,11.989039631000196,99.9086635916683,paper_base_holdoutfit,results/final_2026-05-06/scheme_c_holdout/configs/paper_base_holdoutfit.yaml
120.0,81.19635200215421,0.23333333333333334,0.23333333333333334,0.26666666666666666,0.25,0.26666666666666666,0.3427267948210934,0.6572732051789065,0.6766362666846184,1.7351671404973983,1.7273219712622672,-19.076128156078834,0.016666666666666666,0.9833333333333333,1.0,1.0,1.0,0.9416666666666667,0.9,0.1,security_margin,64,11.967543861000195,99.72953217500162,paper_base_holdoutfit,results/final_2026-05-06/scheme_c_holdout/configs/paper_base_holdoutfit.yaml
120.0,197.56933342193423,0.17916666666666667,0.17916666666666667,0.39166666666666666,0.38333333333333336,0.39166666666666666,0.9431129106174351,0.056887089382564864,1.646411111849452,0.06007984882669369,0.05328656718201525,-1.7528821742061933,0.0,1.0,1.0,1.0,1.0,0.8166666666666667,0.9,0.1,rollout_joint,64,149.96979241699955,1249.748270141663,paper_base_holdoutfit,results/final_2026-05-06/scheme_c_holdout/configs/paper_base_holdoutfit.yaml
120.0,194.440536911636,0.15,0.15,0.15,0.13333333333333333,0.15,0.8750974194529638,0.12490258054703607,1.6203378075969668,0.12460830428916776,0.1157699175850581,-1.9556746939885292,0.0,1.0,1.0,1.0,1.0,0.6416666666666667,0.8833333333333333,0.11666666666666667,periodic,65,11.8899700449997,99.08308370833083,paper_base_holdoutfit,results/final_2026-05-06/scheme_c_holdout/configs/paper_base_holdoutfit.yaml
120.0,185.5687363451219,0.03896709509766326,0.03896709509766326,0.13333333333333333,0.11666666666666667,0.13333333333333333,0.7624653412377107,0.2375346587622893,1.546406136209349,0.27734849440075027,0.26864646846837864,-2.2740073328128014,0.0,1.0,1.0,1.0,1.0,0.7416666666666667,0.8916666666666667,0.10833333333333334,security_risk,65,12.023985446999632,100.19987872499694,paper_base_holdoutfit,results/final_2026-05-06/scheme_c_holdout/configs/paper_base_holdoutfit.yaml
120.0,81.89265749687736,0.23128269104017415,0.23128269104017415,0.2916666666666667,0.26666666666666666,0.2916666666666667,0.3449641530024649,0.655035846997535,0.682438812473978,1.7730077197020537,1.7702325961969647,-20.929747088349846,0.0,1.0,0.925,0.925,0.925,0.9583333333333334,0.9,0.1,security_margin,65,12.014322578999781,100.11935482499818,paper_base_holdoutfit,results/final_2026-05-06/scheme_c_holdout/configs/paper_base_holdoutfit.yaml
120.0,198.2890259841489,0.2,0.2,0.39166666666666666,0.375,0.39166666666666666,0.941678434412173,0.058321565587827015,1.6524085498679075,0.06488671155612079,0.053696033990502,-1.7509446263813297,0.0,1.0,1.0,1.0,1.0,0.7666666666666667,0.8833333333333333,0.11666666666666667,rollout_joint,65,148.31347847400002,1235.9456539500002,paper_base_holdoutfit,results/final_2026-05-06/scheme_c_holdout/configs/paper_base_holdoutfit.yaml
120.0,192.35111566716455,0.15,0.15,0.15,0.13333333333333333,0.15,0.8677643056668349,0.132235694333165,1.602925963893038,0.16886059809204854,0.15675077267451484,-1.9408725897071677,0.0,1.0,1.0,1.0,1.0,0.75,0.8916666666666667,0.10833333333333334,periodic,66,11.901610621000145,99.18008850833455,paper_base_holdoutfit,results/final_2026-05-06/scheme_c_holdout/configs/paper_base_holdoutfit.yaml
120.0,182.22339211343143,0.03834503132573131,0.03834503132573131,0.13333333333333333,0.13333333333333333,0.13333333333333333,0.7661178291791063,0.23388217082089377,1.5185282676119285,0.3023272531164878,0.2974473395754907,-2.251974662731966,0.0,1.0,1.0,1.0,1.0,0.8583333333333333,0.9,0.1,security_risk,66,12.008924942000249,100.07437451666874,paper_base_holdoutfit,results/final_2026-05-06/scheme_c_holdout/configs/paper_base_holdoutfit.yaml
120.0,95.5813364212735,0.23333333333333334,0.23333333333333334,0.3416666666666667,0.3333333333333333,0.3416666666666667,0.38756439557060435,0.6124356044293956,0.7965111368439459,1.5950909539810567,1.5945943634774205,-28.245573297856954,0.0,1.0,0.8416666666666667,0.8416666666666667,0.8416666666666667,0.9833333333333333,0.9,0.1,security_margin,66,12.098798963000263,100.82332469166886,paper_base_holdoutfit,results/final_2026-05-06/scheme_c_holdout/configs/paper_base_holdoutfit.yaml
120.0,199.075679380135,0.19791666666666666,0.19791666666666666,0.39166666666666666,0.36666666666666664,0.39166666666666666,0.940634666771329,0.05936533322867103,1.6589639948344583,0.0602233376561498,0.051423930267137,-1.7517607015843575,0.0,1.0,1.0,1.0,1.0,0.8,0.8833333333333333,0.11666666666666667,rollout_joint,66,152.28437334,1269.0364445,paper_base_holdoutfit,results/final_2026-05-06/scheme_c_holdout/configs/paper_base_holdoutfit.yaml
120.0,189.73055919688417,0.15,0.15,0.15,0.13333333333333333,0.15,0.8790081215110973,0.12099187848890267,1.581087993307368,0.10735378359516663,0.09852572076126966,-2.0095571939803594,0.0,1.0,1.0,1.0,1.0,0.775,0.9166666666666666,0.08333333333333333,periodic,67,11.93529459399997,99.46078828333309,paper_base_holdoutfit,results/final_2026-05-06/scheme_c_holdout/configs/paper_base_holdoutfit.yaml
120.0,183.11762227894826,0.037876244322838794,0.037876244322838794,0.13333333333333333,0.13333333333333333,0.13333333333333333,0.7705413754285957,0.2294586245714044,1.5259801856579023,0.28034313261319543,0.27659575501045747,-2.256995758440305,0.0,1.0,1.0,1.0,1.0,0.8666666666666667,0.9,0.1,security_risk,67,11.851530903999901,98.7627575333325,paper_base_holdoutfit,results/final_2026-05-06/scheme_c_holdout/configs/paper_base_holdoutfit.yaml
120.0,77.02277574543618,0.23333333333333334,0.23333333333333334,0.25833333333333336,0.225,0.25833333333333336,0.3234667436026916,0.6765332563973084,0.6418564645453014,1.7592316494825089,1.7428693821232568,-19.85784775375371,0.0,1.0,1.0,1.0,1.0,0.9333333333333333,0.9083333333333333,0.09166666666666666,security_margin,67,12.05775826800027,100.48131890000225,paper_base_holdoutfit,results/final_2026-05-06/scheme_c_holdout/configs/paper_base_holdoutfit.yaml
120.0,193.3637674011123,0.22083333333333333,0.22083333333333333,0.4,0.36666666666666664,0.4,0.9373377369644735,0.06266226303552641,1.6113647283426027,0.07166881790287696,0.060877560818971437,-1.796981035103478,0.0,1.0,1.0,1.0,1.0,0.8333333333333334,0.9083333333333333,0.09166666666666666,rollout_joint,67,150.69632814600027,1255.8027345500022,paper_base_holdoutfit,results/final_2026-05-06/scheme_c_holdout/configs/paper_base_holdoutfit.yaml
120.0,195.3624253948361,0.15,0.15,0.15,0.14166666666666666,0.15,0.8883536441582626,0.11164635584173747,1.6280202116236342,0.10369111528787557,0.0972762974384385,-1.9175015571497416,0.0,1.0,1.0,1.0,1.0,0.825,0.8833333333333333,0.11666666666666667,periodic,68,12.059396805000233,100.49497337500195,paper_base_holdoutfit,results/final_2026-05-06/scheme_c_holdout/configs/paper_base_holdoutfit.yaml
120.0,185.88305146289252,0.04209141018263951,0.04209141018263951,0.14166666666666666,0.11666666666666667,0.14166666666666666,0.7438549517515954,0.2561450482484046,1.5490254288574377,0.3437860970478052,0.33538454073056045,-2.254227339008733,0.0,1.0,1.0,1.0,1.0,0.85,0.8833333333333333,0.11666666666666667,security_risk,68,12.046985969999696,100.39154974999747,paper_base_holdoutfit,results/final_2026-05-06/scheme_c_holdout/configs/paper_base_holdoutfit.yaml
120.0,82.05872895886385,0.23333333333333334,0.23333333333333334,0.2833333333333333,0.275,0.2833333333333333,0.3458633422191938,0.6541366577808063,0.6838227413238654,1.750518184560605,1.7468698457472707,-21.71185972427999,0.008333333333333333,0.9916666666666667,0.9916666666666667,0.9916666666666667,0.9916666666666667,0.975,0.8916666666666667,0.10833333333333334,security_margin,68,11.989708270999927,99.91423559166606,paper_base_holdoutfit,results/final_2026-05-06/scheme_c_holdout/configs/paper_base_holdoutfit.yaml
120.0,195.68615307297034,0.22916666666666666,0.22916666666666666,0.4,0.35833333333333334,0.4,0.9366944716706018,0.06330552832939826,1.6307179422747529,0.07336202340659241,0.0629751628006373,-1.7799035007727544,0.0,1.0,1.0,1.0,1.0,0.8333333333333334,0.8916666666666667,0.10833333333333334,rollout_joint,68,152.82950843200024,1273.5792369333353,paper_base_holdoutfit,results/final_2026-05-06/scheme_c_holdout/configs/paper_base_holdoutfit.yaml
120.0,197.20591374661737,0.15,0.15,0.15,0.14166666666666666,0.15,0.8934524477007929,0.10654755229920723,1.6433826145551447,0.09177996203470676,0.08234320723605035,-1.9012916821923256,0.0,1.0,1.0,1.0,1.0,0.7666666666666667,0.8833333333333333,0.11666666666666667,periodic,69,12.004835192999963,100.04029327499968,paper_base_holdoutfit,results/final_2026-05-06/scheme_c_holdout/configs/paper_base_holdoutfit.yaml
120.0,183.0627267652506,0.04062462233626239,0.04062462233626239,0.14166666666666666,0.125,0.14166666666666666,0.7632846684764604,0.2367153315235396,1.525522723043755,0.30068013602946925,0.289495276519167,-2.2601718744367347,0.0,1.0,1.0,1.0,1.0,0.7916666666666666,0.8833333333333333,0.11666666666666667,security_risk,69,11.861036170000261,98.84196808333552,paper_base_holdoutfit,results/final_2026-05-06/scheme_c_holdout/configs/paper_base_holdoutfit.yaml
120.0,86.42201416324663,0.23252818068491346,0.23252818068491346,0.26666666666666666,0.24166666666666667,0.26666666666666666,0.34488291148216726,0.6551170885178327,0.7201834513603885,1.6925593933120904,1.6776396768407411,-14.962642687523676,0.016666666666666666,0.9833333333333333,1.0,1.0,1.0,0.9083333333333333,0.8833333333333333,0.11666666666666667,security_margin,69,12.065897158000098,100.54914298333415,paper_base_holdoutfit,results/final_2026-05-06/scheme_c_holdout/configs/paper_base_holdoutfit.yaml
120.0,195.7421016777511,0.21041666666666667,0.21041666666666667,0.4,0.36666666666666664,0.4,0.9369770269893798,0.06302297301062033,1.6311841806479257,0.07651732291311421,0.06774974782774497,-1.7733881720044018,0.0,1.0,1.0,1.0,1.0,0.775,0.9,0.1,rollout_joint,69,153.84993372899999,1282.082781075,paper_base_holdoutfit,results/final_2026-05-06/scheme_c_holdout/configs/paper_base_holdoutfit.yaml
120.0,192.53707971494669,0.15,0.15,0.15,0.13333333333333333,0.15,0.8718859783676669,0.12811402163233312,1.6044756642912223,0.15783446592127995,0.14629568495339726,-1.9384492916625597,0.0,1.0,1.0,1.0,1.0,0.7166666666666667,0.8833333333333333,0.11666666666666667,periodic,70,11.898744123000142,99.15620102500118,paper_base_holdoutfit,results/final_2026-05-06/scheme_c_holdout/configs/paper_base_holdoutfit.yaml
120.0,183.4389595588538,0.0411112748246587,0.0411112748246587,0.14166666666666666,0.125,0.14166666666666666,0.7589304693907298,0.2410695306092702,1.5286579963237819,0.3344754587705889,0.325891749771777,-2.2429861774629107,0.0,1.0,1.0,1.0,1.0,0.8,0.8833333333333333,0.11666666666666667,security_risk,70,11.98884371799977,99.90703098333142,paper_base_holdoutfit,results/final_2026-05-06/scheme_c_holdout/configs/paper_base_holdoutfit.yaml
120.0,77.29431897112774,0.2333333333333333,0.2333333333333333,0.26666666666666666,0.25833333333333336,0.26666666666666666,0.3367589290245444,0.6632410709754556,0.6441193247593978,1.7824255275413672,1.7749363812289947,-20.183072831215622,0.016666666666666666,0.9833333333333333,1.0,1.0,1.0,0.95,0.9083333333333333,0.09166666666666666,security_margin,70,12.00708464499985,100.05903870833208,paper_base_holdoutfit,results/final_2026-05-06/scheme_c_holdout/configs/paper_base_holdoutfit.yaml
120.0,197.0834518169811,0.19791666666666666,0.19791666666666666,0.39166666666666666,0.36666666666666664,0.39166666666666666,0.9404413905939109,0.059558609406089105,1.6423620984748424,0.0667328803776838,0.05397581056858493,-1.7676301950012434,0.0,1.0,1.0,1.0,1.0,0.75,0.8916666666666667,0.10833333333333334,rollout_joint,70,154.186576608,1284.8881384000001,paper_base_holdoutfit,results/final_2026-05-06/scheme_c_holdout/configs/paper_base_holdoutfit.yaml
120.0,191.387605580451,0.15,0.15,0.15,0.13333333333333333,0.15,0.8725718411730786,0.1274281588269214,1.594896713170425,0.12582202412921695,0.11669840265560029,-1.9867167971805861,0.0,1.0,1.0,1.0,1.0,0.6583333333333333,0.9083333333333333,0.09166666666666666,periodic,71,11.97525872999995,99.79382274999959,paper_base_holdoutfit,results/final_2026-05-06/scheme_c_holdout/configs/paper_base_holdoutfit.yaml
120.0,181.4915424374828,0.04085399951792816,0.04085399951792816,0.14166666666666666,0.11666666666666667,0.14166666666666666,0.7637287790303311,0.2362712209696688,1.5124295203123566,0.292810737698356,0.28821442568729577,-2.283136769475008,0.0,1.0,1.0,1.0,1.0,0.825,0.8916666666666667,0.10833333333333334,security_risk,71,12.040860836999855,100.34050697499879,paper_base_holdoutfit,results/final_2026-05-06/scheme_c_holdout/configs/paper_base_holdoutfit.yaml
120.0,77.2627253517657,0.23253704170009026,0.23253704170009026,0.26666666666666666,0.24166666666666667,0.26666666666666666,0.3248308467416822,0.6751691532583178,0.6438560445980475,1.7664255734419378,1.7604975410419406,-22.575715183515243,0.0,1.0,1.0,1.0,1.0,0.9666666666666667,0.9,0.1,security_margin,71,12.174750419000247,101.45625349166873,paper_base_holdoutfit,results/final_2026-05-06/scheme_c_holdout/configs/paper_base_holdoutfit.yaml
120.0,195.39080922127334,0.18125,0.18125,0.4,0.375,0.4,0.9449904436322444,0.05500955636775573,1.6282567435106112,0.05716236595053936,0.048596150308853184,-1.7736865812505285,0.0,1.0,1.0,1.0,1.0,0.8416666666666667,0.9083333333333333,0.09166666666666666,rollout_joint,71,150.57801118899988,1254.8167599083322,paper_base_holdoutfit,results/final_2026-05-06/scheme_c_holdout/configs/paper_base_holdoutfit.yaml
120.0,193.7839623087549,0.15,0.15,0.15,0.14166666666666666,0.15,0.8906782915774075,0.10932170842259255,1.6148663525729574,0.0924639350538814,0.08256095536711525,-1.9427567419034952,0.0,1.0,1.0,1.0,1.0,0.6666666666666666,0.8916666666666667,0.10833333333333334,periodic,72,11.99580263100006,99.9650219250005,paper_base_holdoutfit,results/final_2026-05-06/scheme_c_holdout/configs/paper_base_holdoutfit.yaml
120.0,155.4104231940326,0.03970550847938969,0.03970550847938969,0.13333333333333333,0.11666666666666667,0.13333333333333333,0.7246330958337636,0.2753669041662364,1.2950868599502716,0.6205038187044063,0.6170769235600794,-2.2371417544645102,0.0,1.0,1.0,1.0,1.0,0.8583333333333333,0.9,0.1,security_risk,72,12.015268755999841,100.12723963333201,paper_base_holdoutfit,results/final_2026-05-06/scheme_c_holdout/configs/paper_base_holdoutfit.yaml
120.0,93.28771629588073,0.23333333333333334,0.23333333333333334,0.2916666666666667,0.2833333333333333,0.2916666666666667,0.3532306322776615,0.6467693677223385,0.7773976357990061,1.527795087887534,1.5237238267358477,-32.28634577406744,0.0,1.0,0.95,0.95,0.95,0.9833333333333333,0.9,0.1,security_margin,72,12.32724798199979,102.72706651666492,paper_base_holdoutfit,results/final_2026-05-06/scheme_c_holdout/configs/paper_base_holdoutfit.yaml
120.0,196.2944847911252,0.23125,0.23125,0.4,0.3416666666666667,0.4,0.9346545276670499,0.06534547233294997,1.6357873732593766,0.07239311313373661,0.06268844592209823,-1.784302684691653,0.0,1.0,1.0,1.0,1.0,0.7916666666666666,0.8916666666666667,0.10833333333333334,rollout_joint,72,152.4100632300001,1270.083860250001,paper_base_holdoutfit,results/final_2026-05-06/scheme_c_holdout/configs/paper_base_holdoutfit.yaml
120.0,190.1847872202093,0.15,0.15,0.15,0.125,0.15,0.8710082166467676,0.1289917833532324,1.5848732268350776,0.13401918092826104,0.12825590830539263,-1.9961330691398653,0.0,1.0,1.0,1.0,1.0,0.7916666666666666,0.9083333333333333,0.09166666666666666,periodic,73,12.030317303000174,100.25264419166813,paper_base_holdoutfit,results/final_2026-05-06/scheme_c_holdout/configs/paper_base_holdoutfit.yaml
120.0,178.82573296301888,0.03829545726648663,0.03829545726648663,0.13333333333333333,0.13333333333333333,0.13333333333333333,0.7623637843159974,0.2376362156840026,1.4902144413584906,0.32780864255270764,0.32602555538814254,-2.254351948389762,0.0,1.0,1.0,1.0,1.0,0.8333333333333334,0.9,0.1,security_risk,73,11.869268652999835,98.91057210833196,paper_base_holdoutfit,results/final_2026-05-06/scheme_c_holdout/configs/paper_base_holdoutfit.yaml
120.0,77.76335016593433,0.2333333333333334,0.2333333333333334,0.275,0.25833333333333336,0.275,0.33709130180822106,0.662908698191779,0.6480279180494527,1.768952156844818,1.7670951145871845,-21.763269104350933,0.008333333333333333,0.9916666666666667,0.9916666666666667,0.9916666666666667,0.9916666666666667,0.9833333333333333,0.9083333333333333,0.09166666666666666,security_margin,73,12.02104122999981,100.17534358333175,paper_base_holdoutfit,results/final_2026-05-06/scheme_c_holdout/configs/paper_base_holdoutfit.yaml
120.0,195.21641198897856,0.1875,0.1875,0.39166666666666666,0.375,0.39166666666666666,0.9426838054539967,0.05731619454600341,1.626803433241488,0.06182708241346346,0.05128865310810909,-1.779332451162169,0.0,1.0,1.0,1.0,1.0,0.8,0.9,0.1,rollout_joint,73,149.74621977900006,1247.8851648250006,paper_base_holdoutfit,results/final_2026-05-06/scheme_c_holdout/configs/paper_base_holdoutfit.yaml
120.0,196.97199624443368,0.15,0.15,0.15,0.14166666666666666,0.15,0.892944944783468,0.10705505521653198,1.6414333020369474,0.09025286838197513,0.07935244877188777,-1.9091376718729378,0.0,1.0,1.0,1.0,1.0,0.7583333333333333,0.8833333333333333,0.11666666666666667,periodic,74,12.042547328999717,100.35456107499765,paper_base_holdoutfit,results/final_2026-05-06/scheme_c_holdout/configs/paper_base_holdoutfit.yaml
120.0,187.4349407091425,0.0384513648832034,0.0384513648832034,0.13333333333333333,0.125,0.13333333333333333,0.7636749119224402,0.23632508807755973,1.5619578392428541,0.2759256566267884,0.270825333251594,-2.238721149687529,0.0,1.0,1.0,1.0,1.0,0.8583333333333333,0.875,0.125,security_risk,74,11.99299954900016,99.94166290833466,paper_base_holdoutfit,results/final_2026-05-06/scheme_c_holdout/configs/paper_base_holdoutfit.yaml
120.0,86.4908064523027,0.23333333333333334,0.23333333333333334,0.31666666666666665,0.2833333333333333,0.31666666666666665,0.37189505342142687,0.6281049465785731,0.7207567204358559,1.693745568542183,1.6744556840468214,-13.61669409391926,0.0,1.0,0.9333333333333333,0.9333333333333333,0.9333333333333333,0.925,0.9,0.1,security_margin,74,12.068660077999994,100.57216731666661,paper_base_holdoutfit,results/final_2026-05-06/scheme_c_holdout/configs/paper_base_holdoutfit.yaml
120.0,198.43195930398025,0.19166666666666668,0.19166666666666668,0.39166666666666666,0.38333333333333336,0.39166666666666666,0.943703514879163,0.05629648512083693,1.653599660866502,0.05992492392849218,0.04879269250603562,-1.7465647391940906,0.0,1.0,1.0,1.0,1.0,0.775,0.8833333333333333,0.11666666666666667,rollout_joint,74,149.28756815999986,1244.0630679999988,paper_base_holdoutfit,results/final_2026-05-06/scheme_c_holdout/configs/paper_base_holdoutfit.yaml
120.0,191.74498341386695,0.15,0.15,0.15,0.13333333333333333,0.15,0.873046211628039,0.126953788371961,1.5978748617822245,0.14116926150548698,0.13051365861554165,-1.961505239288464,0.0,1.0,1.0,1.0,1.0,0.7583333333333333,0.8916666666666667,0.10833333333333334,periodic,75,11.927367934999893,99.39473279166577,paper_base_holdoutfit,results/final_2026-05-06/scheme_c_holdout/configs/paper_base_holdoutfit.yaml
120.0,175.94519597446907,0.03863716421424976,0.03863716421424976,0.13333333333333333,0.13333333333333333,0.13333333333333333,0.7615649083202786,0.23843509167972143,1.466209966453909,0.35618712398892427,0.34827676274759173,-2.2632953236142805,0.0,1.0,1.0,1.0,1.0,0.7666666666666667,0.9,0.1,security_risk,75,12.05526731899954,100.46056099166283,paper_base_holdoutfit,results/final_2026-05-06/scheme_c_holdout/configs/paper_base_holdoutfit.yaml
120.0,85.42628333777701,0.23333333333333334,0.23333333333333334,0.275,0.25833333333333336,0.275,0.34795420465702986,0.6520457953429701,0.7118856944814751,1.731369783475292,1.7268583321583881,-20.67608268805291,0.016666666666666666,0.9833333333333333,1.0,1.0,1.0,0.9583333333333334,0.8916666666666667,0.10833333333333334,security_margin,75,12.082243372999983,100.68536144166653,paper_base_holdoutfit,results/final_2026-05-06/scheme_c_holdout/configs/paper_base_holdoutfit.yaml
120.0,197.5509511875199,0.21875,0.21875,0.39166666666666666,0.35833333333333334,0.39166666666666666,0.939095577780932,0.060904422219067986,1.6462579265626658,0.06063521896520128,0.051066880172644366,-1.7702654792364636,0.0,1.0,1.0,1.0,1.0,0.8,0.8833333333333333,0.11666666666666667,rollout_joint,75,153.36445453499982,1278.0371211249985,paper_base_holdoutfit,results/final_2026-05-06/scheme_c_holdout/configs/paper_base_holdoutfit.yaml
120.0,199.23481659293344,0.15,0.15,0.15,0.14166666666666666,0.15,0.8941163406758086,0.10588365932419143,1.6602901382744453,0.09076152952612467,0.07914036788106278,-1.8953466780686115,0.0,1.0,1.0,1.0,1.0,0.7333333333333333,0.875,0.125,periodic,76,11.897423802000048,99.1451983500004,paper_base_holdoutfit,results/final_2026-05-06/scheme_c_holdout/configs/paper_base_holdoutfit.yaml
120.0,183.43716150508754,0.03865426656100171,0.03865426656100171,0.13333333333333333,0.13333333333333333,0.13333333333333333,0.7687519449680784,0.2312480550319216,1.5286430125423962,0.2845518492460164,0.2777435662577259,-2.258189102821911,0.0,1.0,1.0,1.0,1.0,0.825,0.8833333333333333,0.11666666666666667,security_risk,76,11.842970849000267,98.69142374166888,paper_base_holdoutfit,results/final_2026-05-06/scheme_c_holdout/configs/paper_base_holdoutfit.yaml
120.0,99.19341414469716,0.2333333333333334,0.2333333333333334,0.31666666666666665,0.30833333333333335,0.31666666666666665,0.37138761417741434,0.6286123858225856,0.826611784539143,1.5251093462950793,1.522319194822792,-30.746775306280007,0.0,1.0,0.9083333333333333,0.9083333333333333,0.9083333333333333,0.9833333333333333,0.8833333333333333,0.11666666666666667,security_margin,76,11.972493023000425,99.77077519167021,paper_base_holdoutfit,results/final_2026-05-06/scheme_c_holdout/configs/paper_base_holdoutfit.yaml
120.0,199.9598259142755,0.18541666666666667,0.18541666666666667,0.39166666666666666,0.375,0.39166666666666666,0.9404877794745723,0.059512220525427754,1.6663318826189626,0.06852280213178948,0.056843021728845526,-1.7372946308976154,0.0,1.0,1.0,1.0,1.0,0.7833333333333333,0.8833333333333333,0.11666666666666667,rollout_joint,76,148.37395802600076,1236.449650216673,paper_base_holdoutfit,results/final_2026-05-06/scheme_c_holdout/configs/paper_base_holdoutfit.yaml
120.0,186.3452799363058,0.15,0.15,0.15,0.11666666666666667,0.15,0.8337897437012508,0.16621025629874922,1.5528773328025482,0.21645757585658737,0.20708968876460546,-2.058545320657046,0.0,1.0,1.0,1.0,1.0,0.7583333333333333,0.9,0.1,periodic,77,11.847841047000657,98.73200872500547,paper_base_holdoutfit,results/final_2026-05-06/scheme_c_holdout/configs/paper_base_holdoutfit.yaml
120.0,153.01756263935286,0.04342992735257926,0.04342992735257926,0.15,0.125,0.15,0.7314198760091559,0.2685801239908442,1.2751463553279405,0.6309356818595552,0.6222279297053586,-2.234161301651293,0.0,1.0,1.0,1.0,1.0,0.7833333333333333,0.9,0.1,security_risk,77,11.940125726999213,99.50104772499344,paper_base_holdoutfit,results/final_2026-05-06/scheme_c_holdout/configs/paper_base_holdoutfit.yaml
120.0,79.08400194705145,0.23186037519248234,0.23186037519248234,0.26666666666666666,0.26666666666666666,0.26666666666666666,0.33828307668571894,0.661716923314281,0.659033349558762,1.7615003642812264,1.7565037625016184,-22.304630450053107,0.016666666666666666,0.9833333333333333,1.0,1.0,1.0,0.9833333333333333,0.9,0.1,security_margin,77,12.021727049999754,100.18105874999794,paper_base_holdoutfit,results/final_2026-05-06/scheme_c_holdout/configs/paper_base_holdoutfit.yaml
120.0,198.25184165739805,0.19583333333333333,0.19583333333333333,0.38333333333333336,0.375,0.38333333333333336,0.9395776425827075,0.06042235741729242,1.652098680478317,0.07117224318457896,0.06221290767060553,-1.7504686120015682,0.0,1.0,1.0,1.0,1.0,0.7916666666666666,0.8833333333333333,0.11666666666666667,rollout_joint,77,151.12181128500015,1259.3484273750012,paper_base_holdoutfit,results/final_2026-05-06/scheme_c_holdout/configs/paper_base_holdoutfit.yaml
120.0,199.34080346324453,0.15,0.15,0.15,0.14166666666666666,0.15,0.8949477633380009,0.10505223666199912,1.6611733621937044,0.09684784902856908,0.08479646457697572,-1.8770560223641686,0.0,1.0,1.0,1.0,1.0,0.7083333333333334,0.875,0.125,periodic,78,11.894111212000098,99.11759343333415,paper_base_holdoutfit,results/final_2026-05-06/scheme_c_holdout/configs/paper_base_holdoutfit.yaml
120.0,185.88711637512293,0.038179250250526264,0.038179250250526264,0.13333333333333333,0.13333333333333333,0.13333333333333333,0.7658349773811761,0.23416502261882394,1.5490593031260245,0.3064682570117412,0.29649852983582947,-2.2205232721838413,0.0,1.0,1.0,1.0,1.0,0.8333333333333334,0.8666666666666667,0.13333333333333333,security_risk,78,11.89740142699975,99.14501189166458,paper_base_holdoutfit,results/final_2026-05-06/scheme_c_holdout/configs/paper_base_holdoutfit.yaml
120.0,83.26283077003345,0.23265888589589864,0.23265888589589864,0.275,0.275,0.275,0.346350500104242,0.6536494998957582,0.693856923083612,1.7485045721978594,1.742847686617821,-21.639891325796224,0.016666666666666666,0.9833333333333333,1.0,1.0,1.0,0.9833333333333333,0.8916666666666667,0.10833333333333334,security_margin,78,12.04937385500034,100.4114487916695,paper_base_holdoutfit,results/final_2026-05-06/scheme_c_holdout/configs/paper_base_holdoutfit.yaml
120.0,199.80079671074807,0.19166666666666668,0.19166666666666668,0.38333333333333336,0.375,0.38333333333333336,0.9434400349933637,0.056559965006636306,1.665006639256234,0.06172264227084126,0.04874523830081098,-1.7417758648174257,0.0,1.0,1.0,1.0,1.0,0.75,0.8833333333333333,0.11666666666666667,rollout_joint,78,149.70062885399966,1247.5052404499972,paper_base_holdoutfit,results/final_2026-05-06/scheme_c_holdout/configs/paper_base_holdoutfit.yaml
120.0,195.66392854922572,0.15,0.15,0.15,0.14166666666666666,0.15,0.8868783868318942,0.11312161316810573,1.6305327379102144,0.10368358067817442,0.09434343110375473,-1.923160760298615,0.0,1.0,1.0,1.0,1.0,0.7833333333333333,0.8833333333333333,0.11666666666666667,periodic,79,11.880122235000272,99.00101862500226,paper_base_holdoutfit,results/final_2026-05-06/scheme_c_holdout/configs/paper_base_holdoutfit.yaml
120.0,177.95451637575903,0.04182618536992618,0.04182618536992618,0.14166666666666666,0.13333333333333333,0.14166666666666666,0.7524099092104344,0.24759009078956573,1.4829543031313253,0.37973335229079397,0.3754795186863357,-2.2546596561588577,0.0,1.0,1.0,1.0,1.0,0.825,0.8916666666666667,0.10833333333333334,security_risk,79,11.843101387999923,98.69251156666603,paper_base_holdoutfit,results/final_2026-05-06/scheme_c_holdout/configs/paper_base_holdoutfit.yaml
120.0,80.04378148673064,0.23333333333333336,0.23333333333333336,0.275,0.25833333333333336,0.275,0.3403187796042984,0.6596812203957015,0.6670315123894219,1.759120497385619,1.7501641985595489,-19.561445209204727,0.008333333333333333,0.9916666666666667,1.0,1.0,1.0,0.95,0.9083333333333333,0.09166666666666666,security_margin,79,12.014728594999724,100.12273829166436,paper_base_holdoutfit,results/final_2026-05-06/scheme_c_holdout/configs/paper_base_holdoutfit.yaml
120.0,195.87110306997778,0.19791666666666666,0.19791666666666666,0.39166666666666666,0.375,0.39166666666666666,0.9402016827953372,0.05979831720466263,1.6322591922498149,0.06956389492022352,0.057758889183652615,-1.7676861602231995,0.0,1.0,1.0,1.0,1.0,0.7666666666666667,0.8916666666666667,0.10833333333333334,rollout_joint,79,153.69397080900035,1280.7830900750027,paper_base_holdoutfit,results/final_2026-05-06/scheme_c_holdout/configs/paper_base_holdoutfit.yaml
120.0,193.369812739047,0.15,0.15,0.15,0.14166666666666666,0.15,0.889407222023686,0.11059277797631396,1.611415106158725,0.10256770330249763,0.09548282172422669,-1.9348861179449997,0.0,1.0,1.0,1.0,1.0,0.7166666666666667,0.9,0.1,periodic,80,12.076680439000484,100.63900365833736,paper_base_holdoutfit,results/final_2026-05-06/scheme_c_holdout/configs/paper_base_holdoutfit.yaml
120.0,183.1952849476376,0.038648617163443796,0.038648617163443796,0.13333333333333333,0.125,0.13333333333333333,0.7602768412259411,0.23972315877405892,1.5266273745636465,0.3051197937000616,0.3023665481486985,-2.2581858854404593,0.0,1.0,1.0,1.0,1.0,0.8583333333333333,0.8833333333333333,0.11666666666666667,security_risk,80,11.987367106999955,99.89472589166628,paper_base_holdoutfit,results/final_2026-05-06/scheme_c_holdout/configs/paper_base_holdoutfit.yaml
120.0,97.00267278962798,0.23333333333333334,0.23333333333333334,0.30833333333333335,0.3,0.30833333333333335,0.36553572336986984,0.6344642766301303,0.8083556065802332,1.5285044261667642,1.5254502605143634,-30.629012494883828,0.0,1.0,0.9416666666666667,0.9416666666666667,0.9416666666666667,0.9833333333333333,0.8916666666666667,0.10833333333333334,security_margin,80,12.112808545999542,100.94007121666284,paper_base_holdoutfit,results/final_2026-05-06/scheme_c_holdout/configs/paper_base_holdoutfit.yaml
120.0,196.1373371137085,0.22083333333333333,0.22083333333333333,0.39166666666666666,0.36666666666666664,0.39166666666666666,0.9386854218178254,0.061314578182174465,1.6344778092809042,0.06580233920676287,0.056140542722289896,-1.7783794792510297,0.0,1.0,1.0,1.0,1.0,0.7833333333333333,0.9,0.1,rollout_joint,80,151.54333256799964,1262.8611047333302,paper_base_holdoutfit,results/final_2026-05-06/scheme_c_holdout/configs/paper_base_holdoutfit.yaml
120.0,194.32123623378604,0.15,0.15,0.15,0.14166666666666666,0.15,0.8929195283277295,0.10708047167227047,1.6193436352815502,0.09991884353335126,0.08668784904791506,-1.9254769082233092,0.0,1.0,1.0,1.0,1.0,0.7416666666666667,0.8916666666666667,0.10833333333333334,periodic,81,11.956550862999393,99.63792385832828,paper_base_holdoutfit,results/final_2026-05-06/scheme_c_holdout/configs/paper_base_holdoutfit.yaml
120.0,185.66492251994492,0.03873175477544475,0.03873175477544475,0.13333333333333333,0.13333333333333333,0.13333333333333333,0.7652910905864332,0.23470890941356679,1.5472076876662078,0.29271923794769866,0.2858997031525463,-2.238941399471754,0.0,1.0,1.0,1.0,1.0,0.8666666666666667,0.8833333333333333,0.11666666666666667,security_risk,81,12.027446160999716,100.22871800833097,paper_base_holdoutfit,results/final_2026-05-06/scheme_c_holdout/configs/paper_base_holdoutfit.yaml
120.0,83.28510441931375,0.23333333333333334,0.23333333333333334,0.26666666666666666,0.25,0.26666666666666666,0.3428403480649628,0.6571596519350372,0.6940425368276146,1.7444422170481606,1.7343751654719546,-20.062390285321666,0.016666666666666666,0.9833333333333333,1.0,1.0,1.0,0.925,0.8833333333333333,0.11666666666666667,security_margin,81,11.88418097200065,99.03484143333874,paper_base_holdoutfit,results/final_2026-05-06/scheme_c_holdout/configs/paper_base_holdoutfit.yaml
120.0,197.33772738507608,0.20416666666666666,0.20416666666666666,0.38333333333333336,0.375,0.38333333333333336,0.9420984164113422,0.057901583588657796,1.6444810615423007,0.063597789777525,0.053516014322309916,-1.7611124585716564,0.0,1.0,1.0,1.0,1.0,0.7416666666666667,0.8833333333333333,0.11666666666666667,rollout_joint,81,149.52530976599974,1246.0442480499978,paper_base_holdoutfit,results/final_2026-05-06/scheme_c_holdout/configs/paper_base_holdoutfit.yaml
140.0,177.84033035772717,0.15714285714285714,0.15714285714285714,0.15714285714285714,0.15,0.15714285714285714,0.7842158874787248,0.21578411252127516,1.2702880739837654,0.4749503629410414,0.4638597299471482,-2.5579164281308073,0.0,1.0,1.0,1.0,1.0,0.7714285714285715,0.95,0.05,periodic,62,13.976084283000091,99.82917345000065,paper_hard_holdoutfit,results/final_2026-05-06/scheme_c_holdout/configs/paper_hard_holdoutfit.yaml
140.0,177.94369665962077,0.036781268397118504,0.036781268397118504,0.12857142857142856,0.12142857142857143,0.12857142857142856,0.7559531595932013,0.24404684040679883,1.271026404711577,0.36213668878397026,0.3613199303598303,-2.6056861419620443,0.0,1.0,1.0,1.0,1.0,0.9714285714285714,0.95,0.05,security_risk,62,14.03597268500016,100.25694775000115,paper_hard_holdoutfit,results/final_2026-05-06/scheme_c_holdout/configs/paper_hard_holdoutfit.yaml
140.0,83.72520409464859,0.15714285714285714,0.15714285714285714,0.17142857142857143,0.15714285714285714,0.17142857142857143,0.31221068441061317,0.6877893155893868,0.5980371721046328,1.213772393638429,1.2002833952736602,-43.27771251192215,0.0,1.0,1.0,1.0,1.0,0.9857142857142858,0.9928571428571429,0.007142857142857143,security_margin,62,14.133688556999914,100.9549182642851,paper_hard_holdoutfit,results/final_2026-05-06/scheme_c_holdout/configs/paper_hard_holdoutfit.yaml
140.0,200.19940973130707,0.1,0.1,0.4,0.39285714285714285,0.4,0.9410355768586807,0.058964423141319194,1.4299957837950505,0.0830296276126298,0.07529525639234068,-2.092620037415636,0.0,1.0,1.0,1.0,1.0,0.8285714285714286,0.95,0.05,rollout_joint,62,181.08572368599926,1293.4694548999946,paper_hard_holdoutfit,results/final_2026-05-06/scheme_c_holdout/configs/paper_hard_holdoutfit.yaml
140.0,184.895667902122,0.15714285714285714,0.15714285714285714,0.15714285714285714,0.15714285714285714,0.15714285714285714,0.7938890142954812,0.2061109857045186,1.3206833421580142,0.41739040022737633,0.4079894524671655,-2.6060582994469446,0.0,1.0,1.0,1.0,1.0,0.7285714285714285,0.9357142857142857,0.06428571428571428,periodic,63,13.846052930999576,98.90037807856841,paper_hard_holdoutfit,results/final_2026-05-06/scheme_c_holdout/configs/paper_hard_holdoutfit.yaml
140.0,183.28699177350492,0.03658732758600061,0.03658732758600061,0.12857142857142856,0.12857142857142856,0.12857142857142856,0.7536639213436653,0.24633607865633472,1.309192798382178,0.3693596173029232,0.3607554703857492,-2.558040389760851,0.0,1.0,1.0,1.0,1.0,0.8642857142857143,0.9285714285714286,0.07142857142857142,security_risk,63,13.868617211000128,99.06155150714378,paper_hard_holdoutfit,results/final_2026-05-06/scheme_c_holdout/configs/paper_hard_holdoutfit.yaml
140.0,79.42870561601104,0.15701216534938844,0.15701216534938844,0.17142857142857143,0.15,0.17142857142857143,0.31173666317137844,0.6882633368286215,0.5673478972572218,1.336338779716855,1.3162262247331182,-32.00116839781451,0.0,1.0,1.0,1.0,1.0,0.9428571428571428,0.95,0.05,security_margin,63,13.946793254999648,99.61995182142606,paper_hard_holdoutfit,results/final_2026-05-06/scheme_c_holdout/configs/paper_hard_holdoutfit.yaml
140.0,203.3363311117148,0.10535714285714286,0.10535714285714286,0.42142857142857143,0.36428571428571427,0.42142857142857143,0.9350612420023359,0.06493875799766395,1.452402365083677,0.10059254695925635,0.09404071199905222,-2.0669724166999233,0.0,1.0,1.0,1.0,1.0,0.8285714285714286,0.9285714285714286,0.07142857142857142,rollout_joint,63,176.63576282799932,1261.684020199995,paper_hard_holdoutfit,results/final_2026-05-06/scheme_c_holdout/configs/paper_hard_holdoutfit.yaml
140.0,181.90843914078306,0.15714285714285714,0.15714285714285714,0.15714285714285714,0.15,0.15714285714285714,0.7828290145057756,0.2171709854942244,1.299345993862736,0.47300595172248683,0.4679523801718522,-2.538399913464122,0.0,1.0,1.0,1.0,1.0,0.8071428571428572,0.9428571428571428,0.05714285714285714,periodic,64,13.972043918000054,99.80031370000039,paper_hard_holdoutfit,results/final_2026-05-06/scheme_c_holdout/configs/paper_hard_holdoutfit.yaml
140.0,170.72191727867084,0.04016790383540965,0.04016790383540965,0.1357142857142857,0.12142857142857143,0.1357142857142857,0.7279927347682449,0.27200726523175495,1.2194422662762203,0.5371310295384036,0.5346934579069115,-2.554937171866529,0.0,1.0,1.0,1.0,1.0,0.9071428571428571,0.9357142857142857,0.06428571428571428,security_risk,64,14.029199739999967,100.20856957142834,paper_hard_holdoutfit,results/final_2026-05-06/scheme_c_holdout/configs/paper_hard_holdoutfit.yaml
140.0,80.90770487117797,0.15714285714285714,0.15714285714285714,0.21428571428571427,0.2,0.21428571428571427,0.32069623942809905,0.6793037605719009,0.5779121776512712,1.3849713643736443,1.3849713643736443,-34.9638487105074,0.0,1.0,0.9357142857142857,0.9357142857142857,0.9357142857142857,1.0,0.9785714285714285,0.02142857142857143,security_margin,64,13.906258750999768,99.33041964999835,paper_hard_holdoutfit,results/final_2026-05-06/scheme_c_holdout/configs/paper_hard_holdoutfit.yaml
140.0,201.68477828516606,0.10178571428571428,0.10178571428571428,0.40714285714285714,0.38571428571428573,0.40714285714285714,0.9391813851324838,0.060818614867516246,1.4406055591797575,0.09215090518111128,0.08620792884077258,-2.0742449042764326,0.0,1.0,1.0,1.0,1.0,0.8857142857142857,0.95,0.05,rollout_joint,64,176.56471262000014,1261.1765187142867,paper_hard_holdoutfit,results/final_2026-05-06/scheme_c_holdout/configs/paper_hard_holdoutfit.yaml
140.0,183.9468123298645,0.15714285714285714,0.15714285714285714,0.15714285714285714,0.15714285714285714,0.15714285714285714,0.793370675423579,0.20662932457642105,1.3139058023561752,0.4115902316307837,0.40548059761237254,-2.630289061095702,0.0,1.0,1.0,1.0,1.0,0.85,0.95,0.05,periodic,65,13.745952743000089,98.18537673571493,paper_hard_holdoutfit,results/final_2026-05-06/scheme_c_holdout/configs/paper_hard_holdoutfit.yaml
140.0,184.1063513945512,0.037069198363819354,0.037069198363819354,0.12857142857142856,0.12142857142857143,0.12857142857142856,0.7562339224551615,0.24376607754483848,1.3150453671039373,0.3560607692148613,0.35355025312409233,-2.5843016395301617,0.0,1.0,1.0,1.0,1.0,0.9285714285714286,0.9428571428571428,0.05714285714285714,security_risk,65,13.92214445100035,99.44388893571679,paper_hard_holdoutfit,results/final_2026-05-06/scheme_c_holdout/configs/paper_hard_holdoutfit.yaml
140.0,81.55046670157483,0.15714285714285714,0.15714285714285714,0.17857142857142858,0.15714285714285714,0.17857142857142858,0.31459359499368755,0.6854064050063126,0.5825033335826774,1.332811030374612,1.3172700697676731,-32.149257639954136,0.0,1.0,0.9928571428571429,0.9928571428571429,0.9928571428571429,0.9428571428571428,0.95,0.05,security_margin,65,13.923272116999215,99.45194369285153,paper_hard_holdoutfit,results/final_2026-05-06/scheme_c_holdout/configs/paper_hard_holdoutfit.yaml
140.0,203.5495157753846,0.10357142857142858,0.10357142857142858,0.4142857142857143,0.37142857142857144,0.4142857142857143,0.9395800775732046,0.06041992242679528,1.4539251126813186,0.08220723640233464,0.07506713062071173,-2.069750589040679,0.0,1.0,1.0,1.0,1.0,0.8571428571428571,0.95,0.05,rollout_joint,65,181.86710027200024,1299.0507162285733,paper_hard_holdoutfit,results/final_2026-05-06/scheme_c_holdout/configs/paper_hard_holdoutfit.yaml
140.0,175.27480059309522,0.15714285714285714,0.15714285714285714,0.15714285714285714,0.15,0.15714285714285714,0.7662617548669025,0.23373824513309757,1.2519628613792515,0.5807393096261126,0.568575431527991,-2.6070608280462473,0.0,1.0,1.0,1.0,1.0,0.7857142857142857,0.95,0.05,periodic,66,14.00032270400061,100.00230502857578,paper_hard_holdoutfit,results/final_2026-05-06/scheme_c_holdout/configs/paper_hard_holdoutfit.yaml
140.0,173.3499691835554,0.037428403115485856,0.037428403115485856,0.12857142857142856,0.12142857142857143,0.12857142857142856,0.7438049179401884,0.25619508205981156,1.2382140655968243,0.43283119418482313,0.4272613726036343,-2.6114686453932427,0.0,1.0,1.0,1.0,1.0,0.85,0.95,0.05,security_risk,66,13.956952724000075,99.69251945714339,paper_hard_holdoutfit,results/final_2026-05-06/scheme_c_holdout/configs/paper_hard_holdoutfit.yaml
140.0,80.43347208482373,0.15655092165194806,0.15655092165194806,0.17142857142857143,0.15,0.17142857142857143,0.31085097246067167,0.6891490275393283,0.5745248006058838,1.2916466385106986,1.2723599467090758,-35.702729781696796,0.0,1.0,1.0,1.0,1.0,0.95,0.9571428571428572,0.04285714285714286,security_margin,66,14.118658291999964,100.84755922857117,paper_hard_holdoutfit,results/final_2026-05-06/scheme_c_holdout/configs/paper_hard_holdoutfit.yaml
140.0,203.45771496554443,0.1,0.1,0.4,0.39285714285714285,0.4,0.9408895651364939,0.0591104348635062,1.4532693926110316,0.08092134309519934,0.07158286987341965,-2.070440857871333,0.0,1.0,1.0,1.0,1.0,0.8,0.95,0.05,rollout_joint,66,179.7241271719995,1283.7437655142821,paper_hard_holdoutfit,results/final_2026-05-06/scheme_c_holdout/configs/paper_hard_holdoutfit.yaml
140.0,174.489736862637,0.15714285714285714,0.15714285714285714,0.15714285714285714,0.15714285714285714,0.15714285714285714,0.7779687946537388,0.22203120534626117,1.2463552633045498,0.5681753532479719,0.5590658248747914,-2.50199401832494,0.0,1.0,1.0,1.0,1.0,0.7571428571428571,0.9714285714285714,0.02857142857142857,periodic,67,13.930894765999255,99.50639118570896,paper_hard_holdoutfit,results/final_2026-05-06/scheme_c_holdout/configs/paper_hard_holdoutfit.yaml
140.0,169.12200050294976,0.039435401753963935,0.039435401753963935,0.1357142857142857,0.12142857142857143,0.1357142857142857,0.7296342126605202,0.2703657873394799,1.208014289306784,0.4687179356078963,0.46595769813302024,-2.6252188388110858,0.0,1.0,1.0,1.0,1.0,0.9071428571428571,0.9571428571428572,0.04285714285714286,security_risk,67,13.949355180000566,99.63825128571833,paper_hard_holdoutfit,results/final_2026-05-06/scheme_c_holdout/configs/paper_hard_holdoutfit.yaml
140.0,75.59831512738299,0.15614613773662284,0.15614613773662284,0.15714285714285714,0.1357142857142857,0.15714285714285714,0.2962959737721286,0.7037040262278714,0.5399879651955928,1.3439336195537144,1.3131588320257035,-30.240581637576373,0.0,1.0,1.0,1.0,1.0,0.9214285714285714,0.9642857142857143,0.03571428571428571,security_margin,67,14.075218539000161,100.53727527857258,paper_hard_holdoutfit,results/final_2026-05-06/scheme_c_holdout/configs/paper_hard_holdoutfit.yaml
140.0,198.56150760277106,0.10357142857142858,0.10357142857142858,0.4142857142857143,0.39285714285714285,0.4142857142857143,0.938083909102396,0.061916090897603825,1.4182964828769362,0.09117574339694123,0.08388230139309205,-2.1018596001583676,0.0,1.0,1.0,1.0,1.0,0.8571428571428571,0.9642857142857143,0.03571428571428571,rollout_joint,67,177.87714084399977,1270.5510060285699,paper_hard_holdoutfit,results/final_2026-05-06/scheme_c_holdout/configs/paper_hard_holdoutfit.yaml
140.0,180.95893758267806,0.15714285714285714,0.15714285714285714,0.15714285714285714,0.15714285714285714,0.15714285714285714,0.7795658750011712,0.2204341249988287,1.2925638398762718,0.547064871116888,0.5401928646569393,-2.499649348508861,0.0,1.0,1.0,1.0,1.0,0.7428571428571429,0.95,0.05,periodic,68,13.94965159200001,99.64036851428578,paper_hard_holdoutfit,results/final_2026-05-06/scheme_c_holdout/configs/paper_hard_holdoutfit.yaml
140.0,182.69070490544925,0.03791264028975277,0.03791264028975277,0.12857142857142856,0.11428571428571428,0.12857142857142856,0.7495075265344876,0.25049247346551234,1.3049336064674946,0.3763330047329243,0.3686776807507502,-2.592152413923562,0.0,1.0,1.0,1.0,1.0,0.8357142857142857,0.9285714285714286,0.07142857142857142,security_risk,68,14.030153890999827,100.21538493571305,paper_hard_holdoutfit,results/final_2026-05-06/scheme_c_holdout/configs/paper_hard_holdoutfit.yaml
140.0,88.10049754246384,0.15714285714285714,0.15714285714285714,0.17857142857142858,0.17142857142857143,0.17857142857142858,0.3139566095679821,0.6860433904320179,0.629289268160456,1.200659036559042,1.1875098832247768,-46.18085715291534,0.0,1.0,1.0,1.0,1.0,0.9785714285714285,0.9642857142857143,0.03571428571428571,security_margin,68,14.070560607000516,100.50400433571797,paper_hard_holdoutfit,results/final_2026-05-06/scheme_c_holdout/configs/paper_hard_holdoutfit.yaml
140.0,200.95298159132045,0.10535714285714286,0.10535714285714286,0.42142857142857143,0.38571428571428573,0.42142857142857143,0.9400942623117461,0.0599057376882538,1.4353784399380032,0.08210176391617548,0.07600520093770197,-2.090406524196394,0.0,1.0,1.0,1.0,1.0,0.85,0.95,0.05,rollout_joint,68,207.74389897999936,1483.8849927142812,paper_hard_holdoutfit,results/final_2026-05-06/scheme_c_holdout/configs/paper_hard_holdoutfit.yaml
140.0,177.1302941821785,0.15714285714285714,0.15714285714285714,0.15714285714285714,0.1357142857142857,0.15714285714285714,0.7661868286654784,0.2338131713345216,1.2652163870155606,0.48496266139119665,0.4782866569661598,-2.67561384103679,0.0,1.0,1.0,1.0,1.0,0.7714285714285715,0.95,0.05,periodic,69,15.194774322999365,108.53410230713833,paper_hard_holdoutfit,results/final_2026-05-06/scheme_c_holdout/configs/paper_hard_holdoutfit.yaml
140.0,172.44075835358143,0.04471791984776006,0.04471791984776006,0.15,0.12142857142857143,0.15,0.7242753093073512,0.27572469069264877,1.2317197025255817,0.49820235031791804,0.48944269867855345,-2.6244964624268885,0.0,1.0,1.0,1.0,1.0,0.8214285714285714,0.9428571428571428,0.05714285714285714,security_risk,69,16.475203910000346,117.68002792857389,paper_hard_holdoutfit,results/final_2026-05-06/scheme_c_holdout/configs/paper_hard_holdoutfit.yaml
140.0,80.551800966511,0.15652706701425875,0.15652706701425875,0.17857142857142858,0.15714285714285714,0.17857142857142858,0.3187265832789536,0.6812734167210464,0.5753700069036499,1.3206990897732478,1.3002835837240088,-33.49971858138112,0.0,1.0,1.0,1.0,1.0,0.9571428571428572,0.95,0.05,security_margin,69,15.248802459999752,108.9200175714268,paper_hard_holdoutfit,results/final_2026-05-06/scheme_c_holdout/configs/paper_hard_holdoutfit.yaml
140.0,202.18745920920676,0.10357142857142858,0.10357142857142858,0.4142857142857143,0.38571428571428573,0.4142857142857143,0.9408810844382693,0.05911891556173062,1.4441961372086198,0.08578995867306102,0.07941293086921976,-2.0788005478890934,0.0,1.0,1.0,1.0,1.0,0.8285714285714286,0.95,0.05,rollout_joint,69,210.00450851300047,1500.032203664289,paper_hard_holdoutfit,results/final_2026-05-06/scheme_c_holdout/configs/paper_hard_holdoutfit.yaml
140.0,183.7438011627987,0.15714285714285714,0.15714285714285714,0.15714285714285714,0.15,0.15714285714285714,0.798779776574983,0.20122022342501705,1.3124557225914193,0.31481208183581716,0.3041289765256186,-2.552133702658679,0.0,1.0,1.0,1.0,1.0,0.7142857142857143,0.9428571428571428,0.05714285714285714,periodic,70,16.39999317999991,117.14280842857079,paper_hard_holdoutfit,results/final_2026-05-06/scheme_c_holdout/configs/paper_hard_holdoutfit.yaml
140.0,174.67786527081557,0.039885641621220484,0.039885641621220484,0.1357142857142857,0.12142857142857143,0.1357142857142857,0.7383429938883612,0.2616570061116387,1.2476990376486827,0.4262432974351247,0.4213200986256793,-2.6215632905742448,0.0,1.0,1.0,1.0,1.0,0.8714285714285714,0.9357142857142857,0.06428571428571428,security_risk,70,16.512919910000164,117.9494279285726,paper_hard_holdoutfit,results/final_2026-05-06/scheme_c_holdout/configs/paper_hard_holdoutfit.yaml
140.0,72.29933168251691,0.1571428571428571,0.1571428571428571,0.22142857142857142,0.22142857142857142,0.22142857142857142,0.324409971009422,0.675590028990578,0.5164237977322637,1.5447089933068001,1.5445781978483204,-24.405487490028747,0.0,1.0,0.8714285714285714,0.8714285714285714,0.8714285714285714,0.9928571428571429,1.0,0.0,security_margin,70,15.729234595999515,112.35167568571082,paper_hard_holdoutfit,results/final_2026-05-06/scheme_c_holdout/configs/paper_hard_holdoutfit.yaml
140.0,201.78534578570225,0.10178571428571428,0.10178571428571428,0.40714285714285714,0.38571428571428573,0.40714285714285714,0.9408029174266387,0.05919708257336134,1.4413238984693018,0.08263127127685514,0.07291523342259103,-2.0833108729908516,0.0,1.0,1.0,1.0,1.0,0.8357142857142857,0.95,0.05,rollout_joint,70,206.63949459200012,1475.996389942858,paper_hard_holdoutfit,results/final_2026-05-06/scheme_c_holdout/configs/paper_hard_holdoutfit.yaml
140.0,176.09926697161302,0.15714285714285714,0.15714285714285714,0.15714285714285714,0.14285714285714285,0.15714285714285714,0.7639408684811027,0.2360591315188974,1.257851906940093,0.568806866075214,0.5603352872929074,-2.542730265552118,0.0,1.0,1.0,1.0,1.0,0.7785714285714286,0.95,0.05,periodic,71,16.0973399049999,114.98099932142784,paper_hard_holdoutfit,results/final_2026-05-06/scheme_c_holdout/configs/paper_hard_holdoutfit.yaml
140.0,181.47884707407434,0.0389632392280845,0.0389632392280845,0.1357142857142857,0.11428571428571428,0.1357142857142857,0.7503459225364993,0.2496540774635006,1.296277479100531,0.34287722526266745,0.33663201159721157,-2.630180571817416,0.0,1.0,1.0,1.0,1.0,0.85,0.95,0.05,security_risk,71,15.948856971000168,113.92040693571549,paper_hard_holdoutfit,results/final_2026-05-06/scheme_c_holdout/configs/paper_hard_holdoutfit.yaml
140.0,76.09197226116684,0.15714285714285714,0.15714285714285714,0.16428571428571428,0.1357142857142857,0.16428571428571428,0.3021503653100777,0.6978496346899223,0.5435140875797632,1.3303679165812208,1.3021787541651064,-34.117432202349924,0.0,1.0,1.0,1.0,1.0,0.95,0.9714285714285714,0.02857142857142857,security_margin,71,15.836498167000173,113.11784405000124,paper_hard_holdoutfit,results/final_2026-05-06/scheme_c_holdout/configs/paper_hard_holdoutfit.yaml
140.0,200.0272435159637,0.10178571428571428,0.10178571428571428,0.40714285714285714,0.38571428571428573,0.40714285714285714,0.9396727144900564,0.060327285509943755,1.4287660251140264,0.09244565277086407,0.08490686790917959,-2.0862766871765084,0.0,1.0,1.0,1.0,1.0,0.8857142857142857,0.9571428571428572,0.04285714285714286,rollout_joint,71,203.87863434599967,1456.2759596142835,paper_hard_holdoutfit,results/final_2026-05-06/scheme_c_holdout/configs/paper_hard_holdoutfit.yaml
140.0,179.05224633569392,0.15714285714285714,0.15714285714285714,0.15714285714285714,0.15,0.15714285714285714,0.765662753533037,0.23433724646696297,1.278944616683528,0.5827461035927749,0.5710068003002501,-2.533175316213811,0.0,1.0,1.0,1.0,1.0,0.7428571428571429,0.95,0.05,periodic,72,16.688973328999964,119.20695234999974,paper_hard_holdoutfit,results/final_2026-05-06/scheme_c_holdout/configs/paper_hard_holdoutfit.yaml
140.0,177.75692295714558,0.039660342661703964,0.039660342661703964,0.1357142857142857,0.12142857142857143,0.1357142857142857,0.7373997122821905,0.26260028771780963,1.269692306836754,0.4210525880851461,0.41668338430970714,-2.6151097256147784,0.0,1.0,1.0,1.0,1.0,0.8857142857142857,0.95,0.05,security_risk,72,15.478142994000336,110.55816424285955,paper_hard_holdoutfit,results/final_2026-05-06/scheme_c_holdout/configs/paper_hard_holdoutfit.yaml
140.0,82.36449785676379,0.15714285714285714,0.15714285714285714,0.17142857142857143,0.16428571428571428,0.17142857142857143,0.3010294306900076,0.6989705693099926,0.588317841834027,1.2492146563486735,1.23411898459311,-44.71283623017612,0.0,1.0,1.0,1.0,1.0,0.9714285714285714,0.9642857142857143,0.03571428571428571,security_margin,72,16.874566145000244,120.53261532143031,paper_hard_holdoutfit,results/final_2026-05-06/scheme_c_holdout/configs/paper_hard_holdoutfit.yaml
140.0,199.98113068453068,0.10714285714285714,0.10714285714285714,0.42857142857142855,0.37142857142857144,0.42857142857142855,0.9371012696738427,0.06289873032615738,1.4284366477466477,0.09166707019558269,0.08517874936444936,-2.1006807246101573,0.0,1.0,1.0,1.0,1.0,0.85,0.95,0.05,rollout_joint,72,205.12756849800007,1465.1969178428576,paper_hard_holdoutfit,results/final_2026-05-06/scheme_c_holdout/configs/paper_hard_holdoutfit.yaml
140.0,176.5873521658599,0.15714285714285714,0.15714285714285714,0.15714285714285714,0.14285714285714285,0.15714285714285714,0.7835232799763016,0.21647672002369847,1.2613382297561422,0.4663060162734725,0.46025678552686733,-2.648727390095043,0.0,1.0,1.0,1.0,1.0,0.8357142857142857,0.9642857142857143,0.03571428571428571,periodic,73,17.33612849199926,123.82948922856615,paper_hard_holdoutfit,results/final_2026-05-06/scheme_c_holdout/configs/paper_hard_holdoutfit.yaml
140.0,179.18728598614,0.036761549571449836,0.036761549571449836,0.12857142857142856,0.12857142857142856,0.12857142857142856,0.7472659775649175,0.2527340224350825,1.2799091856152858,0.40335137250568054,0.4020391854304501,-2.5728469441145814,0.0,1.0,1.0,1.0,1.0,0.9285714285714286,0.95,0.05,security_risk,73,15.692735426000581,112.09096732857559,paper_hard_holdoutfit,results/final_2026-05-06/scheme_c_holdout/configs/paper_hard_holdoutfit.yaml
140.0,84.32790349102623,0.15649966454533676,0.15649966454533676,0.17142857142857143,0.15714285714285714,0.17142857142857143,0.3158658861760669,0.6841341138239331,0.6023421677930445,1.217243278814916,1.204353673178293,-44.62100780948669,0.0,1.0,1.0,1.0,1.0,0.9785714285714285,0.9857142857142858,0.014285714285714285,security_margin,73,17.219639520000783,122.99742514286274,paper_hard_holdoutfit,results/final_2026-05-06/scheme_c_holdout/configs/paper_hard_holdoutfit.yaml
140.0,200.97272636855996,0.10357142857142858,0.10357142857142858,0.4142857142857143,0.39285714285714285,0.4142857142857143,0.9403815817184308,0.05961841828156928,1.4355194740611426,0.0865180291647473,0.07819178820093038,-2.0853188793870947,0.0,1.0,1.0,1.0,1.0,0.8714285714285714,0.9571428571428572,0.04285714285714286,rollout_joint,73,204.07855133699923,1457.703938121423,paper_hard_holdoutfit,results/final_2026-05-06/scheme_c_holdout/configs/paper_hard_holdoutfit.yaml
140.0,183.07946653718608,0.15714285714285714,0.15714285714285714,0.15714285714285714,0.14285714285714285,0.15714285714285714,0.7819198676664192,0.21808013233358078,1.3077104752656148,0.4278348154192775,0.4181146734370233,-2.598067446395644,0.0,1.0,1.0,1.0,1.0,0.7214285714285714,0.9428571428571428,0.05714285714285714,periodic,74,16.534398661000523,118.10284757857517,paper_hard_holdoutfit,results/final_2026-05-06/scheme_c_holdout/configs/paper_hard_holdoutfit.yaml
140.0,181.488893907403,0.039158917112079306,0.039158917112079306,0.1357142857142857,0.12142857142857143,0.1357142857142857,0.7473052022607665,0.25269479773923353,1.2963492421957357,0.38876984529659897,0.3810954812170671,-2.592888893340064,0.0,1.0,1.0,1.0,1.0,0.8428571428571429,0.9428571428571428,0.05714285714285714,security_risk,74,14.73896650200004,105.27833215714314,paper_hard_holdoutfit,results/final_2026-05-06/scheme_c_holdout/configs/paper_hard_holdoutfit.yaml
140.0,82.17828898705865,0.15714285714285714,0.15714285714285714,0.17142857142857143,0.15,0.17142857142857143,0.30695056364828127,0.6930494363517187,0.5869877784789903,1.2631887182500618,1.238576806062889,-38.05379523537165,0.0,1.0,1.0,1.0,1.0,0.9642857142857143,0.95,0.05,security_margin,74,16.52759060599965,118.0542186142832,paper_hard_holdoutfit,results/final_2026-05-06/scheme_c_holdout/configs/paper_hard_holdoutfit.yaml
140.0,202.39367339746263,0.10535714285714286,0.10535714285714286,0.42142857142857143,0.37142857142857144,0.42142857142857143,0.9377212487310396,0.06227875126896052,1.4456690956961618,0.08835923390418886,0.08031392481287744,-2.0776158906632993,0.0,1.0,1.0,1.0,1.0,0.8428571428571429,0.9357142857142857,0.06428571428571428,rollout_joint,74,200.24107527100023,1430.2933947928586,paper_hard_holdoutfit,results/final_2026-05-06/scheme_c_holdout/configs/paper_hard_holdoutfit.yaml
140.0,180.8723041683062,0.15714285714285714,0.15714285714285714,0.15714285714285714,0.15714285714285714,0.15714285714285714,0.7918882927357962,0.20811170726420378,1.2919450297736157,0.46757376880631246,0.4583219777687397,-2.5310731691864694,0.0,1.0,1.0,1.0,1.0,0.8,0.95,0.05,periodic,75,17.22203779099982,123.01455564999871,paper_hard_holdoutfit,results/final_2026-05-06/scheme_c_holdout/configs/paper_hard_holdoutfit.yaml
140.0,170.84122518141996,0.03945934036816629,0.03945934036816629,0.1357142857142857,0.12142857142857143,0.1357142857142857,0.7393786634997678,0.2606213365002323,1.220294465581571,0.4697031413727086,0.4633734136216358,-2.6099065153685346,0.0,1.0,1.0,1.0,1.0,0.8714285714285714,0.95,0.05,security_risk,75,16.8554871669985,120.39633690713215,paper_hard_holdoutfit,results/final_2026-05-06/scheme_c_holdout/configs/paper_hard_holdoutfit.yaml
140.0,85.1876878658698,0.15714285714285714,0.15714285714285714,0.2,0.17857142857142858,0.2,0.33145742508655335,0.6685425749134468,0.608483484756213,1.2761456871010168,1.2661764252877235,-41.90477191680715,0.0,1.0,0.9714285714285714,0.9714285714285714,0.9714285714285714,0.9642857142857143,0.9714285714285714,0.02857142857142857,security_margin,75,16.167078233998836,115.47913024284883,paper_hard_holdoutfit,results/final_2026-05-06/scheme_c_holdout/configs/paper_hard_holdoutfit.yaml
140.0,202.31113852413918,0.10357142857142858,0.10357142857142858,0.4142857142857143,0.37857142857142856,0.4142857142857143,0.9389660608427213,0.06103393915727868,1.4450795608867084,0.08351981124332673,0.07564822401304724,-2.081229559488252,0.0,1.0,1.0,1.0,1.0,0.85,0.95,0.05,rollout_joint,75,208.86670890800087,1491.9050636285776,paper_hard_holdoutfit,results/final_2026-05-06/scheme_c_holdout/configs/paper_hard_holdoutfit.yaml
140.0,181.29582523960204,0.15714285714285714,0.15714285714285714,0.15714285714285714,0.15,0.15714285714285714,0.7816674508291089,0.2183325491708911,1.2949701802828717,0.4925758020220214,0.4746115314930552,-2.5591511480273135,0.0,1.0,1.0,1.0,1.0,0.7642857142857142,0.95,0.05,periodic,76,17.18565705400033,122.7546932428595,paper_hard_holdoutfit,results/final_2026-05-06/scheme_c_holdout/configs/paper_hard_holdoutfit.yaml
140.0,146.16833036593343,0.03761509362353128,0.03761509362353128,0.12857142857142856,0.12142857142857143,0.12857142857142856,0.7149338944969161,0.28506610550308387,1.0440595026138102,0.8277213520233291,0.8223068986359738,-2.4623118737270535,0.0,1.0,0.8285714285714286,0.8285714285714286,0.8285714285714286,0.85,0.9428571428571428,0.05714285714285714,security_risk,76,14.589667419000762,104.21191013571972,paper_hard_holdoutfit,results/final_2026-05-06/scheme_c_holdout/configs/paper_hard_holdoutfit.yaml
140.0,87.68791364687586,0.15714285714285714,0.15714285714285714,0.18571428571428572,0.17857142857142858,0.18571428571428572,0.31312941529806104,0.686870584701939,0.6263422403348275,1.2516961781729057,1.2373931450396718,-42.66323775216742,0.0,1.0,1.0,1.0,1.0,0.9714285714285714,0.9428571428571428,0.05714285714285714,security_margin,76,16.174585744998694,115.53275532141924,paper_hard_holdoutfit,results/final_2026-05-06/scheme_c_holdout/configs/paper_hard_holdoutfit.yaml
140.0,204.96562372695115,0.1,0.1,0.4,0.39285714285714285,0.4,0.9420399482810743,0.05796005171892555,1.4640401694782226,0.07876125770811847,0.07065322353186074,-2.0607535224335827,0.0,1.0,1.0,1.0,1.0,0.8214285714285714,0.9357142857142857,0.06428571428571428,rollout_joint,76,203.84903047999978,1456.0645034285699,paper_hard_holdoutfit,results/final_2026-05-06/scheme_c_holdout/configs/paper_hard_holdoutfit.yaml
140.0,177.57099314281186,0.15714285714285714,0.15714285714285714,0.15714285714285714,0.14285714285714285,0.15714285714285714,0.7761565270632547,0.22384347293674528,1.2683642367343704,0.48144016269199746,0.47223758534130006,-2.5688505986691794,0.0,1.0,1.0,1.0,1.0,0.7428571428571429,0.9571428571428572,0.04285714285714286,periodic,77,16.064587826000206,114.74705590000147,paper_hard_holdoutfit,results/final_2026-05-06/scheme_c_holdout/configs/paper_hard_holdoutfit.yaml
140.0,167.1789542535991,0.03822802472916964,0.03822802472916964,0.12857142857142856,0.12142857142857143,0.12857142857142856,0.7364595159717007,0.2635404840282994,1.194135387525708,0.4951235415768172,0.4920689722379452,-2.593929132529971,0.0,1.0,1.0,1.0,1.0,0.8428571428571429,0.95,0.05,security_risk,77,15.651426831000208,111.79590593571577,paper_hard_holdoutfit,results/final_2026-05-06/scheme_c_holdout/configs/paper_hard_holdoutfit.yaml
140.0,87.73004133122409,0.15710346314789952,0.15710346314789952,0.17857142857142858,0.17142857142857143,0.17857142857142858,0.3211149205768305,0.6788850794231694,0.6266431523658863,1.1969443653404177,1.1826390335682608,-46.73978372216153,0.0,1.0,1.0,1.0,1.0,0.9857142857142858,0.9857142857142858,0.014285714285714285,security_margin,77,15.573016202000872,111.23583001429195,paper_hard_holdoutfit,results/final_2026-05-06/scheme_c_holdout/configs/paper_hard_holdoutfit.yaml
140.0,203.00740746175126,0.10357142857142858,0.10357142857142858,0.4142857142857143,0.38571428571428573,0.4142857142857143,0.9407195941662833,0.05928040583371674,1.4500529104410804,0.08531623950765398,0.07891456144124653,-2.0713398577992383,0.0,1.0,1.0,1.0,1.0,0.8428571428571429,0.95,0.05,rollout_joint,77,198.0272124869989,1414.4800891928494,paper_hard_holdoutfit,results/final_2026-05-06/scheme_c_holdout/configs/paper_hard_holdoutfit.yaml
140.0,175.4084076852754,0.15714285714285714,0.15714285714285714,0.15714285714285714,0.14285714285714285,0.15714285714285714,0.7388633335180668,0.26113666648193323,1.252917197751967,0.6742774817441489,0.6623935674319559,-2.7367299580557267,0.0,1.0,1.0,1.0,1.0,0.8214285714285714,0.9357142857142857,0.06428571428571428,periodic,78,14.950635922999936,106.7902565928567,paper_hard_holdoutfit,results/final_2026-05-06/scheme_c_holdout/configs/paper_hard_holdoutfit.yaml
140.0,184.44842610817182,0.03894923437042152,0.03894923437042152,0.1357142857142857,0.12857142857142856,0.1357142857142857,0.7452454009309155,0.2547545990690844,1.317488757915513,0.3870428922716331,0.37804363127278884,-2.5797847328565444,0.0,1.0,1.0,1.0,1.0,0.8571428571428571,0.9285714285714286,0.07142857142857142,security_risk,78,14.775773153000046,105.54123680714318,paper_hard_holdoutfit,results/final_2026-05-06/scheme_c_holdout/configs/paper_hard_holdoutfit.yaml
140.0,88.91109355877308,0.1565753524878862,0.1565753524878862,0.17857142857142858,0.17142857142857143,0.17857142857142858,0.31572553099174894,0.6842744690082512,0.6350792397055219,1.1960394693146545,1.179559265311939,-46.060797992554015,0.0,1.0,1.0,1.0,1.0,0.9857142857142858,0.9642857142857143,0.03571428571428571,security_margin,78,16.08702528700087,114.90732347857764,paper_hard_holdoutfit,results/final_2026-05-06/scheme_c_holdout/configs/paper_hard_holdoutfit.yaml
140.0,205.72843712987884,0.10178571428571428,0.10178571428571428,0.40714285714285714,0.39285714285714285,0.40714285714285714,0.942117311749463,0.057882688250536975,1.4694888366419918,0.08061742340172871,0.07121261896143921,-2.053912778289075,0.0,1.0,1.0,1.0,1.0,0.8285714285714286,0.9357142857142857,0.06428571428571428,rollout_joint,78,202.26670804200148,1444.7622003000106,paper_hard_holdoutfit,results/final_2026-05-06/scheme_c_holdout/configs/paper_hard_holdoutfit.yaml
140.0,180.78635412537372,0.15714285714285714,0.15714285714285714,0.15714285714285714,0.15,0.15714285714285714,0.7802555742092807,0.21974442579071937,1.2913311008955266,0.4683046301858562,0.46063193976468597,-2.6340814611665726,0.0,1.0,1.0,1.0,1.0,0.75,0.95,0.05,periodic,79,17.23944471700088,123.13889083572056,paper_hard_holdoutfit,results/final_2026-05-06/scheme_c_holdout/configs/paper_hard_holdoutfit.yaml
140.0,180.49562460903562,0.03626962838989922,0.03626962838989922,0.12857142857142856,0.12142857142857143,0.12857142857142856,0.7539975770195012,0.24600242298049885,1.2892544614931116,0.37194180314042374,0.3662232460558053,-2.5927835182530763,0.0,1.0,1.0,1.0,1.0,0.8,0.9428571428571428,0.05714285714285714,security_risk,79,16.40535812499911,117.18112946427937,paper_hard_holdoutfit,results/final_2026-05-06/scheme_c_holdout/configs/paper_hard_holdoutfit.yaml
140.0,80.4029390005486,0.15587169020199412,0.15587169020199412,0.17142857142857143,0.15714285714285714,0.17142857142857143,0.31381963114971995,0.68618036885028,0.5743067071467757,1.2963793041535456,1.2672539899473634,-35.36751647176859,0.0,1.0,1.0,1.0,1.0,0.9428571428571428,0.9785714285714285,0.02142857142857143,security_margin,79,14.6899137599994,104.92795542856713,paper_hard_holdoutfit,results/final_2026-05-06/scheme_c_holdout/configs/paper_hard_holdoutfit.yaml
140.0,200.06171659473603,0.10178571428571428,0.10178571428571428,0.40714285714285714,0.39285714285714285,0.40714285714285714,0.9403729019176138,0.059627098082386136,1.4290122613909717,0.08584886504760227,0.07633709163173134,-2.088928454250964,0.0,1.0,1.0,1.0,1.0,0.8142857142857143,0.95,0.05,rollout_joint,79,211.43556358599926,1510.2540256142804,paper_hard_holdoutfit,results/final_2026-05-06/scheme_c_holdout/configs/paper_hard_holdoutfit.yaml
140.0,177.09765911547044,0.15714285714285714,0.15714285714285714,0.15714285714285714,0.15,0.15714285714285714,0.7663116444398493,0.2336883555601507,1.2649832793962175,0.5997874049577738,0.5923661774612378,-2.5219649477053823,0.0,1.0,1.0,1.0,1.0,0.7857142857142857,0.95,0.05,periodic,80,14.84609930500119,106.04356646429422,paper_hard_holdoutfit,results/final_2026-05-06/scheme_c_holdout/configs/paper_hard_holdoutfit.yaml
140.0,176.7594461932458,0.041579194582250165,0.041579194582250165,0.14285714285714285,0.12857142857142856,0.14285714285714285,0.7427343396235851,0.2572656603764149,1.2625674728088985,0.406407521403107,0.4022822711843514,-2.6150837989865217,0.0,1.0,1.0,1.0,1.0,0.8642857142857143,0.95,0.05,security_risk,80,16.200780828999996,115.71986306428569,paper_hard_holdoutfit,results/final_2026-05-06/scheme_c_holdout/configs/paper_hard_holdoutfit.yaml
140.0,83.6216402430106,0.15714285714285717,0.15714285714285717,0.17857142857142858,0.17142857142857143,0.17857142857142858,0.30814363993204263,0.6918563600679574,0.5972974303072186,1.2762821012662997,1.2592889001202108,-42.71850561115626,0.0,1.0,1.0,1.0,1.0,0.9714285714285714,0.95,0.05,security_margin,80,16.167464681000638,115.48189057857599,paper_hard_holdoutfit,results/final_2026-05-06/scheme_c_holdout/configs/paper_hard_holdoutfit.yaml
140.0,201.25153289577435,0.10535714285714286,0.10535714285714286,0.42142857142857143,0.36428571428571427,0.42142857142857143,0.9386662089935133,0.0613337910064865,1.4375109492555311,0.08399544001184518,0.0753175293887065,-2.0933537327221017,0.0,1.0,1.0,1.0,1.0,0.8285714285714286,0.95,0.05,rollout_joint,80,207.573432743,1482.6673767357145,paper_hard_holdoutfit,results/final_2026-05-06/scheme_c_holdout/configs/paper_hard_holdoutfit.yaml
140.0,177.20917257945572,0.15714285714285714,0.15714285714285714,0.15714285714285714,0.1357142857142857,0.15714285714285714,0.7490612982089785,0.25093870179102146,1.2657798041389694,0.5839114107587219,0.5713666260213538,-2.637062515611713,0.0,1.0,1.0,1.0,1.0,0.6785714285714286,0.95,0.05,periodic,81,16.019685815999765,114.42632725714118,paper_hard_holdoutfit,results/final_2026-05-06/scheme_c_holdout/configs/paper_hard_holdoutfit.yaml
140.0,182.29913030052887,0.04122954554216333,0.04122954554216333,0.14285714285714285,0.11428571428571428,0.14285714285714285,0.7471513336529049,0.25284866634709524,1.3021366450037777,0.3663142425779023,0.3594390797485208,-2.6184735132142203,0.0,1.0,1.0,1.0,1.0,0.8142857142857143,0.9357142857142857,0.06428571428571428,security_risk,81,15.711332327999116,112.22380234285083,paper_hard_holdoutfit,results/final_2026-05-06/scheme_c_holdout/configs/paper_hard_holdoutfit.yaml
140.0,80.13888246186875,0.15714285714285714,0.15714285714285714,0.17142857142857143,0.14285714285714285,0.17142857142857143,0.31239510705687135,0.6876048929431285,0.5724205890133481,1.313207076208924,1.285935880232548,-32.66063828748642,0.0,1.0,1.0,1.0,1.0,0.9214285714285714,0.9428571428571428,0.05714285714285714,security_margin,81,16.639868232998197,118.85620166427283,paper_hard_holdoutfit,results/final_2026-05-06/scheme_c_holdout/configs/paper_hard_holdoutfit.yaml
140.0,202.81898872406654,0.10535714285714286,0.10535714285714286,0.42142857142857143,0.37857142857142856,0.42142857142857143,0.9392662154689625,0.06073378453103747,1.448707062314761,0.08718286241534827,0.07974054957800895,-2.075662152972484,0.0,1.0,1.0,1.0,1.0,0.8214285714285714,0.95,0.05,rollout_joint,81,206.29101825100042,1473.5072732214317,paper_hard_holdoutfit,results/final_2026-05-06/scheme_c_holdout/configs/paper_hard_holdoutfit.yaml
160.0,168.42614821030296,0.11875,0.11875,0.11875,0.11875,0.11875,0.7088185637339626,0.29118143626603743,1.0526634263143935,0.614965723030656,0.6060070694050225,-3.8493648305337502,0.0,1.0,1.0,1.0,1.0,0.8375,1.0,0.0,periodic,62,17.628786036999372,110.17991273124608,scenario_stress_holdoutfit,results/final_2026-05-06/scheme_c_holdout/configs/scenario_stress_holdoutfit.yaml
160.0,151.86225146898317,0.03858879603497863,0.03858879603497863,0.13125,0.125,0.13125,0.7265086250027448,0.2734913749972553,0.9491390716811449,0.5971992309951094,0.5957528997194306,-2.8261485919841385,0.0,1.0,1.0,1.0,1.0,0.94375,1.0,0.0,security_risk,62,17.68677019400093,110.5423137125058,scenario_stress_holdoutfit,results/final_2026-05-06/scheme_c_holdout/configs/scenario_stress_holdoutfit.yaml
160.0,44.00355539138865,0.11737712665978406,0.11737712665978406,0.11875,0.10625,0.11875,0.24176287776554434,0.7582371222344556,0.2750222211961791,1.7600868342124563,1.7461663238582887,-59.24911032003879,0.0,1.0,1.0,1.0,1.0,0.9875,1.0,0.0,security_margin,62,17.9042685860004,111.90167866250249,scenario_stress_holdoutfit,results/final_2026-05-06/scheme_c_holdout/configs/scenario_stress_holdoutfit.yaml
160.0,198.8264948296117,0.1109375,0.1109375,0.44375,0.425,0.44375,0.9358668426523333,0.06413315734766672,1.2426655926850732,0.10811056608951883,0.10315781389572576,-2.3631441268713145,0.0,1.0,1.0,1.0,1.0,0.925,1.0,0.0,rollout_joint,62,237.88842916499925,1486.8026822812453,scenario_stress_holdoutfit,results/final_2026-05-06/scheme_c_holdout/configs/scenario_stress_holdoutfit.yaml
160.0,156.71798606191885,0.11875,0.11875,0.11875,0.1125,0.11875,0.6676887651568504,0.3323112348431496,0.9794874128869928,0.9115204426086387,0.9043390608315157,-3.869954376075762,0.0,1.0,1.0,1.0,1.0,0.825,1.0,0.0,periodic,63,17.19172415399953,107.44827596249706,scenario_stress_holdoutfit,results/final_2026-05-06/scheme_c_holdout/configs/scenario_stress_holdoutfit.yaml
160.0,148.97645616594917,0.04298841546855007,0.04298841546855007,0.14375,0.13125,0.14375,0.7064247104915726,0.2935752895084275,0.9311028510371824,0.7718541581408994,0.7661095173854237,-2.728563874395082,0.0,1.0,0.8875,0.8875,0.8875,0.8625,1.0,0.0,security_risk,63,17.980283024000528,112.3767689000033,scenario_stress_holdoutfit,results/final_2026-05-06/scheme_c_holdout/configs/scenario_stress_holdoutfit.yaml
160.0,53.31798698686333,0.11875,0.11875,0.11875,0.1,0.11875,0.252559932044446,0.747440067955554,0.3332374186678958,1.7006476123272711,1.6779997076973305,-46.53868029293676,0.0,1.0,1.0,1.0,1.0,0.9375,1.0,0.0,security_margin,63,18.427005162999194,115.16878226874496,scenario_stress_holdoutfit,results/final_2026-05-06/scheme_c_holdout/configs/scenario_stress_holdoutfit.yaml
160.0,202.73211264097085,0.1109375,0.1109375,0.44375,0.3875,0.44375,0.9352452860966036,0.06475471390339631,1.2670757040060678,0.10366976720583598,0.09690797169909729,-2.3510517940309037,0.0,1.0,1.0,1.0,1.0,0.88125,1.0,0.0,rollout_joint,63,241.23848402600015,1507.740525162501,scenario_stress_holdoutfit,results/final_2026-05-06/scheme_c_holdout/configs/scenario_stress_holdoutfit.yaml
160.0,160.88639440493822,0.11875,0.11875,0.11875,0.1125,0.11875,0.690336122172055,0.30966387782794513,1.0055399650308638,0.6990250312278768,0.6927018860747618,-3.9796228260653246,0.0,1.0,1.0,1.0,1.0,0.84375,1.0,0.0,periodic,64,18.371557794000182,114.82223621250114,scenario_stress_holdoutfit,results/final_2026-05-06/scheme_c_holdout/configs/scenario_stress_holdoutfit.yaml
160.0,143.41388790993904,0.042561002229080436,0.042561002229080436,0.14375,0.1375,0.14375,0.7171653038133936,0.2828346961866064,0.896336799437119,0.7428997988066548,0.7408161029324853,-2.7670719078181483,0.0,1.0,0.95625,0.95625,0.95625,0.9375,1.0,0.0,security_risk,64,16.467026381000323,102.91891488125202,scenario_stress_holdoutfit,results/final_2026-05-06/scheme_c_holdout/configs/scenario_stress_holdoutfit.yaml
160.0,53.876749241773354,0.11875,0.11875,0.125,0.11875,0.125,0.24212599310606958,0.7578740068939304,0.33672968276108345,1.691363115850954,1.6890147405648246,-55.4888317090246,0.0,1.0,0.9875,0.9875,0.9875,0.975,1.0,0.0,security_margin,64,16.543782470000224,103.3986404375014,scenario_stress_holdoutfit,results/final_2026-05-06/scheme_c_holdout/configs/scenario_stress_holdoutfit.yaml
160.0,200.56894199823802,0.1125,0.1125,0.45,0.4125,0.45,0.9340398931421199,0.06596010685788016,1.2535558874889876,0.11167780636281617,0.10662942268723925,-2.3537525071172647,0.0,1.0,1.0,1.0,1.0,0.9125,1.0,0.0,rollout_joint,64,235.9409032909989,1474.6306455687431,scenario_stress_holdoutfit,results/final_2026-05-06/scheme_c_holdout/configs/scenario_stress_holdoutfit.yaml
160.0,150.64921614606146,0.11875,0.11875,0.11875,0.1,0.11875,0.6475227688284864,0.35247723117151375,0.9415576009128841,0.953419918713994,0.9458972520009796,-3.927207877289612,0.0,1.0,1.0,1.0,1.0,0.83125,1.0,0.0,periodic,65,17.744709229000364,110.90443268125227,scenario_stress_holdoutfit,results/final_2026-05-06/scheme_c_holdout/configs/scenario_stress_holdoutfit.yaml
160.0,165.62681985288125,0.03983724030701964,0.03983724030701964,0.1375,0.13125,0.1375,0.7452435864105377,0.2547564135894623,1.0351676240805079,0.46556895666512405,0.4649311638194488,-2.8484541823284735,0.0,1.0,1.0,1.0,1.0,0.94375,1.0,0.0,security_risk,65,16.889899884001352,105.56187427500845,scenario_stress_holdoutfit,results/final_2026-05-06/scheme_c_holdout/configs/scenario_stress_holdoutfit.yaml
160.0,54.2905271373877,0.11875,0.11875,0.11875,0.1,0.11875,0.25292332625009767,0.7470766737499024,0.3393157946086731,1.6935695537594,1.6728777394918832,-49.7466250485762,0.0,1.0,1.0,1.0,1.0,0.93125,1.0,0.0,security_margin,65,17.403939626001375,108.77462266250859,scenario_stress_holdoutfit,results/final_2026-05-06/scheme_c_holdout/configs/scenario_stress_holdoutfit.yaml
160.0,203.3064639373842,0.1140625,0.1140625,0.45625,0.39375,0.45625,0.9347962691037797,0.06520373089622042,1.2706653996086512,0.10567307052005033,0.09915956990255147,-2.3455424592410976,0.0,1.0,1.0,1.0,1.0,0.875,1.0,0.0,rollout_joint,65,215.52213893599946,1347.0133683499967,scenario_stress_holdoutfit,results/final_2026-05-06/scheme_c_holdout/configs/scenario_stress_holdoutfit.yaml
160.0,160.91291089698484,0.11875,0.11875,0.11875,0.1125,0.11875,0.6875984525974239,0.31240154740257614,1.0057056931061552,0.7210590365560523,0.7109587601891005,-3.8029134950866577,0.0,1.0,1.0,1.0,1.0,0.81875,1.0,0.0,periodic,66,15.745681067000987,98.41050666875617,scenario_stress_holdoutfit,results/final_2026-05-06/scheme_c_holdout/configs/scenario_stress_holdoutfit.yaml
160.0,157.0618421493488,0.04304030732848406,0.04304030732848406,0.14375,0.125,0.14375,0.7279510393096433,0.2720489606903566,0.98163651343343,0.5484620329119692,0.5473419482300146,-2.8962556365707948,0.0,1.0,1.0,1.0,1.0,0.94375,1.0,0.0,security_risk,66,15.816138407000835,98.85086504375522,scenario_stress_holdoutfit,results/final_2026-05-06/scheme_c_holdout/configs/scenario_stress_holdoutfit.yaml
160.0,52.7063965716121,0.11875,0.11875,0.11875,0.10625,0.11875,0.25058247711335124,0.7494175228866488,0.3294149785725756,1.6981277692454833,1.6837769211500562,-50.16875120694087,0.0,1.0,1.0,1.0,1.0,0.95,1.0,0.0,security_margin,66,15.804947717999312,98.7809232374957,scenario_stress_holdoutfit,results/final_2026-05-06/scheme_c_holdout/configs/scenario_stress_holdoutfit.yaml
160.0,199.6378988570056,0.1109375,0.1109375,0.44375,0.41875,0.44375,0.9378527963623478,0.06214720363765226,1.247736867856285,0.0995891511532764,0.09438963476253118,-2.362154848982182,0.0,1.0,1.0,1.0,1.0,0.9,1.0,0.0,rollout_joint,66,229.87679582800047,1436.729973925003,scenario_stress_holdoutfit,results/final_2026-05-06/scheme_c_holdout/configs/scenario_stress_holdoutfit.yaml
160.0,155.6927939516671,0.11875,0.11875,0.11875,0.1125,0.11875,0.6702179797594937,0.3297820202405063,0.9730799621979195,0.8629795032499199,0.8493386063606149,-3.8067177325104935,0.0,1.0,1.0,1.0,1.0,0.825,1.0,0.0,periodic,67,16.57442287699996,103.59014298124976,scenario_stress_holdoutfit,results/final_2026-05-06/scheme_c_holdout/configs/scenario_stress_holdoutfit.yaml
160.0,158.6612434468653,0.04040944444619945,0.04040944444619945,0.1375,0.13125,0.1375,0.7395156769177336,0.2604843230822664,0.9916327715429082,0.5061149214936858,0.5039014040458083,-2.8817839767879487,0.0,1.0,1.0,1.0,1.0,0.90625,1.0,0.0,security_risk,67,16.72774597699936,104.54841235624599,scenario_stress_holdoutfit,results/final_2026-05-06/scheme_c_holdout/configs/scenario_stress_holdoutfit.yaml
160.0,50.808503911460114,0.11875,0.11875,0.11875,0.1,0.11875,0.2507328891478232,0.7492671108521767,0.3175531494466257,1.708898562714675,1.6788585316126323,-44.38600082162135,0.0,1.0,1.0,1.0,1.0,0.9375,1.0,0.0,security_margin,67,17.479110398000557,109.24443998750348,scenario_stress_holdoutfit,results/final_2026-05-06/scheme_c_holdout/configs/scenario_stress_holdoutfit.yaml
160.0,195.91652701630034,0.1140625,0.1140625,0.45625,0.40625,0.45625,0.9321991148643598,0.06780088513564032,1.224478293851877,0.1156974999872095,0.10725322612703843,-2.385670399633324,0.0,1.0,1.0,1.0,1.0,0.88125,1.0,0.0,rollout_joint,67,234.29273174799891,1464.3295734249932,scenario_stress_holdoutfit,results/final_2026-05-06/scheme_c_holdout/configs/scenario_stress_holdoutfit.yaml
160.0,154.99148849600195,0.11875,0.11875,0.11875,0.10625,0.11875,0.6655257491732195,0.33447425082678045,0.9686968031000122,0.8312002728557901,0.82576357488407,-4.0059979687773675,0.0,1.0,1.0,1.0,1.0,0.85625,1.0,0.0,periodic,68,17.907085377999465,111.91928361249666,scenario_stress_holdoutfit,results/final_2026-05-06/scheme_c_holdout/configs/scenario_stress_holdoutfit.yaml
160.0,161.97732818458016,0.042142201869313375,0.042142201869313375,0.14375,0.13125,0.14375,0.7359127838754744,0.2640872161245255,1.012358301153626,0.5315818773789953,0.5260800684535137,-2.843401304656511,0.0,1.0,1.0,1.0,1.0,0.86875,1.0,0.0,security_risk,68,17.58113415600019,109.88208847500118,scenario_stress_holdoutfit,results/final_2026-05-06/scheme_c_holdout/configs/scenario_stress_holdoutfit.yaml
160.0,47.57637265851719,0.11875,0.11875,0.125,0.11875,0.125,0.24935300103463032,0.7506469989653697,0.2973523291157324,1.7571798044501303,1.742751254169106,-62.08918202801162,0.0,1.0,1.0,1.0,1.0,0.98125,1.0,0.0,security_margin,68,17.837642337000943,111.4852646062559,scenario_stress_holdoutfit,results/final_2026-05-06/scheme_c_holdout/configs/scenario_stress_holdoutfit.yaml
160.0,200.6460731723366,0.115625,0.115625,0.4625,0.3875,0.4625,0.9261781257847517,0.07382187421524829,1.2540379573271037,0.12437076855388503,0.11906563093684226,-2.3669320133799103,0.0,1.0,1.0,1.0,1.0,0.88125,1.0,0.0,rollout_joint,68,232.61046310799975,1453.8153944249984,scenario_stress_holdoutfit,results/final_2026-05-06/scheme_c_holdout/configs/scenario_stress_holdoutfit.yaml
160.0,162.90408140287664,0.11875,0.11875,0.11875,0.10625,0.11875,0.6857058386020929,0.31429416139790717,1.018150508767979,0.6908457229295387,0.6853056596031881,-4.080349134113426,0.0,1.0,1.0,1.0,1.0,0.85625,1.0,0.0,periodic,69,18.249151410000195,114.05719631250122,scenario_stress_holdoutfit,results/final_2026-05-06/scheme_c_holdout/configs/scenario_stress_holdoutfit.yaml
160.0,146.93317112574417,0.04284275242966874,0.04284275242966874,0.14375,0.125,0.14375,0.7098094152912073,0.2901905847087927,0.918332319535901,0.7519797652767577,0.7485773119591986,-2.7719290620858774,0.0,1.0,0.95,0.95,0.95,0.8875,1.0,0.0,security_risk,69,18.211723119000453,113.82326949375283,scenario_stress_holdoutfit,results/final_2026-05-06/scheme_c_holdout/configs/scenario_stress_holdoutfit.yaml
160.0,50.34117525087946,0.11875,0.11875,0.125,0.1125,0.125,0.24562738331398531,0.7543726166860147,0.3146323453179966,1.739747260779883,1.7246095239607135,-56.22731222757975,0.0,1.0,1.0,1.0,1.0,0.96875,1.0,0.0,security_margin,69,17.84979451399886,111.56121571249287,scenario_stress_holdoutfit,results/final_2026-05-06/scheme_c_holdout/configs/scenario_stress_holdoutfit.yaml
160.0,201.38636406027788,0.1109375,0.1109375,0.44375,0.41875,0.44375,0.935730994876615,0.06426900512338493,1.2586647753767368,0.11119682685877322,0.10382999215430248,-2.3473508092690656,0.0,1.0,1.0,1.0,1.0,0.8875,1.0,0.0,rollout_joint,69,230.57448564699916,1441.0905352937448,scenario_stress_holdoutfit,results/final_2026-05-06/scheme_c_holdout/configs/scenario_stress_holdoutfit.yaml
160.0,140.729055901079,0.11875,0.11875,0.11875,0.09375,0.11875,0.6297554952691591,0.37024450473084086,0.8795565993817437,1.0051207048449722,0.9959535871425317,-3.792650966508122,0.0,1.0,1.0,1.0,1.0,0.8,1.0,0.0,periodic,70,16.257415963000312,101.60884976875195,scenario_stress_holdoutfit,results/final_2026-05-06/scheme_c_holdout/configs/scenario_stress_holdoutfit.yaml
160.0,160.15673914373883,0.04020171671831222,0.04020171671831222,0.1375,0.11875,0.1375,0.7256385246555886,0.27436147534441135,1.0009796196483678,0.5828641142878958,0.5804773169292261,-2.806977799995764,0.0,1.0,1.0,1.0,1.0,0.9125,1.0,0.0,security_risk,70,17.86475714900007,111.65473218125044,scenario_stress_holdoutfit,results/final_2026-05-06/scheme_c_holdout/configs/scenario_stress_holdoutfit.yaml
160.0,57.79348452806734,0.11875,0.11875,0.125,0.125,0.125,0.25343594532586744,0.7465640546741326,0.3612092783004209,1.6599075819706848,1.6597877884862495,-44.06412430585111,0.0,1.0,0.9625,0.9625,0.9625,0.99375,1.0,0.0,security_margin,70,18.312992523999128,114.45620327499455,scenario_stress_holdoutfit,results/final_2026-05-06/scheme_c_holdout/configs/scenario_stress_holdoutfit.yaml
160.0,200.06221613080632,0.1125,0.1125,0.45,0.4,0.45,0.9337364239835179,0.06626357601648222,1.2503888508175396,0.11157272089438605,0.10617109000729999,-2.362111627238579,0.0,1.0,1.0,1.0,1.0,0.90625,1.0,0.0,rollout_joint,70,229.8474394980003,1436.546496862502,scenario_stress_holdoutfit,results/final_2026-05-06/scheme_c_holdout/configs/scenario_stress_holdoutfit.yaml
160.0,155.99352544727753,0.11875,0.11875,0.11875,0.1,0.11875,0.6628834937279656,0.3371165062720344,0.9749595340454846,0.7459698425358801,0.7390280235073888,-4.074304937159996,0.0,1.0,1.0,1.0,1.0,0.80625,1.0,0.0,periodic,71,18.251943407,114.07464629374999,scenario_stress_holdoutfit,results/final_2026-05-06/scheme_c_holdout/configs/scenario_stress_holdoutfit.yaml
160.0,137.54726125004387,0.04040265031893439,0.04040265031893439,0.1375,0.13125,0.1375,0.7120140505970171,0.28798594940298294,0.8596703828127742,0.8453155030240724,0.8428807217998966,-2.708044892675564,0.0,1.0,0.9125,0.9125,0.9125,0.8875,1.0,0.0,security_risk,71,17.66102613700059,110.38141335625369,scenario_stress_holdoutfit,results/final_2026-05-06/scheme_c_holdout/configs/scenario_stress_holdoutfit.yaml
160.0,48.74503968175263,0.118512165621849,0.118512165621849,0.11875,0.1,0.11875,0.2529333872360941,0.747066612763906,0.30465649801095396,1.7256701440760858,1.701690175023412,-49.15881206854469,0.0,1.0,1.0,1.0,1.0,0.95625,1.0,0.0,security_margin,71,17.96717828099827,112.29486425623918,scenario_stress_holdoutfit,results/final_2026-05-06/scheme_c_holdout/configs/scenario_stress_holdoutfit.yaml
160.0,199.470045821338,0.109375,0.109375,0.4375,0.40625,0.4375,0.9360431844154989,0.063956815584501,1.2466877863833625,0.10335214209450443,0.09665381096155963,-2.3658536048520604,0.0,1.0,1.0,1.0,1.0,0.88125,1.0,0.0,rollout_joint,71,234.19559054599995,1463.7224409124997,scenario_stress_holdoutfit,results/final_2026-05-06/scheme_c_holdout/configs/scenario_stress_holdoutfit.yaml
160.0,160.1080938604685,0.11875,0.11875,0.11875,0.10625,0.11875,0.6895415360067393,0.3104584639932608,1.0006755866279282,0.6727166263078852,0.6664238840302892,-3.8225056114631664,0.0,1.0,1.0,1.0,1.0,0.85625,1.0,0.0,periodic,72,16.896602411999993,105.60376507499996,scenario_stress_holdoutfit,results/final_2026-05-06/scheme_c_holdout/configs/scenario_stress_holdoutfit.yaml
160.0,159.26931247798257,0.04254633990437705,0.04254633990437705,0.14375,0.1375,0.14375,0.7386599531058726,0.2613400468941274,0.995433202987391,0.5106270074501686,0.5067056848238336,-2.885965601288391,0.0,1.0,1.0,1.0,1.0,0.9,1.0,0.0,security_risk,72,16.32349269400038,102.02182933750237,scenario_stress_holdoutfit,results/final_2026-05-06/scheme_c_holdout/configs/scenario_stress_holdoutfit.yaml
160.0,52.01257187280188,0.11875,0.11875,0.125,0.11875,0.125,0.25406901666101445,0.7459309833389856,0.32507857420501174,1.71386220879728,1.705697374575872,-59.60904223080699,0.0,1.0,1.0,1.0,1.0,0.96875,1.0,0.0,security_margin,72,17.886043962000258,111.78777476250161,scenario_stress_holdoutfit,results/final_2026-05-06/scheme_c_holdout/configs/scenario_stress_holdoutfit.yaml
160.0,200.9598270978347,0.1125,0.1125,0.45,0.4125,0.45,0.9343196000951771,0.06568039990482287,1.255998919361467,0.11062353320455273,0.10266844203238919,-2.3531412661709337,0.0,1.0,1.0,1.0,1.0,0.8875,1.0,0.0,rollout_joint,72,231.36885328400058,1446.0553330250036,scenario_stress_holdoutfit,results/final_2026-05-06/scheme_c_holdout/configs/scenario_stress_holdoutfit.yaml
160.0,147.97227173544437,0.11875,0.11875,0.11875,0.10625,0.11875,0.6660738603693082,0.33392613963069184,0.9248266983465273,0.9414965767286014,0.9327928823509909,-3.934249312599536,0.0,1.0,1.0,1.0,1.0,0.7875,1.0,0.0,periodic,73,17.085113199998887,106.78195749999304,scenario_stress_holdoutfit,results/final_2026-05-06/scheme_c_holdout/configs/scenario_stress_holdoutfit.yaml
160.0,146.85696150231792,0.04575985287404968,0.04575985287404968,0.15,0.125,0.15,0.7094186297466687,0.29058137025333125,0.917856009389487,0.7268137080248682,0.7255155016674603,-2.7905868560219576,0.0,1.0,0.93125,0.93125,0.93125,0.91875,1.0,0.0,security_risk,73,17.078065171999697,106.7379073249981,scenario_stress_holdoutfit,results/final_2026-05-06/scheme_c_holdout/configs/scenario_stress_holdoutfit.yaml
160.0,51.352953288266775,0.11875,0.11875,0.125,0.1125,0.125,0.2542057771950045,0.7457942228049954,0.3209559580516673,1.716194544031842,1.706839389793218,-55.574183109716685,0.0,1.0,0.99375,0.99375,0.99375,0.9625,1.0,0.0,security_margin,73,18.497590220000347,115.60993887500217,scenario_stress_holdoutfit,results/final_2026-05-06/scheme_c_holdout/configs/scenario_stress_holdoutfit.yaml
160.0,197.79107584498558,0.109375,0.109375,0.4375,0.4125,0.4375,0.9342823879828689,0.06571761201713115,1.2361942240311599,0.11134740071687421,0.10307781412185732,-2.3735869379152224,0.0,1.0,1.0,1.0,1.0,0.88125,1.0,0.0,rollout_joint,73,232.35353898799985,1452.209618674999,scenario_stress_holdoutfit,results/final_2026-05-06/scheme_c_holdout/configs/scenario_stress_holdoutfit.yaml
160.0,158.06279329675135,0.11875,0.11875,0.11875,0.1125,0.11875,0.67189231315362,0.32810768684638003,0.987892458104696,0.8693854475287678,0.8588883946025078,-3.6692524257753547,0.0,1.0,1.0,1.0,1.0,0.8125,1.0,0.0,periodic,74,18.244484022001416,114.02802513750885,scenario_stress_holdoutfit,results/final_2026-05-06/scheme_c_holdout/configs/scenario_stress_holdoutfit.yaml
160.0,144.61837211224588,0.04084872501660129,0.04084872501660129,0.1375,0.13125,0.1375,0.7125759803638065,0.2874240196361935,0.9038648257015367,0.7704928794144866,0.7681254499476424,-2.7283104093268475,0.0,1.0,0.91875,0.91875,0.91875,0.9,1.0,0.0,security_risk,74,17.802867921998768,111.2679245124923,scenario_stress_holdoutfit,results/final_2026-05-06/scheme_c_holdout/configs/scenario_stress_holdoutfit.yaml
160.0,47.19268942596045,0.1187240351324487,0.1187240351324487,0.11875,0.10625,0.11875,0.23921382348821707,0.7607861765117829,0.2949543089122528,1.753744058536493,1.7328492293182851,-59.858039450272294,0.0,1.0,1.0,1.0,1.0,0.975,1.0,0.0,security_margin,74,18.088272248000067,113.05170155000042,scenario_stress_holdoutfit,results/final_2026-05-06/scheme_c_holdout/configs/scenario_stress_holdoutfit.yaml
160.0,199.72580512878073,0.1125,0.1125,0.45,0.41875,0.45,0.9350839921168607,0.06491600788313924,1.2482862820548797,0.11446893970374314,0.10886248564228243,-2.3510172100881475,0.0,1.0,1.0,1.0,1.0,0.9125,1.0,0.0,rollout_joint,74,226.86978326799908,1417.9361454249943,scenario_stress_holdoutfit,results/final_2026-05-06/scheme_c_holdout/configs/scenario_stress_holdoutfit.yaml
160.0,147.5752570021922,0.11875,0.11875,0.11875,0.1,0.11875,0.6334896714619662,0.3665103285380339,0.9223453562637012,0.9608600012099178,0.9515072646413559,-3.8994850130646412,0.0,1.0,1.0,1.0,1.0,0.78125,1.0,0.0,periodic,75,19.26028713999949,120.37679462499682,scenario_stress_holdoutfit,results/final_2026-05-06/scheme_c_holdout/configs/scenario_stress_holdoutfit.yaml
160.0,153.62197804764466,0.04242564219994521,0.04242564219994521,0.14375,0.1375,0.14375,0.7213461056066773,0.27865389439332267,0.9601373627977792,0.5791241346055028,0.5748748254910993,-2.8453336747024194,0.0,1.0,0.99375,0.99375,0.99375,0.85625,1.0,0.0,security_risk,75,17.428448272999958,108.92780170624974,scenario_stress_holdoutfit,results/final_2026-05-06/scheme_c_holdout/configs/scenario_stress_holdoutfit.yaml
160.0,58.7725121281932,0.11875,0.11875,0.125,0.10625,0.125,0.24551209256844325,0.7544879074315567,0.3673282008012075,1.641594987306491,1.641112917559218,-47.95985952346589,0.0,1.0,0.99375,0.99375,0.99375,0.98125,1.0,0.0,security_margin,75,17.641900315000385,110.2618769687524,scenario_stress_holdoutfit,results/final_2026-05-06/scheme_c_holdout/configs/scenario_stress_holdoutfit.yaml
160.0,199.64210011779517,0.1125,0.1125,0.45,0.4125,0.45,0.9353800134951143,0.06461998650488558,1.2477631257362198,0.10232543789011764,0.0945931112141811,-2.365704400783947,0.0,1.0,1.0,1.0,1.0,0.86875,1.0,0.0,rollout_joint,75,231.95246202099952,1449.702887631247,scenario_stress_holdoutfit,results/final_2026-05-06/scheme_c_holdout/configs/scenario_stress_holdoutfit.yaml
160.0,160.92305876107747,0.11875,0.11875,0.11875,0.10625,0.11875,0.6673484351222473,0.33265156487775277,1.0057691172567342,0.8202044069204835,0.8173790592149761,-3.8626575727580588,0.0,1.0,1.0,1.0,1.0,0.88125,1.0,0.0,periodic,76,17.892251105999094,111.82656941249434,scenario_stress_holdoutfit,results/final_2026-05-06/scheme_c_holdout/configs/scenario_stress_holdoutfit.yaml
160.0,149.73364838491815,0.03927587582498161,0.03927587582498161,0.13125,0.125,0.13125,0.7153966018117218,0.2846033981882782,0.9358353024057384,0.7060828157182153,0.7027787226730502,-2.783315223072395,0.0,1.0,0.96875,0.96875,0.96875,0.8875,1.0,0.0,security_risk,76,18.543157213000086,115.89473258125054,scenario_stress_holdoutfit,results/final_2026-05-06/scheme_c_holdout/configs/scenario_stress_holdoutfit.yaml
160.0,64.64364145109435,0.11875,0.11875,0.125,0.11875,0.125,0.2693200263786561,0.7306799736213438,0.4040227590693397,1.6099453083312525,1.6099453083312525,-44.61610652543077,0.0,1.0,0.98125,0.98125,0.98125,1.0,1.0,0.0,security_margin,76,18.037571398999717,112.73482124374823,scenario_stress_holdoutfit,results/final_2026-05-06/scheme_c_holdout/configs/scenario_stress_holdoutfit.yaml
160.0,202.10564899275732,0.1125,0.1125,0.45,0.40625,0.45,0.93326852204601,0.06673147795398995,1.2631603062047332,0.10895293235353773,0.09976675054360176,-2.357522831329498,0.0,1.0,1.0,1.0,1.0,0.89375,1.0,0.0,rollout_joint,76,228.59850697100046,1428.7406685687529,scenario_stress_holdoutfit,results/final_2026-05-06/scheme_c_holdout/configs/scenario_stress_holdoutfit.yaml
160.0,151.7392516226938,0.11875,0.11875,0.11875,0.1125,0.11875,0.6717041052997912,0.3282958947002088,0.9483703226418363,0.8994648523480244,0.8905348724063199,-3.725870117534131,0.0,1.0,1.0,1.0,1.0,0.79375,1.0,0.0,periodic,77,17.534016985000562,109.58760615625351,scenario_stress_holdoutfit,results/final_2026-05-06/scheme_c_holdout/configs/scenario_stress_holdoutfit.yaml
160.0,151.71881381751197,0.04042496499118236,0.04042496499118236,0.1375,0.13125,0.1375,0.7344423972085492,0.26555760279145085,0.9482425863594498,0.5725552439397104,0.5703482620515807,-2.874705974541097,0.0,1.0,0.95625,0.95625,0.95625,0.8875,1.0,0.0,security_risk,77,18.083079800000633,113.01924875000395,scenario_stress_holdoutfit,results/final_2026-05-06/scheme_c_holdout/configs/scenario_stress_holdoutfit.yaml
160.0,46.45548761611206,0.11875,0.11875,0.125,0.11875,0.125,0.24856625685809136,0.7514337431419087,0.29034679760070037,1.763800728661827,1.7497001652658297,-60.42010904827369,0.0,1.0,1.0,1.0,1.0,0.9875,1.0,0.0,security_margin,77,17.6724592949995,110.45287059374687,scenario_stress_holdoutfit,results/final_2026-05-06/scheme_c_holdout/configs/scenario_stress_holdoutfit.yaml
160.0,199.05146854201007,0.1125,0.1125,0.45,0.40625,0.45,0.932045617918795,0.06795438208120494,1.244071678387563,0.11264847763051296,0.10601106237071964,-2.369238282495064,0.0,1.0,1.0,1.0,1.0,0.89375,1.0,0.0,rollout_joint,77,231.79670305000036,1448.7293940625023,scenario_stress_holdoutfit,results/final_2026-05-06/scheme_c_holdout/configs/scenario_stress_holdoutfit.yaml
160.0,168.4995691594027,0.11875,0.11875,0.11875,0.11875,0.11875,0.6963010262793592,0.30369897372064086,1.053122307246267,0.7080218162644505,0.6997751358282881,-3.835406550579232,0.0,1.0,1.0,1.0,1.0,0.83125,1.0,0.0,periodic,78,17.69701416999851,110.60633856249069,scenario_stress_holdoutfit,results/final_2026-05-06/scheme_c_holdout/configs/scenario_stress_holdoutfit.yaml
160.0,159.08198050011478,0.04021650899109922,0.04021650899109922,0.1375,0.1375,0.1375,0.738196501894983,0.26180349810501696,0.9942623781257174,0.5674968895260376,0.5613806154570821,-2.814641583964145,0.0,1.0,0.9875,0.9875,0.9875,0.8875,1.0,0.0,security_risk,78,17.339268391000587,108.37042744375367,scenario_stress_holdoutfit,results/final_2026-05-06/scheme_c_holdout/configs/scenario_stress_holdoutfit.yaml
160.0,47.31506679773491,0.11875,0.11875,0.125,0.11875,0.125,0.24725732214472657,0.7527426778552735,0.29571916748584315,1.7588030031142494,1.7413732381420253,-61.928724023669055,0.0,1.0,1.0,1.0,1.0,0.9875,1.0,0.0,security_margin,78,18.87954853699921,117.99717835624506,scenario_stress_holdoutfit,results/final_2026-05-06/scheme_c_holdout/configs/scenario_stress_holdoutfit.yaml
160.0,204.4996178585501,0.1140625,0.1140625,0.45625,0.4125,0.45625,0.9364460347725151,0.06355396522748484,1.278122611615938,0.10216748053959954,0.09691000690911944,-2.334334068752489,0.0,1.0,1.0,1.0,1.0,0.8875,1.0,0.0,rollout_joint,78,234.04314370000066,1462.769648125004,scenario_stress_holdoutfit,results/final_2026-05-06/scheme_c_holdout/configs/scenario_stress_holdoutfit.yaml
160.0,168.40793185215102,0.11875,0.11875,0.11875,0.1125,0.11875,0.6927311955328104,0.3072688044671895,1.0525495740759439,0.6733014973878261,0.6637108515359147,-3.8562071377580067,0.0,1.0,1.0,1.0,1.0,0.74375,1.0,0.0,periodic,79,17.47547301800114,109.22170636250712,scenario_stress_holdoutfit,results/final_2026-05-06/scheme_c_holdout/configs/scenario_stress_holdoutfit.yaml
160.0,154.60383550678736,0.039716947215661005,0.039716947215661005,0.1375,0.1375,0.1375,0.7376913607540561,0.26230863924594405,0.966273971917421,0.5825395971063747,0.5807013798142278,-2.80447933210005,0.0,1.0,1.0,1.0,1.0,0.875,1.0,0.0,security_risk,79,17.647795918001066,110.29872448750666,scenario_stress_holdoutfit,results/final_2026-05-06/scheme_c_holdout/configs/scenario_stress_holdoutfit.yaml
160.0,47.39421097570763,0.11875,0.11875,0.125,0.11875,0.125,0.24348056556027475,0.7565194344397252,0.2962138185981727,1.7562263023279676,1.7414753266143137,-60.913508034001026,0.0,1.0,1.0,1.0,1.0,0.98125,1.0,0.0,security_margin,79,17.115234396000233,106.97021497500145,scenario_stress_holdoutfit,results/final_2026-05-06/scheme_c_holdout/configs/scenario_stress_holdoutfit.yaml
160.0,202.12151760416285,0.1125,0.1125,0.45,0.39375,0.45,0.9336526007557108,0.06634739924428901,1.2632594850260177,0.10866804118246627,0.1026317168009279,-2.3501866505019477,0.0,1.0,1.0,1.0,1.0,0.89375,1.0,0.0,rollout_joint,79,231.5867096080001,1447.4169350500006,scenario_stress_holdoutfit,results/final_2026-05-06/scheme_c_holdout/configs/scenario_stress_holdoutfit.yaml
160.0,161.55372014114937,0.11875,0.11875,0.11875,0.1125,0.11875,0.6845451772110637,0.31545482278893633,1.0097107508821836,0.7632768163341886,0.7507392632730496,-3.6603905921536954,0.0,1.0,1.0,1.0,1.0,0.76875,1.0,0.0,periodic,80,17.736956643000667,110.85597901875417,scenario_stress_holdoutfit,results/final_2026-05-06/scheme_c_holdout/configs/scenario_stress_holdoutfit.yaml
160.0,163.425245842577,0.03960370830167274,0.03960370830167274,0.1375,0.1375,0.1375,0.7492221204795003,0.2507778795204997,1.0214077865161062,0.4670367127026035,0.46642005359598543,-2.843361038418263,0.0,1.0,1.0,1.0,1.0,0.94375,1.0,0.0,security_risk,80,17.691418468999473,110.5713654312467,scenario_stress_holdoutfit,results/final_2026-05-06/scheme_c_holdout/configs/scenario_stress_holdoutfit.yaml
160.0,49.48653059414187,0.11875,0.11875,0.11875,0.1125,0.11875,0.2521542930279992,0.7478457069720008,0.30929081621338667,1.7418419419114826,1.7203304899201004,-60.073087382852634,0.0,1.0,1.0,1.0,1.0,0.96875,1.0,0.0,security_margin,80,17.055534283999805,106.59708927499878,scenario_stress_holdoutfit,results/final_2026-05-06/scheme_c_holdout/configs/scenario_stress_holdoutfit.yaml
160.0,201.21452159835405,0.1125,0.1125,0.45,0.4125,0.45,0.9346020760589784,0.0653979239410216,1.257590759989713,0.10662852871974729,0.09801624488944916,-2.3609814052065135,0.0,1.0,1.0,1.0,1.0,0.875,1.0,0.0,rollout_joint,80,235.75959759999932,1473.4974849999958,scenario_stress_holdoutfit,results/final_2026-05-06/scheme_c_holdout/configs/scenario_stress_holdoutfit.yaml
160.0,151.63602904430064,0.11875,0.11875,0.11875,0.1125,0.11875,0.6668951793086131,0.3331048206913869,0.947725181526879,0.9169602508180837,0.9106648386167594,-3.9248428138035933,0.0,1.0,1.0,1.0,1.0,0.8125,1.0,0.0,periodic,81,18.10417218800103,113.15107617500644,scenario_stress_holdoutfit,results/final_2026-05-06/scheme_c_holdout/configs/scenario_stress_holdoutfit.yaml
160.0,158.02186663968808,0.05026003309395759,0.05026003309395759,0.1625,0.125,0.1625,0.7225049558732201,0.27749504412677994,0.9876366664980505,0.5390387927754788,0.5298323674513032,-2.907486292975848,0.0,1.0,0.98125,0.98125,0.98125,0.85625,1.0,0.0,security_risk,81,17.96746946300118,112.29668414375737,scenario_stress_holdoutfit,results/final_2026-05-06/scheme_c_holdout/configs/scenario_stress_holdoutfit.yaml
160.0,50.702920839632114,0.11875,0.11875,0.11875,0.1,0.11875,0.2527599624694622,0.7472400375305378,0.31689325524770073,1.722713055061607,1.6995799175422566,-52.6135590418795,0.0,1.0,1.0,1.0,1.0,0.95,1.0,0.0,security_margin,81,16.98826231699968,106.176639481248,scenario_stress_holdoutfit,results/final_2026-05-06/scheme_c_holdout/configs/scenario_stress_holdoutfit.yaml
160.0,200.9703644386624,0.1125,0.1125,0.45,0.40625,0.45,0.9331098700414486,0.06689012995855147,1.2560647777416398,0.11254668396280532,0.10627589803472018,-2.3554820388978626,0.0,1.0,1.0,1.0,1.0,0.875,1.0,0.0,rollout_joint,81,229.10846707599922,1431.927919224995,scenario_stress_holdoutfit,results/final_2026-05-06/scheme_c_holdout/configs/scenario_stress_holdoutfit.yaml
