episode_length,total_secrecy_rate,avg_sync_cost,avg_sync_bandwidth,sync_request_rate,avg_sync_applied,avg_pending_syncs,avg_twin_quality,avg_twin_badness,avg_secrecy_rate,avg_realized_loss,avg_margin_gap,avg_cert_slack,certified_safe_rate,certificate_violation_prob,certificate_cover_rate,certificate_in_policy_cover_rate,certificate_empirical_cover_rate,certificate_margin_cover_rate,prediction_violation_prob,outage_prob,success_prob,method,seed,runtime_sec,runtime_per_slot_ms,r_min,config_path
160.0,160.4923974921321,0.11875,0.11875,0.11875,0.11875,0.11875,0.6974947317478952,0.3025052682521047,1.0030774843258257,0.703152820385423,0.694524588796285,-1.7655286734576865,0.11875,0.88125,1.0,1.0,1.0,1.0,0.86875,0.24375,0.75625,periodic,62,21.617198205000022,135.10748878125014,0.6,results/final_2026-05-12/scheme_c_holdout/configs/scenario_stress_holdoutfit.yaml
160.0,153.48845356274109,0.11875,0.11875,0.11875,0.1125,0.11875,0.6665068394293566,0.3334931605706434,0.9593028347671317,0.9186944879986726,0.9110262416539964,-1.6665720180858699,0.13125,0.86875,1.0,1.0,1.0,1.0,0.8,0.30625,0.69375,periodic,63,21.56557801200006,134.78486257500037,0.6,results/final_2026-05-12/scheme_c_holdout/configs/scenario_stress_holdoutfit.yaml
160.0,150.60345750066062,0.11875,0.11875,0.11875,0.1125,0.11875,0.6648100650535239,0.335189934946476,0.9412716093791289,0.9100141745784889,0.9033841425226201,-1.609879222247502,0.125,0.875,1.0,1.0,1.0,1.0,0.83125,0.30625,0.69375,periodic,64,22.069058973999745,137.9316185874984,0.6,results/final_2026-05-12/scheme_c_holdout/configs/scenario_stress_holdoutfit.yaml
160.0,151.29808045965498,0.11875,0.11875,0.11875,0.1,0.11875,0.6511087659640976,0.34889123403590244,0.9456130028728437,0.9346355554939041,0.9266770403299673,-1.7325392698638147,0.11875,0.88125,1.0,1.0,1.0,1.0,0.83125,0.28125,0.71875,periodic,65,22.607120216999647,141.2945013562478,0.6,results/final_2026-05-12/scheme_c_holdout/configs/scenario_stress_holdoutfit.yaml
160.0,160.50465591163604,0.11875,0.11875,0.11875,0.1125,0.11875,0.6871388508592315,0.31286114914076846,1.0031540994477253,0.7217613865015271,0.7117582928094726,-1.8041832917169607,0.11875,0.88125,1.0,1.0,1.0,1.0,0.80625,0.25625,0.74375,periodic,66,21.958320529000048,137.2395033062503,0.6,results/final_2026-05-12/scheme_c_holdout/configs/scenario_stress_holdoutfit.yaml
160.0,154.66917037656253,0.11875,0.11875,0.11875,0.1125,0.11875,0.6718213556274776,0.3281786443725223,0.9666823148535159,0.8734243796028469,0.8590285867092982,-1.6652695121955055,0.1125,0.8875,1.0,1.0,1.0,1.0,0.8,0.2625,0.7375,periodic,67,22.918621394000183,143.24138371250115,0.6,results/final_2026-05-12/scheme_c_holdout/configs/scenario_stress_holdoutfit.yaml
160.0,144.17406414656637,0.11875,0.11875,0.11875,0.10625,0.11875,0.6788441104187815,0.32115588958121855,0.9010879009160397,0.6854666592959069,0.6799219692673889,-2.1195300498492844,0.11875,0.88125,1.0,1.0,1.0,1.0,0.825,0.325,0.675,periodic,68,23.656701173999863,147.85438233749915,0.6,results/final_2026-05-12/scheme_c_holdout/configs/scenario_stress_holdoutfit.yaml
160.0,157.47004171049116,0.11875,0.11875,0.11875,0.10625,0.11875,0.686582116161261,0.31341788383873903,0.9841877606905698,0.7088516655986236,0.7027937557316628,-1.8883956703741664,0.08125,0.91875,1.0,1.0,1.0,1.0,0.84375,0.28125,0.71875,periodic,69,23.76251927999965,148.51574549999782,0.6,results/final_2026-05-12/scheme_c_holdout/configs/scenario_stress_holdoutfit.yaml
160.0,137.3852900860942,0.11875,0.11875,0.11875,0.09375,0.11875,0.6330510256373909,0.3669489743626092,0.8586580630380887,0.9893523861714536,0.9801316307591035,-1.703176589764531,0.11875,0.88125,1.0,1.0,1.0,1.0,0.79375,0.41875,0.58125,periodic,70,22.481747164999433,140.51091978124646,0.6,results/final_2026-05-12/scheme_c_holdout/configs/scenario_stress_holdoutfit.yaml
160.0,141.08213223605514,0.11875,0.11875,0.11875,0.1,0.11875,0.6263318203064463,0.3736681796935536,0.8817633264753446,1.0399929519924345,1.0331740200940136,-1.8131831640393443,0.1125,0.8875,1.0,1.0,1.0,1.0,0.8125,0.33125,0.66875,periodic,71,22.312924069000474,139.45577543125296,0.6,results/final_2026-05-12/scheme_c_holdout/configs/scenario_stress_holdoutfit.yaml
160.0,173.17482643876593,0.11875,0.11875,0.11875,0.10625,0.11875,0.7089042538700377,0.2910957461299622,1.0823426652422872,0.45965463741264667,0.45311414504028746,-1.7425646406047588,0.08125,0.91875,1.0,1.0,1.0,1.0,0.8625,0.1375,0.8625,periodic,72,22.253684968000016,139.0855310500001,0.6,results/final_2026-05-12/scheme_c_holdout/configs/scenario_stress_holdoutfit.yaml
160.0,146.9659968229323,0.11875,0.11875,0.11875,0.10625,0.11875,0.6934913805898042,0.3065086194101959,0.9185374801433269,0.6099712699196297,0.6009541252341272,-2.0823346905211597,0.11875,0.88125,1.0,1.0,1.0,1.0,0.7875,0.3,0.7,periodic,73,22.130092248999972,138.31307655624983,0.6,results/final_2026-05-12/scheme_c_holdout/configs/scenario_stress_holdoutfit.yaml
160.0,162.6743232175553,0.11875,0.11875,0.11875,0.1125,0.11875,0.6964603547688506,0.3035396452311495,1.0167145201097205,0.660199398889012,0.6497575568093594,-1.760224472776854,0.13125,0.86875,1.0,1.0,1.0,1.0,0.8,0.275,0.725,periodic,74,21.377519416000723,133.60949635000452,0.6,results/final_2026-05-12/scheme_c_holdout/configs/scenario_stress_holdoutfit.yaml
160.0,134.29708578745678,0.11875,0.11875,0.11875,0.1,0.11875,0.6317922711085517,0.3682077288914482,0.8393567861716049,1.065892891562098,1.0571383792739844,-1.9495819974087083,0.1125,0.8875,1.0,1.0,1.0,1.0,0.8125,0.39375,0.60625,periodic,75,23.92994800499946,149.56217503124662,0.6,results/final_2026-05-12/scheme_c_holdout/configs/scenario_stress_holdoutfit.yaml
160.0,163.40047536554943,0.11875,0.11875,0.11875,0.10625,0.11875,0.6860599437258292,0.3139400562741709,1.0212529710346838,0.7100356977473835,0.7074927380889742,-1.6950964883111497,0.125,0.875,1.0,1.0,1.0,1.0,0.8625,0.26875,0.73125,periodic,76,22.694666661000156,141.84166663125097,0.6,results/final_2026-05-12/scheme_c_holdout/configs/scenario_stress_holdoutfit.yaml
160.0,159.3736189586602,0.11875,0.11875,0.11875,0.1125,0.11875,0.678555651208198,0.321444348791802,0.9960851184916262,0.7774882691982662,0.7682978252827667,-1.6785935143152018,0.11875,0.88125,1.0,1.0,1.0,1.0,0.8375,0.2625,0.7375,periodic,77,22.771237390999886,142.3202336937493,0.6,results/final_2026-05-12/scheme_c_holdout/configs/scenario_stress_holdoutfit.yaml
160.0,161.66430001442083,0.11875,0.11875,0.11875,0.11875,0.11875,0.6813061141817307,0.3186938858182693,1.0104018750901302,0.8531078630392781,0.8436795484578903,-1.6181940721017642,0.13125,0.86875,1.0,1.0,1.0,1.0,0.8125,0.25,0.75,periodic,78,22.579983016999904,141.1248938562494,0.6,results/final_2026-05-12/scheme_c_holdout/configs/scenario_stress_holdoutfit.yaml
160.0,165.02019622577473,0.11875,0.11875,0.11875,0.1125,0.11875,0.6952017261490331,0.3047982738509668,1.031376226411092,0.6437433096392915,0.6346392438148267,-1.7642266135046292,0.125,0.875,1.0,1.0,1.0,1.0,0.78125,0.2625,0.7375,periodic,79,22.165559129999565,138.53474456249728,0.6,results/final_2026-05-12/scheme_c_holdout/configs/scenario_stress_holdoutfit.yaml
160.0,167.04341623600843,0.11875,0.11875,0.11875,0.1125,0.11875,0.6992595158926799,0.3007404841073201,1.0440213514750527,0.63759288808571,0.6229986485559273,-1.6987682215247741,0.13125,0.86875,1.0,1.0,1.0,1.0,0.75625,0.275,0.725,periodic,80,22.674299821000204,141.71437388125128,0.6,results/final_2026-05-12/scheme_c_holdout/configs/scenario_stress_holdoutfit.yaml
160.0,155.00346812859803,0.11875,0.11875,0.11875,0.1125,0.11875,0.6707042814557819,0.32929571854421813,0.9687716758037377,0.8749182587979185,0.8686223063597589,-1.6877467398555654,0.11875,0.88125,1.0,1.0,1.0,1.0,0.83125,0.26875,0.73125,periodic,81,22.045951340999636,137.78719588124773,0.6,results/final_2026-05-12/scheme_c_holdout/configs/scenario_stress_holdoutfit.yaml
160.0,198.2854338174368,0.10625,0.10625,0.425,0.3875,0.425,0.9318997244398869,0.0681002755601132,1.23928396135898,0.11250895068468003,0.10600322643528033,-0.10187354095978415,0.24375,0.75625,1.0,1.0,1.0,1.0,0.89375,0.0,1.0,rollout_joint,62,296.59472351500017,1853.7170219687512,0.6,results/final_2026-05-12/scheme_c_holdout/configs/scenario_stress_holdoutfit.yaml
160.0,202.00702634811933,0.1046875,0.1046875,0.41875,0.3875,0.41875,0.9356494400137507,0.06435055998624935,1.2625439146757458,0.10153026016877793,0.09361320651979846,-0.08245154079741929,0.28125,0.71875,1.0,1.0,1.0,1.0,0.86875,0.0,1.0,rollout_joint,63,296.55928826399986,1853.495551649999,0.6,results/final_2026-05-12/scheme_c_holdout/configs/scenario_stress_holdoutfit.yaml
160.0,202.23887538568974,0.1078125,0.1078125,0.43125,0.39375,0.43125,0.9335904855592382,0.0664095144407619,1.2639929711605609,0.10460397673374396,0.09482286178790553,-0.08790048887744348,0.23125,0.76875,1.0,1.0,1.0,1.0,0.86875,0.0,1.0,rollout_joint,64,289.2780133780002,1807.987583612501,0.6,results/final_2026-05-12/scheme_c_holdout/configs/scenario_stress_holdoutfit.yaml
160.0,201.60710581684884,0.1078125,0.1078125,0.43125,0.38125,0.43125,0.9292950072926821,0.07070499270731781,1.2600444113553053,0.10533824742141384,0.09910977248667031,-0.10296565418824821,0.26875,0.73125,1.0,1.0,1.0,1.0,0.9125,0.0,1.0,rollout_joint,65,304.3603770720001,1902.2523567000007,0.6,results/final_2026-05-12/scheme_c_holdout/configs/scenario_stress_holdoutfit.yaml
160.0,199.5785016325897,0.103125,0.103125,0.4125,0.39375,0.4125,0.9351024847904152,0.06489751520958476,1.2473656352036857,0.10324277467225458,0.09607174841747324,-0.0927115284331749,0.2875,0.7125,1.0,1.0,1.0,1.0,0.8875,0.0,1.0,rollout_joint,66,303.1991044900001,1894.9944030625004,0.6,results/final_2026-05-12/scheme_c_holdout/configs/scenario_stress_holdoutfit.yaml
160.0,197.85091676351175,0.1078125,0.1078125,0.43125,0.3875,0.43125,0.9321739767797095,0.06782602322029048,1.2365682297719485,0.11130183333536206,0.10081490000132513,-0.1127661002465078,0.225,0.775,1.0,1.0,1.0,1.0,0.8875,0.0,1.0,rollout_joint,67,299.2071253089998,1870.0445331812487,0.6,results/final_2026-05-12/scheme_c_holdout/configs/scenario_stress_holdoutfit.yaml
160.0,202.69131988998583,0.109375,0.109375,0.4375,0.4,0.4375,0.9345628731927981,0.06543712680720201,1.2668207493124115,0.0924197281251829,0.08232744829577521,-0.09421932563664402,0.25,0.75,1.0,1.0,1.0,1.0,0.8625,0.0,1.0,rollout_joint,68,310.66717573500046,1941.6698483437528,0.6,results/final_2026-05-12/scheme_c_holdout/configs/scenario_stress_holdoutfit.yaml
160.0,200.99146360521877,0.109375,0.109375,0.4375,0.4,0.4375,0.9315320672661563,0.0684679327338437,1.2561966475326174,0.10949776056527347,0.10170826328463663,-0.08903991122550134,0.29375,0.70625,1.0,1.0,1.0,1.0,0.88125,0.0,1.0,rollout_joint,69,300.293830954,1876.8364434625,0.6,results/final_2026-05-12/scheme_c_holdout/configs/scenario_stress_holdoutfit.yaml
160.0,201.60360374962735,0.1078125,0.1078125,0.43125,0.3875,0.43125,0.934048803663081,0.06595119633691905,1.260022523435171,0.09907883495035494,0.09439878705115409,-0.09407237229839814,0.24375,0.75625,1.0,1.0,1.0,1.0,0.90625,0.0,1.0,rollout_joint,70,287.83693096499974,1798.9808185312481,0.6,results/final_2026-05-12/scheme_c_holdout/configs/scenario_stress_holdoutfit.yaml
160.0,198.85067558978756,0.10625,0.10625,0.425,0.4,0.425,0.9323874936285014,0.06761250637149865,1.2428167224361721,0.11233010602643725,0.10436500175359349,-0.091573782967723,0.23125,0.76875,1.0,1.0,1.0,1.0,0.875,0.0,1.0,rollout_joint,71,298.4725158830006,1865.4532242687535,0.6,results/final_2026-05-12/scheme_c_holdout/configs/scenario_stress_holdoutfit.yaml
160.0,200.05990661162082,0.10625,0.10625,0.425,0.4,0.425,0.9345241947225901,0.06547580527741,1.25037441632263,0.10249260129112099,0.09492367108735314,-0.08834786597672192,0.23125,0.76875,1.0,1.0,1.0,1.0,0.88125,0.0,1.0,rollout_joint,72,301.51045067799987,1884.4403167374992,0.6,results/final_2026-05-12/scheme_c_holdout/configs/scenario_stress_holdoutfit.yaml
160.0,198.1506163596199,0.1078125,0.1078125,0.43125,0.38125,0.43125,0.9327882423061388,0.06721175769386119,1.2384413522476243,0.10867538191047513,0.09878398877378818,-0.11180705748584759,0.26875,0.73125,1.0,1.0,1.0,1.0,0.8875,0.0,1.0,rollout_joint,73,292.27654698399965,1826.7284186499978,0.6,results/final_2026-05-12/scheme_c_holdout/configs/scenario_stress_holdoutfit.yaml
160.0,200.73071858061752,0.109375,0.109375,0.4375,0.39375,0.4375,0.9349472114791894,0.06505278852081042,1.2545669911288595,0.09609912747376667,0.08978938037453442,-0.09641226157358489,0.19375,0.80625,1.0,1.0,1.0,1.0,0.90625,0.0,1.0,rollout_joint,74,305.0475956569999,1906.547472856249,0.6,results/final_2026-05-12/scheme_c_holdout/configs/scenario_stress_holdoutfit.yaml
160.0,199.38036551147823,0.1078125,0.1078125,0.43125,0.39375,0.43125,0.9344626717974697,0.06553732820253026,1.246127284446739,0.10321030807748151,0.09460389029351059,-0.09555791977486675,0.23125,0.76875,1.0,1.0,1.0,1.0,0.89375,0.0,1.0,rollout_joint,75,301.7382404550008,1885.8640028437549,0.6,results/final_2026-05-12/scheme_c_holdout/configs/scenario_stress_holdoutfit.yaml
160.0,201.59351388097528,0.10625,0.10625,0.425,0.39375,0.425,0.9341756117503213,0.06582438824967865,1.2599594617560954,0.10072190710290477,0.09090959262663444,-0.09130864570043828,0.2625,0.7375,1.0,1.0,1.0,1.0,0.8625,0.0,1.0,rollout_joint,76,303.8763845020003,1899.2274031375018,0.6,results/final_2026-05-12/scheme_c_holdout/configs/scenario_stress_holdoutfit.yaml
160.0,203.3736702669854,0.1078125,0.1078125,0.43125,0.3875,0.43125,0.9348956813382955,0.06510431866170442,1.2710854391686588,0.09010620308369899,0.08052374180176093,-0.09321802868972892,0.23125,0.76875,1.0,1.0,1.0,1.0,0.8875,0.0,1.0,rollout_joint,77,303.93428132200006,1899.5892582625006,0.6,results/final_2026-05-12/scheme_c_holdout/configs/scenario_stress_holdoutfit.yaml
160.0,203.6362608395939,0.10625,0.10625,0.425,0.39375,0.425,0.9335277481722773,0.06647225182772247,1.2727266302474618,0.10336433875903454,0.09693184074837372,-0.07278601386513602,0.2875,0.7125,1.0,1.0,1.0,1.0,0.9125,0.0,1.0,rollout_joint,78,298.96897090200036,1868.5560681375023,0.6,results/final_2026-05-12/scheme_c_holdout/configs/scenario_stress_holdoutfit.yaml
160.0,200.87105403795837,0.1078125,0.1078125,0.43125,0.38125,0.43125,0.9332127990869298,0.06678720091307022,1.25544408773724,0.10351053013369038,0.09664160375561721,-0.09437841230949864,0.25625,0.74375,1.0,1.0,1.0,1.0,0.875,0.0,1.0,rollout_joint,79,294.10621044799973,1838.163815299998,0.6,results/final_2026-05-12/scheme_c_holdout/configs/scenario_stress_holdoutfit.yaml
160.0,200.9474537893193,0.1078125,0.1078125,0.43125,0.4,0.43125,0.934110925730743,0.06588907426925697,1.2559215861832456,0.10291731790054917,0.0951545883540705,-0.08839415526290442,0.225,0.775,1.0,1.0,1.0,1.0,0.9,0.0,1.0,rollout_joint,80,293.158325718,1832.2395357375,0.6,results/final_2026-05-12/scheme_c_holdout/configs/scenario_stress_holdoutfit.yaml
160.0,201.1713305169257,0.10625,0.10625,0.425,0.4,0.425,0.9355596547398107,0.06444034526018917,1.2573208157307856,0.09998840626249268,0.09152339754583975,-0.08892633061438127,0.225,0.775,1.0,1.0,1.0,1.0,0.9,0.0,1.0,rollout_joint,81,312.72839443799967,1954.5524652374982,0.6,results/final_2026-05-12/scheme_c_holdout/configs/scenario_stress_holdoutfit.yaml
160.0,138.1276165884608,0.11875,0.11875,0.275,0.25,0.275,0.5497811424952902,0.4502188575047098,0.86329760367788,1.1572288301303886,1.1430011884699283,-4.782041386359219,0.21875,0.78125,1.0,1.0,1.0,1.0,0.8875,0.46875,0.53125,security_margin,62,21.542777659999956,134.64236037499973,0.6,results/final_2026-05-12/scheme_c_holdout/configs/scenario_stress_holdoutfit.yaml
160.0,124.59686308038042,0.11841064516513711,0.11841064516513711,0.3,0.275,0.3,0.5363641845370116,0.46363581546298827,0.7787303942523776,1.4868712349756343,1.4824448035506919,-4.519939647748733,0.225,0.775,1.0,1.0,1.0,1.0,0.9,0.44375,0.55625,security_margin,63,21.27497096800016,132.968568550001,0.6,results/final_2026-05-12/scheme_c_holdout/configs/scenario_stress_holdoutfit.yaml
160.0,128.9223030947585,0.11868005189501744,0.11868005189501744,0.29375,0.28125,0.29375,0.5568817638766707,0.44311823612332935,0.8057643943422406,1.4327778857075355,1.4235526599596617,-3.896932593578515,0.25,0.75,1.0,1.0,1.0,1.0,0.9125,0.425,0.575,security_margin,64,21.90269559699982,136.89184748124887,0.6,results/final_2026-05-12/scheme_c_holdout/configs/scenario_stress_holdoutfit.yaml
160.0,126.02934814567313,0.11810780401775763,0.11810780401775763,0.29375,0.25625,0.29375,0.5293926421132359,0.4706073578867641,0.787683425910457,1.5067630148407292,1.4998004257435416,-4.52238031935083,0.20625,0.79375,1.0,1.0,1.0,1.0,0.8625,0.45625,0.54375,security_margin,65,22.863599485000123,142.89749678125077,0.6,results/final_2026-05-12/scheme_c_holdout/configs/scenario_stress_holdoutfit.yaml
160.0,128.22721902127734,0.11875000000000002,0.11875000000000002,0.31875,0.29375,0.31875,0.5606987961766892,0.4393012038233108,0.8014201188829834,1.417170611585071,1.41066652244619,-3.743547303413397,0.225,0.775,1.0,1.0,1.0,1.0,0.9,0.4125,0.5875,security_margin,66,22.394495737999932,139.96559836249958,0.6,results/final_2026-05-12/scheme_c_holdout/configs/scenario_stress_holdoutfit.yaml
160.0,124.03101253573686,0.11875,0.11875,0.31875,0.31875,0.31875,0.5673331099256065,0.4326668900743935,0.7751938283483554,1.418792149824963,1.4124306342990365,-3.8151185182163645,0.225,0.775,1.0,1.0,1.0,1.0,0.9125,0.4125,0.5875,security_margin,67,23.42729202800001,146.42057517500007,0.6,results/final_2026-05-12/scheme_c_holdout/configs/scenario_stress_holdoutfit.yaml
160.0,128.34602201764616,0.11875000000000005,0.11875000000000005,0.30625,0.28125,0.30625,0.5421910035851287,0.4578089964148713,0.8021626376102885,1.4433662090379014,1.436748485371327,-4.157032199113375,0.21875,0.78125,1.0,1.0,1.0,1.0,0.8625,0.4375,0.5625,security_margin,68,23.03472031800038,143.96700198750239,0.6,results/final_2026-05-12/scheme_c_holdout/configs/scenario_stress_holdoutfit.yaml
160.0,130.90433199918857,0.11753819308276751,0.11753819308276751,0.275,0.23125,0.275,0.5483266488553163,0.45167335114468365,0.8181520749949286,1.1322306980312793,1.1241903338344554,-5.651310950899927,0.20625,0.79375,1.0,1.0,1.0,1.0,0.86875,0.48125,0.51875,security_margin,69,22.812173352999707,142.57608345624817,0.6,results/final_2026-05-12/scheme_c_holdout/configs/scenario_stress_holdoutfit.yaml
160.0,126.24503372893864,0.11753220499588286,0.11753220499588286,0.28125,0.25625,0.28125,0.5379602424275902,0.46203975757240984,0.7890314608058665,1.4616499577861053,1.4548611284834319,-4.171488560196685,0.2375,0.7625,1.0,1.0,1.0,1.0,0.89375,0.4375,0.5625,security_margin,70,22.8964441119997,143.10277569999812,0.6,results/final_2026-05-12/scheme_c_holdout/configs/scenario_stress_holdoutfit.yaml
160.0,131.04102635461075,0.11755986232972451,0.11755986232972451,0.275,0.25,0.275,0.5454904610951496,0.45450953890485035,0.8190064147163172,1.2283309699400147,1.2192261042423393,-5.235326770546676,0.20625,0.79375,1.0,1.0,1.0,1.0,0.8625,0.475,0.525,security_margin,71,22.239055101000304,138.9940943812519,0.6,results/final_2026-05-12/scheme_c_holdout/configs/scenario_stress_holdoutfit.yaml
160.0,124.7126135210546,0.11782413968793874,0.11782413968793874,0.3,0.29375,0.3,0.5575276085393122,0.44247239146068795,0.7794538345065913,1.4340817311714997,1.4305992979128548,-3.9043619135603285,0.23125,0.76875,1.0,1.0,1.0,1.0,0.925,0.41875,0.58125,security_margin,72,22.90249575100006,143.14059844375038,0.6,results/final_2026-05-12/scheme_c_holdout/configs/scenario_stress_holdoutfit.yaml
160.0,126.60438140045873,0.11874999999999998,0.11874999999999998,0.29375,0.275,0.29375,0.5453108922461711,0.4546891077538288,0.791277383752867,1.4599793822174147,1.4486244461722961,-4.081149919171119,0.225,0.775,1.0,1.0,1.0,1.0,0.8875,0.43125,0.56875,security_margin,73,22.815433073999884,142.59645671249928,0.6,results/final_2026-05-12/scheme_c_holdout/configs/scenario_stress_holdoutfit.yaml
160.0,118.46592120819282,0.11777947285487951,0.11777947285487951,0.2875,0.25625,0.2875,0.5155685861314835,0.4844314138685166,0.7404120075512052,1.6093622204793476,1.6038600838470383,-4.981094245268927,0.2125,0.7875,1.0,1.0,1.0,1.0,0.89375,0.4625,0.5375,security_margin,74,22.791233684999497,142.44521053124686,0.6,results/final_2026-05-12/scheme_c_holdout/configs/scenario_stress_holdoutfit.yaml
160.0,132.5967749700259,0.11788822841428526,0.11788822841428526,0.28125,0.225,0.28125,0.5317345712153523,0.46826542878464766,0.8287298435626619,1.2395209773282612,1.2334195004922897,-5.5970181400775765,0.1875,0.8125,1.0,1.0,1.0,1.0,0.9125,0.48125,0.51875,security_margin,75,22.883316229999764,143.02072643749852,0.6,results/final_2026-05-12/scheme_c_holdout/configs/scenario_stress_holdoutfit.yaml
160.0,137.9275574270145,0.11875,0.11875,0.30625,0.275,0.30625,0.5786172476415092,0.42138275235849065,0.8620472339188406,1.0318950872966413,1.0275573266024527,-4.36995181245299,0.21875,0.78125,1.0,1.0,1.0,1.0,0.89375,0.44375,0.55625,security_margin,76,22.192792708000525,138.70495442500328,0.6,results/final_2026-05-12/scheme_c_holdout/configs/scenario_stress_holdoutfit.yaml
160.0,127.36181174408868,0.11733445542876746,0.11733445542876746,0.29375,0.28125,0.29375,0.5592435193144621,0.4407564806855378,0.7960113234005542,1.3785647867628452,1.3719859419449294,-3.892145956468871,0.2375,0.7625,1.0,1.0,1.0,1.0,0.90625,0.425,0.575,security_margin,77,22.53593734900005,140.84960843125032,0.6,results/final_2026-05-12/scheme_c_holdout/configs/scenario_stress_holdoutfit.yaml
160.0,129.38286006758466,0.11840003754669207,0.11840003754669207,0.30625,0.2875,0.30625,0.5522472487482979,0.4477527512517021,0.8086428754224041,1.4446771545961874,1.4416507617931755,-3.94972511420276,0.23125,0.76875,1.0,1.0,1.0,1.0,0.93125,0.43125,0.56875,security_margin,78,21.567784690000735,134.7986543125046,0.6,results/final_2026-05-12/scheme_c_holdout/configs/scenario_stress_holdoutfit.yaml
160.0,125.46238907539792,0.11875,0.11875,0.29375,0.28125,0.29375,0.5402450713723803,0.4597549286276196,0.784139931721237,1.4764910076183526,1.4716479555963988,-4.184692501221679,0.225,0.775,1.0,1.0,1.0,1.0,0.875,0.44375,0.55625,security_margin,79,21.607043713000166,135.04402320625104,0.6,results/final_2026-05-12/scheme_c_holdout/configs/scenario_stress_holdoutfit.yaml
160.0,143.13245825744588,0.11737373269749836,0.11737373269749836,0.28125,0.26875,0.28125,0.5711212354740791,0.42887876452592105,0.8945778641090367,1.041666461926125,1.035260708305357,-4.467996074165079,0.23125,0.76875,1.0,1.0,1.0,1.0,0.90625,0.4375,0.5625,security_margin,80,21.881981481000366,136.7623842562523,0.6,results/final_2026-05-12/scheme_c_holdout/configs/scenario_stress_holdoutfit.yaml
160.0,134.93287205171384,0.11875000000000002,0.11875000000000002,0.29375,0.26875,0.29375,0.5652119092103969,0.4347880907896031,0.8433304503232115,1.3110707614478603,1.2969324177508899,-3.450452488566941,0.24375,0.75625,1.0,1.0,1.0,1.0,0.85625,0.41875,0.58125,security_margin,81,22.14963669700046,138.43522935625288,0.6,results/final_2026-05-12/scheme_c_holdout/configs/scenario_stress_holdoutfit.yaml
160.0,133.30253995150267,0.03716475611679904,0.03716475611679904,0.125,0.1125,0.125,0.672440369664223,0.32755963033577695,0.8331408746968917,0.9233283040731373,0.9225282360923798,-0.8985171251519649,0.11875,0.88125,1.0,1.0,1.0,1.0,0.94375,0.4125,0.5875,security_risk,62,22.138990685999943,138.36869178749964,0.6,results/final_2026-05-12/scheme_c_holdout/configs/scenario_stress_holdoutfit.yaml
160.0,140.43273380417065,0.03417851651685503,0.03417851651685503,0.1125,0.1125,0.1125,0.6785578087243256,0.3214421912756744,0.8777045862760666,0.7956732040606,0.7884371076442906,-1.026676641785736,0.10625,0.89375,1.0,1.0,1.0,1.0,0.85,0.4125,0.5875,security_risk,63,21.346321257,133.41450785625,0.6,results/final_2026-05-12/scheme_c_holdout/configs/scenario_stress_holdoutfit.yaml
160.0,143.47047678584937,0.03618739454505101,0.03618739454505101,0.11875,0.10625,0.11875,0.6816162844601408,0.3183837155398593,0.8966904799115586,0.7926025557231446,0.7901141195021915,-1.0231775603937685,0.10625,0.89375,1.0,1.0,1.0,1.0,0.9125,0.38125,0.61875,security_risk,64,21.21489756300025,132.59310976875156,0.6,results/final_2026-05-12/scheme_c_holdout/configs/scenario_stress_holdoutfit.yaml
160.0,135.33855471584457,0.03475225196293282,0.03475225196293282,0.11875,0.10625,0.11875,0.6663066577993474,0.33369334220065255,0.8458659669740285,0.9599429325369477,0.9553185673704041,-0.8681080861469525,0.1375,0.8625,1.0,1.0,1.0,1.0,0.89375,0.4375,0.5625,security_risk,65,22.192625760999817,138.70391100624886,0.6,results/final_2026-05-12/scheme_c_holdout/configs/scenario_stress_holdoutfit.yaml
160.0,134.3350319005651,0.037143212392009774,0.037143212392009774,0.11875,0.10625,0.11875,0.6662363507958226,0.3337636492041775,0.8395939493785318,0.9492520789259137,0.9464329040282949,-0.9126181052285777,0.11875,0.88125,1.0,1.0,1.0,1.0,0.90625,0.4375,0.5625,security_risk,66,21.602208211999823,135.0138013249989,0.6,results/final_2026-05-12/scheme_c_holdout/configs/scenario_stress_holdoutfit.yaml
160.0,140.6679377809639,0.03440284859883562,0.03440284859883562,0.1125,0.1125,0.1125,0.6794997949394312,0.3205002050605688,0.8791746111310245,0.7723327593219521,0.7702296887798379,-1.0421435393829444,0.125,0.875,1.0,1.0,1.0,1.0,0.9125,0.34375,0.65625,security_risk,67,22.166932066999834,138.54332541874896,0.6,results/final_2026-05-12/scheme_c_holdout/configs/scenario_stress_holdoutfit.yaml
160.0,138.90927710600582,0.03834703142153669,0.03834703142153669,0.125,0.1125,0.125,0.6655651086080064,0.33443489139199345,0.8681829819125364,0.9492308533111281,0.9421319396369026,-0.8691260692722066,0.15625,0.84375,1.0,1.0,1.0,1.0,0.8375,0.41875,0.58125,security_risk,68,22.837247361999744,142.7327960124984,0.6,results/final_2026-05-12/scheme_c_holdout/configs/scenario_stress_holdoutfit.yaml
160.0,133.71342753121385,0.035819260744356214,0.035819260744356214,0.11875,0.10625,0.11875,0.6728431051620214,0.32715689483797855,0.8357089220700866,0.853887771577513,0.8472278877125567,-0.9965034000854294,0.1,0.9,1.0,1.0,1.0,1.0,0.8625,0.425,0.575,security_risk,69,22.160940324999956,138.50587703124972,0.6,results/final_2026-05-12/scheme_c_holdout/configs/scenario_stress_holdoutfit.yaml
160.0,149.42719084682057,0.037493458915737854,0.037493458915737854,0.125,0.10625,0.125,0.6866366178690052,0.3133633821309947,0.9339199427926286,0.7374098446491252,0.7330505583020931,-1.0181362064837498,0.06875,0.93125,1.0,1.0,1.0,1.0,0.875,0.3125,0.6875,security_risk,70,23.850024622999626,149.06265389374767,0.6,results/final_2026-05-12/scheme_c_holdout/configs/scenario_stress_holdoutfit.yaml
160.0,130.89510114172217,0.036632967277435716,0.036632967277435716,0.11875,0.10625,0.11875,0.668567584555947,0.331432415444053,0.8180943821357636,0.92185623151789,0.9182463931453233,-0.9569276851729646,0.11875,0.88125,1.0,1.0,1.0,1.0,0.86875,0.44375,0.55625,security_risk,71,22.36997100500048,139.812318781253,0.6,results/final_2026-05-12/scheme_c_holdout/configs/scenario_stress_holdoutfit.yaml
160.0,137.69085719149075,0.03344789281516262,0.03344789281516262,0.1125,0.1125,0.1125,0.6811239801806297,0.31887601981937025,0.8605678574468172,0.7931724686595344,0.790959909699186,-1.0264503292306937,0.13125,0.86875,1.0,1.0,1.0,1.0,0.91875,0.35625,0.64375,security_risk,72,23.059690785000384,144.1230674062524,0.6,results/final_2026-05-12/scheme_c_holdout/configs/scenario_stress_holdoutfit.yaml
160.0,133.89260405635295,0.0370616508771497,0.0370616508771497,0.125,0.11875,0.125,0.671734713020412,0.328265286979588,0.8368287753522059,0.9573285793524601,0.9545142786529925,-0.8540855115759763,0.15,0.85,1.0,1.0,1.0,1.0,0.89375,0.4375,0.5625,security_risk,73,22.576592436000283,141.10370272500177,0.6,results/final_2026-05-12/scheme_c_holdout/configs/scenario_stress_holdoutfit.yaml
160.0,136.51980584524085,0.034177039663485495,0.034177039663485495,0.1125,0.10625,0.1125,0.6679207806728525,0.33207921932714746,0.8532487865327554,0.9202446511378275,0.9173586966075753,-0.9175388844647188,0.1125,0.8875,1.0,1.0,1.0,1.0,0.9,0.41875,0.58125,security_risk,74,22.673091088000547,141.70681930000342,0.6,results/final_2026-05-12/scheme_c_holdout/configs/scenario_stress_holdoutfit.yaml
160.0,136.5789232542656,0.03563230064289515,0.03563230064289515,0.11875,0.1125,0.11875,0.6854451671005309,0.3145548328994691,0.8536182703391599,0.7579693123422582,0.752499064047836,-1.0543354566423997,0.0625,0.9375,1.0,1.0,1.0,1.0,0.8625,0.3875,0.6125,security_risk,75,22.658859926999867,141.61787454374917,0.6,results/final_2026-05-12/scheme_c_holdout/configs/scenario_stress_holdoutfit.yaml
160.0,141.2877584021212,0.03369999431920314,0.03369999431920314,0.1125,0.10625,0.1125,0.6802454796501072,0.31975452034989277,0.8830484900132575,0.8079264628155001,0.8030519903554698,-0.9909258525804965,0.1,0.9,1.0,1.0,1.0,1.0,0.88125,0.3625,0.6375,security_risk,76,23.24977398899955,145.3110874312472,0.6,results/final_2026-05-12/scheme_c_holdout/configs/scenario_stress_holdoutfit.yaml
160.0,148.73835870530252,0.035862955123714846,0.035862955123714846,0.11875,0.1125,0.11875,0.6974820833364023,0.30251791666359773,0.9296147419081408,0.6238685105679919,0.6205166859288398,-1.1108793750160963,0.05,0.95,1.0,1.0,1.0,1.0,0.86875,0.3,0.7,security_risk,77,23.886348447000273,149.2896777937517,0.6,results/final_2026-05-12/scheme_c_holdout/configs/scenario_stress_holdoutfit.yaml
160.0,140.495081868893,0.03719925923058216,0.03719925923058216,0.125,0.1125,0.125,0.6719360361065545,0.32806396389344555,0.8780942616805814,0.9138153956989749,0.9028357400213889,-0.9088895155311933,0.14375,0.85625,1.0,1.0,1.0,1.0,0.83125,0.43125,0.56875,security_risk,78,22.431202546999884,140.19501591874928,0.6,results/final_2026-05-12/scheme_c_holdout/configs/scenario_stress_holdoutfit.yaml
160.0,136.57770836538023,0.03652867957656465,0.03652867957656465,0.11875,0.1125,0.11875,0.6713609165557146,0.3286390834442853,0.8536106772836265,0.9248167139188446,0.9225031020416014,-0.8764962976637183,0.16875,0.83125,1.0,1.0,1.0,1.0,0.8875,0.4125,0.5875,security_risk,79,23.939465436999853,149.62165898124908,0.6,results/final_2026-05-12/scheme_c_holdout/configs/scenario_stress_holdoutfit.yaml
160.0,138.997783768222,0.036792927593442826,0.036792927593442826,0.11875,0.10625,0.11875,0.6750040220049726,0.32499597799502744,0.8687361485513876,0.8331692699164741,0.8318669134258151,-1.0242680156946586,0.09375,0.90625,1.0,1.0,1.0,1.0,0.91875,0.39375,0.60625,security_risk,80,22.400936228999853,140.00585143124908,0.6,results/final_2026-05-12/scheme_c_holdout/configs/scenario_stress_holdoutfit.yaml
160.0,148.57232730752884,0.03685348930125911,0.03685348930125911,0.11875,0.10625,0.11875,0.6870742754094902,0.3129257245905098,0.9285770456720552,0.608946433374195,0.6015012112539091,-1.1565596155959603,0.0625,0.9375,1.0,1.0,1.0,1.0,0.8625,0.2625,0.7375,security_risk,81,22.68042074099958,141.75262963124737,0.6,results/final_2026-05-12/scheme_c_holdout/configs/scenario_stress_holdoutfit.yaml
160.0,161.9557384034253,0.11875,0.11875,0.11875,0.11875,0.11875,0.6983840682061057,0.30161593179389434,1.012223365021408,0.6991284799134216,0.6905002483242836,-2.0586621523755646,0.0875,0.9125,1.0,1.0,1.0,1.0,0.86875,0.2875,0.7125,periodic,62,22.43185840300066,140.19911501875413,0.9,results/final_2026-05-12/scheme_c_holdout/configs/scenario_stress_holdoutfit.yaml
160.0,155.91982410794938,0.11875,0.11875,0.11875,0.1125,0.11875,0.6688116905510277,0.3311883094489722,0.9744989006746836,0.9049300276025954,0.8972867727482603,-1.9097878783933004,0.10625,0.89375,1.0,1.0,1.0,1.0,0.80625,0.3625,0.6375,periodic,63,22.903471438999986,143.14669649374991,0.9,results/final_2026-05-12/scheme_c_holdout/configs/scenario_stress_holdoutfit.yaml
160.0,168.51420770296147,0.11875,0.11875,0.11875,0.1125,0.11875,0.7212219394426392,0.2787780605573609,1.0532137981435092,0.48974467630737734,0.4827094223893667,-2.021394222201637,0.08125,0.91875,1.0,1.0,1.0,1.0,0.80625,0.3625,0.6375,periodic,64,22.67321630100014,141.70760188125087,0.9,results/final_2026-05-12/scheme_c_holdout/configs/scenario_stress_holdoutfit.yaml
160.0,151.36488636190757,0.11875,0.11875,0.11875,0.1,0.11875,0.6511087659640976,0.34889123403590244,0.9460305397619223,0.9346101042695114,0.9269025635901069,-2.0313224870701836,0.0875,0.9125,1.0,1.0,1.0,1.0,0.83125,0.375,0.625,periodic,65,22.725482882000506,142.03426801250316,0.9,results/final_2026-05-12/scheme_c_holdout/configs/scenario_stress_holdoutfit.yaml
160.0,162.00008754501653,0.11875,0.11875,0.11875,0.1125,0.11875,0.687525047223042,0.31247495277695797,1.0125005471563533,0.7142368694837794,0.704233775791725,-2.101568231587398,0.0875,0.9125,1.0,1.0,1.0,1.0,0.80625,0.29375,0.70625,periodic,66,22.956248360000245,143.47655225000153,0.9,results/final_2026-05-12/scheme_c_holdout/configs/scenario_stress_holdoutfit.yaml
160.0,154.97639915802284,0.11875,0.11875,0.11875,0.1125,0.11875,0.6739488094302978,0.3260511905697022,0.9686024947376428,0.859035736566705,0.8446251480046325,-1.9682535106918742,0.0625,0.9375,1.0,1.0,1.0,1.0,0.78125,0.3,0.7,periodic,67,22.86042395899949,142.87764974374682,0.9,results/final_2026-05-12/scheme_c_holdout/configs/scenario_stress_holdoutfit.yaml
160.0,161.01288829617337,0.11875,0.11875,0.11875,0.10625,0.11875,0.6799328490636446,0.3200671509363554,1.0063305518510837,0.7022282386263137,0.6963529984376453,-2.1538204293478254,0.0875,0.9125,1.0,1.0,1.0,1.0,0.8125,0.35625,0.64375,periodic,68,23.279991768999935,145.4999485562496,0.9,results/final_2026-05-12/scheme_c_holdout/configs/scenario_stress_holdoutfit.yaml
160.0,157.4861637193087,0.11875,0.11875,0.11875,0.10625,0.11875,0.686582116161261,0.31341788383873903,0.9842885232456794,0.7089297702140691,0.7028718603471084,-2.1881717703950074,0.0625,0.9375,1.0,1.0,1.0,1.0,0.84375,0.3125,0.6875,periodic,69,22.72630797399961,142.03942483749756,0.9,results/final_2026-05-12/scheme_c_holdout/configs/scenario_stress_holdoutfit.yaml
160.0,136.90443370595398,0.11875,0.11875,0.11875,0.09375,0.11875,0.6263021080757476,0.3736978919242525,0.8556527106622124,1.0535785274365612,1.043746209420704,-2.2167960905150004,0.0875,0.9125,1.0,1.0,1.0,1.0,0.8,0.48125,0.51875,periodic,70,23.03593775399986,143.97461096249913,0.9,results/final_2026-05-12/scheme_c_holdout/configs/scenario_stress_holdoutfit.yaml
160.0,141.62372735100385,0.11875,0.11875,0.11875,0.1,0.11875,0.6268098923824202,0.3731901076175797,0.8851482959437741,1.0474352538883458,1.0406305480476379,-2.1088715507108406,0.08125,0.91875,1.0,1.0,1.0,1.0,0.80625,0.41875,0.58125,periodic,71,22.154964321999614,138.4685270124976,0.9,results/final_2026-05-12/scheme_c_holdout/configs/scenario_stress_holdoutfit.yaml
160.0,166.27471913135946,0.11875,0.11875,0.11875,0.10625,0.11875,0.7073428027661496,0.2926571972338503,1.0392169945709966,0.5169519290128228,0.5104114366404638,-2.02801259549857,0.05625,0.94375,1.0,1.0,1.0,1.0,0.8625,0.3375,0.6625,periodic,72,22.345484919999762,139.65928074999852,0.9,results/final_2026-05-12/scheme_c_holdout/configs/scenario_stress_holdoutfit.yaml
160.0,146.9659968229323,0.11875,0.11875,0.11875,0.10625,0.11875,0.6927797301556409,0.3072202698443592,0.9185374801433269,0.6132791801250399,0.6042620354395375,-2.3801292991576344,0.08125,0.91875,1.0,1.0,1.0,1.0,0.7875,0.35,0.65,periodic,73,22.81173869400027,142.57336683750168,0.9,results/final_2026-05-12/scheme_c_holdout/configs/scenario_stress_holdoutfit.yaml
160.0,163.30084302591877,0.11875,0.11875,0.11875,0.1125,0.11875,0.6852865865163946,0.31471341348360526,1.0206302689119924,0.7341730185979225,0.7238316571249916,-1.987317611987288,0.0875,0.9125,1.0,1.0,1.0,1.0,0.81875,0.34375,0.65625,periodic,74,22.462879083999724,140.39299427499827,0.9,results/final_2026-05-12/scheme_c_holdout/configs/scenario_stress_holdoutfit.yaml
160.0,137.13490004698966,0.11875,0.11875,0.11875,0.1,0.11875,0.6303009158548305,0.36969908414516944,0.8570931252936853,1.0212795412166318,1.012424469180496,-2.2335420933407213,0.08125,0.91875,1.0,1.0,1.0,1.0,0.7875,0.44375,0.55625,periodic,75,22.56022294000013,141.00139337500082,0.9,results/final_2026-05-12/scheme_c_holdout/configs/scenario_stress_holdoutfit.yaml
160.0,163.0248388588028,0.11875,0.11875,0.11875,0.10625,0.11875,0.6860611626329749,0.31393883736702516,1.0189052428675176,0.7168163468773392,0.7142379030509107,-1.9892679942413736,0.09375,0.90625,1.0,1.0,1.0,1.0,0.8625,0.34375,0.65625,periodic,76,22.389312663000055,139.93320414375034,0.9,results/final_2026-05-12/scheme_c_holdout/configs/scenario_stress_holdoutfit.yaml
160.0,159.06764611811715,0.11875,0.11875,0.11875,0.1125,0.11875,0.6783795797453511,0.3216204202546488,0.9941727882382322,0.7608860182979694,0.7518379911268778,-2.0150800524330252,0.08125,0.91875,1.0,1.0,1.0,1.0,0.825,0.33125,0.66875,periodic,77,21.786724131000483,136.16702581875302,0.9,results/final_2026-05-12/scheme_c_holdout/configs/scenario_stress_holdoutfit.yaml
160.0,167.31043821260278,0.11875,0.11875,0.11875,0.11875,0.11875,0.697449906912572,0.302550093087428,1.0456902388287674,0.703138876663213,0.6943534607035342,-1.91522996575737,0.10625,0.89375,1.0,1.0,1.0,1.0,0.83125,0.30625,0.69375,periodic,78,22.236717009999666,138.9794813124979,0.9,results/final_2026-05-12/scheme_c_holdout/configs/scenario_stress_holdoutfit.yaml
160.0,162.7784998639736,0.11875,0.11875,0.11875,0.1125,0.11875,0.6928179323671201,0.3071820676328798,1.017365624149835,0.6576384835231657,0.6485474955977809,-2.0282232494211634,0.0875,0.9125,1.0,1.0,1.0,1.0,0.7875,0.325,0.675,periodic,79,23.6017455479996,147.5109096749975,0.9,results/final_2026-05-12/scheme_c_holdout/configs/scenario_stress_holdoutfit.yaml
160.0,158.093848535814,0.11875,0.11875,0.11875,0.1125,0.11875,0.6729883330661095,0.32701166693389055,0.9880865533488375,0.8397383424586853,0.8260952668641833,-1.8744836825765865,0.08125,0.91875,1.0,1.0,1.0,1.0,0.775,0.3375,0.6625,periodic,80,22.7162438689993,141.97652418124562,0.9,results/final_2026-05-12/scheme_c_holdout/configs/scenario_stress_holdoutfit.yaml
160.0,152.53058539326796,0.11875,0.11875,0.11875,0.1125,0.11875,0.6671753591755512,0.33282464082444896,0.9533161587079247,0.908667735540714,0.9025804661754696,-2.00567704231641,0.0875,0.9125,1.0,1.0,1.0,1.0,0.84375,0.3375,0.6625,periodic,81,22.20956516899969,138.80978230624805,0.9,results/final_2026-05-12/scheme_c_holdout/configs/scenario_stress_holdoutfit.yaml
160.0,198.0762314922862,0.1109375,0.1109375,0.44375,0.40625,0.44375,0.9323308553184695,0.06766914468153043,1.2379764468267889,0.11589995537550672,0.10841311170612619,-0.3889794101460208,0.10625,0.89375,1.0,1.0,1.0,1.0,0.9,0.0375,0.9625,rollout_joint,62,300.6821309950001,1879.2633187187505,0.9,results/final_2026-05-12/scheme_c_holdout/configs/scenario_stress_holdoutfit.yaml
160.0,202.13656630888732,0.109375,0.109375,0.4375,0.3875,0.4375,0.9328314992722966,0.06716850072770339,1.2633535394305457,0.10429233321611173,0.0963719952891724,-0.3854161602301918,0.1125,0.8875,1.0,1.0,1.0,1.0,0.85625,0.0125,0.9875,rollout_joint,63,302.8446256650004,1892.7789104062526,0.9,results/final_2026-05-12/scheme_c_holdout/configs/scenario_stress_holdoutfit.yaml
160.0,200.90939154187015,0.1078125,0.1078125,0.43125,0.41875,0.43125,0.9348956515776813,0.06510434842231869,1.2556836971366885,0.10780244089003918,0.10112746065943487,-0.36859641821657674,0.1125,0.8875,1.0,1.0,1.0,1.0,0.89375,0.01875,0.98125,rollout_joint,64,290.0550193910003,1812.843871193752,0.9,results/final_2026-05-12/scheme_c_holdout/configs/scenario_stress_holdoutfit.yaml
160.0,203.20459378006203,0.1078125,0.1078125,0.43125,0.4,0.43125,0.9345706616510018,0.06542933834899824,1.2700287111253876,0.10272390342180764,0.09366294497158592,-0.37093136197788223,0.11875,0.88125,1.0,1.0,1.0,1.0,0.86875,0.0125,0.9875,rollout_joint,65,299.9249405219998,1874.530878262499,0.9,results/final_2026-05-12/scheme_c_holdout/configs/scenario_stress_holdoutfit.yaml
160.0,199.8211878249523,0.10625,0.10625,0.425,0.41875,0.425,0.9357077946713105,0.06429220532868951,1.2488824239059517,0.10495542261005839,0.09769250166945538,-0.3811662801865949,0.09375,0.90625,1.0,1.0,1.0,1.0,0.8875,0.0,1.0,rollout_joint,66,287.5240019290004,1797.0250120562528,0.9,results/final_2026-05-12/scheme_c_holdout/configs/scenario_stress_holdoutfit.yaml
160.0,198.14805007120253,0.109375,0.109375,0.4375,0.4,0.4375,0.9326024302221814,0.06739756977781855,1.2384253129450158,0.11108000219726485,0.10164767779417247,-0.3984660951397855,0.09375,0.90625,1.0,1.0,1.0,1.0,0.875,0.01875,0.98125,rollout_joint,67,294.51102355999956,1840.693897249997,0.9,results/final_2026-05-12/scheme_c_holdout/configs/scenario_stress_holdoutfit.yaml
160.0,200.18182114388605,0.1109375,0.1109375,0.44375,0.39375,0.44375,0.9319182779492797,0.06808172205072026,1.2511363821492878,0.10466909631568197,0.09740111877742103,-0.39778787760439227,0.11875,0.88125,1.0,1.0,1.0,1.0,0.89375,0.00625,0.99375,rollout_joint,68,300.84351166000033,1880.2719478750018,0.9,results/final_2026-05-12/scheme_c_holdout/configs/scenario_stress_holdoutfit.yaml
160.0,200.0901360700426,0.1109375,0.1109375,0.44375,0.39375,0.44375,0.9300386238565785,0.06996137614342154,1.2505633504377662,0.11452390735722591,0.10583098548644403,-0.3954692353135557,0.1125,0.8875,1.0,1.0,1.0,1.0,0.86875,0.00625,0.99375,rollout_joint,69,297.00337912299983,1856.271119518749,0.9,results/final_2026-05-12/scheme_c_holdout/configs/scenario_stress_holdoutfit.yaml
160.0,201.50499065093237,0.1078125,0.1078125,0.43125,0.40625,0.43125,0.9361293301886071,0.06387066981139265,1.2594061915683272,0.09993170662847377,0.095724421766859,-0.3825745187343069,0.10625,0.89375,1.0,1.0,1.0,1.0,0.89375,0.0125,0.9875,rollout_joint,70,293.85974170899954,1836.6233856812473,0.9,results/final_2026-05-12/scheme_c_holdout/configs/scenario_stress_holdoutfit.yaml
160.0,199.30361739983275,0.1078125,0.1078125,0.43125,0.40625,0.43125,0.9334367476984158,0.06656325230158425,1.2456476087489547,0.11024806942003658,0.09955990200204522,-0.3882999772003977,0.1,0.9,1.0,1.0,1.0,1.0,0.85625,0.0125,0.9875,rollout_joint,71,293.5222372039998,1834.5139825249985,0.9,results/final_2026-05-12/scheme_c_holdout/configs/scenario_stress_holdoutfit.yaml
160.0,200.1801903209572,0.109375,0.109375,0.4375,0.4,0.4375,0.9350867599818635,0.06491324001813659,1.2511261895059824,0.10239695705747734,0.09485820196207667,-0.38989557912042994,0.1,0.9,1.0,1.0,1.0,1.0,0.9,0.0125,0.9875,rollout_joint,72,291.3126822909999,1820.7042643187492,0.9,results/final_2026-05-12/scheme_c_holdout/configs/scenario_stress_holdoutfit.yaml
160.0,198.7141694991418,0.10625,0.10625,0.425,0.4125,0.425,0.937304015473655,0.06269598452634485,1.2419635593696363,0.0991584544456042,0.09182828697177672,-0.3913818320307211,0.1,0.9,1.0,1.0,1.0,1.0,0.8875,0.01875,0.98125,rollout_joint,73,291.3631432689999,1821.0196454312495,0.9,results/final_2026-05-12/scheme_c_holdout/configs/scenario_stress_holdoutfit.yaml
160.0,201.36980222835558,0.10625,0.10625,0.425,0.4125,0.425,0.9377438636690931,0.062256136330906806,1.2585612639272223,0.09783490425158947,0.08971109873662499,-0.3745839843418669,0.10625,0.89375,1.0,1.0,1.0,1.0,0.875,0.00625,0.99375,rollout_joint,74,296.2776840610004,1851.7355253812525,0.9,results/final_2026-05-12/scheme_c_holdout/configs/scenario_stress_holdoutfit.yaml
160.0,201.92834646333574,0.109375,0.109375,0.4375,0.3875,0.4375,0.9351183018527497,0.06488169814725038,1.2620521653958483,0.09658868641685521,0.08679333806591916,-0.39226944518530066,0.10625,0.89375,1.0,1.0,1.0,1.0,0.86875,0.0125,0.9875,rollout_joint,75,292.7902388910006,1829.938993068754,0.9,results/final_2026-05-12/scheme_c_holdout/configs/scenario_stress_holdoutfit.yaml
160.0,200.666929221752,0.1078125,0.1078125,0.43125,0.40625,0.43125,0.9323468692218478,0.06765313077815212,1.25416830763595,0.11252313495398195,0.1042842347485852,-0.3797741123074279,0.10625,0.89375,1.0,1.0,1.0,1.0,0.88125,0.025,0.975,rollout_joint,76,290.10539980199974,1813.1587487624984,0.9,results/final_2026-05-12/scheme_c_holdout/configs/scenario_stress_holdoutfit.yaml
160.0,200.72589628116427,0.109375,0.109375,0.4375,0.39375,0.4375,0.9327925018037959,0.0672074981962041,1.2545368517572766,0.10893199263993333,0.0999809632850319,-0.3885673869171311,0.1125,0.8875,1.0,1.0,1.0,1.0,0.8875,0.0125,0.9875,rollout_joint,77,295.9526756560008,1849.704222850005,0.9,results/final_2026-05-12/scheme_c_holdout/configs/scenario_stress_holdoutfit.yaml
160.0,202.62312620192654,0.1046875,0.1046875,0.41875,0.4,0.41875,0.9357985392814155,0.06420146071858449,1.2663945387620408,0.10394657896515394,0.0991434032650265,-0.3687038756902327,0.125,0.875,1.0,1.0,1.0,1.0,0.91875,0.01875,0.98125,rollout_joint,78,298.7178112009997,1866.9863200062478,0.9,results/final_2026-05-12/scheme_c_holdout/configs/scenario_stress_holdoutfit.yaml
160.0,201.47907467371715,0.1109375,0.1109375,0.44375,0.375,0.44375,0.9336591558421204,0.06634084415787962,1.2592442167107323,0.09290306709724312,0.08668255903807034,-0.40717711186128913,0.1125,0.8875,1.0,1.0,1.0,1.0,0.88125,0.0,1.0,rollout_joint,79,301.14155677600047,1882.134729850003,0.9,results/final_2026-05-12/scheme_c_holdout/configs/scenario_stress_holdoutfit.yaml
160.0,200.2683961627452,0.1078125,0.1078125,0.43125,0.40625,0.43125,0.9355989181903329,0.064401081809667,1.2516774760171576,0.1044935780551887,0.09774778732785501,-0.3815365978080643,0.10625,0.89375,1.0,1.0,1.0,1.0,0.90625,0.00625,0.99375,rollout_joint,80,293.3388169710006,1833.3676060687535,0.9,results/final_2026-05-12/scheme_c_holdout/configs/scenario_stress_holdoutfit.yaml
160.0,199.95224003584184,0.1109375,0.1109375,0.44375,0.3875,0.44375,0.9338234492489061,0.06617655075109391,1.2497015002240115,0.10504806541135195,0.09853085743508025,-0.395931838329326,0.13125,0.86875,1.0,1.0,1.0,1.0,0.8625,0.03125,0.96875,rollout_joint,81,293.19903161300044,1832.4939475812528,0.9,results/final_2026-05-12/scheme_c_holdout/configs/scenario_stress_holdoutfit.yaml
160.0,86.5480000931381,0.11875,0.11875,0.2,0.16875,0.2,0.3302862654273064,0.6697137345726937,0.5409250005821131,2.126919138989898,2.116215919384439,-11.402299690413246,0.08125,0.91875,1.0,1.0,1.0,1.0,0.9,0.70625,0.29375,security_margin,62,22.99463983699934,143.71649898124588,0.9,results/final_2026-05-12/scheme_c_holdout/configs/scenario_stress_holdoutfit.yaml
160.0,86.60251046807497,0.11807602955021002,0.11807602955021002,0.2,0.15625,0.2,0.33724504819226947,0.6627549518077305,0.5412656904254686,2.248593130624165,2.2375178834345384,-11.90337297397176,0.1,0.9,0.99375,0.99375,0.99375,0.99375,0.90625,0.66875,0.33125,security_margin,63,21.89106713199999,136.81916957499993,0.9,results/final_2026-05-12/scheme_c_holdout/configs/scenario_stress_holdoutfit.yaml
160.0,98.64004885037251,0.11849878830529911,0.11849878830529911,0.19375,0.175,0.19375,0.3558173233482207,0.6441826766517792,0.6165003053148281,1.9963495943556224,1.9845695540292503,-11.755883515124983,0.10625,0.89375,1.0,1.0,1.0,1.0,0.89375,0.6875,0.3125,security_margin,64,22.62344973100062,141.39656081875387,0.9,results/final_2026-05-12/scheme_c_holdout/configs/scenario_stress_holdoutfit.yaml
160.0,106.68539696794905,0.11875000000000002,0.11875000000000002,0.19375,0.175,0.19375,0.38370647067247216,0.6162935293275279,0.6667837310496816,1.6841165946042493,1.6762148194651558,-11.079565612639854,0.1,0.9,1.0,1.0,1.0,1.0,0.8625,0.71875,0.28125,security_margin,65,22.89614943700053,143.10093398125332,0.9,results/final_2026-05-12/scheme_c_holdout/configs/scenario_stress_holdoutfit.yaml
160.0,84.71160619120117,0.1184727964110082,0.1184727964110082,0.2125,0.2,0.2125,0.3509561868819492,0.6490438131180508,0.5294475386950073,2.237498951842712,2.230138725188021,-12.342010298498922,0.1,0.9,0.975,0.975,0.975,0.975,0.9125,0.69375,0.30625,security_margin,66,22.48542344999987,140.5338965624992,0.9,results/final_2026-05-12/scheme_c_holdout/configs/scenario_stress_holdoutfit.yaml
160.0,79.89342540734546,0.11875,0.11875,0.2,0.16875,0.2,0.32754596968231847,0.6724540303176816,0.4993339087959091,2.2744657552251475,2.2640953080588107,-12.723507194340211,0.0875,0.9125,1.0,1.0,1.0,1.0,0.89375,0.6875,0.3125,security_margin,67,22.508217571000387,140.67635981875242,0.9,results/final_2026-05-12/scheme_c_holdout/configs/scenario_stress_holdoutfit.yaml
160.0,86.10832921230806,0.11875,0.11875,0.1875,0.1625,0.1875,0.3306389881230711,0.6693610118769289,0.5381770575769254,2.2622615030152096,2.2592674096235186,-12.001676081746734,0.10625,0.89375,1.0,1.0,1.0,1.0,0.91875,0.6875,0.3125,security_margin,68,22.448960957000054,140.30600598125034,0.9,results/final_2026-05-12/scheme_c_holdout/configs/scenario_stress_holdoutfit.yaml
160.0,84.73755681577677,0.11875,0.11875,0.19375,0.175,0.19375,0.3334760185052515,0.6665239814947486,0.5296097300986048,2.2236261925738505,2.2128482681589423,-12.514186761199648,0.1,0.9,0.9875,0.9875,0.9875,0.9875,0.86875,0.66875,0.33125,security_margin,69,22.782370979000007,142.38981861875004,0.9,results/final_2026-05-12/scheme_c_holdout/configs/scenario_stress_holdoutfit.yaml
160.0,83.37814738705424,0.11875,0.11875,0.2125,0.2,0.2125,0.3424518131786063,0.6575481868213938,0.521113421169089,2.2109574316642653,2.2042311764489755,-11.238379880579478,0.09375,0.90625,1.0,1.0,1.0,1.0,0.925,0.7125,0.2875,security_margin,70,22.971044420999533,143.56902763124708,0.9,results/final_2026-05-12/scheme_c_holdout/configs/scenario_stress_holdoutfit.yaml
160.0,117.26271463680817,0.11875,0.11875,0.2,0.1875,0.2,0.3911895390008623,0.6088104609991378,0.7328919664800511,1.6178019009676003,1.604014352889934,-11.601000077945432,0.09375,0.90625,1.0,1.0,1.0,1.0,0.8875,0.70625,0.29375,security_margin,71,21.87622808800006,136.72642555000039,0.9,results/final_2026-05-12/scheme_c_holdout/configs/scenario_stress_holdoutfit.yaml
160.0,111.94621976141221,0.11752875290998124,0.11752875290998124,0.20625,0.19375,0.20625,0.38938444175725606,0.6106155582427439,0.6996638735088263,1.662842582011669,1.655844822347048,-12.484241957164372,0.0875,0.9125,0.96875,0.96875,0.96875,0.96875,0.9,0.71875,0.28125,security_margin,72,23.319339253999715,145.74587033749822,0.9,results/final_2026-05-12/scheme_c_holdout/configs/scenario_stress_holdoutfit.yaml
160.0,114.99767518656628,0.1174794671973914,0.1174794671973914,0.19375,0.18125,0.19375,0.3856480570803917,0.6143519429196083,0.7187354699160393,1.657638832472354,1.6485784868539504,-12.823966569648553,0.09375,0.90625,0.98125,0.98125,0.98125,0.98125,0.9,0.7125,0.2875,security_margin,73,22.351452194000558,139.6965762125035,0.9,results/final_2026-05-12/scheme_c_holdout/configs/scenario_stress_holdoutfit.yaml
160.0,83.94627214967923,0.11875,0.11875,0.20625,0.19375,0.20625,0.3423629313055019,0.6576370686944981,0.5246642009354952,2.2666858424503493,2.2597531890061733,-13.322291376909714,0.1,0.9,0.95625,0.95625,0.95625,0.95625,0.9125,0.7,0.3,security_margin,74,22.494947094000054,140.59341933750034,0.9,results/final_2026-05-12/scheme_c_holdout/configs/scenario_stress_holdoutfit.yaml
160.0,114.12661624137775,0.1181379269959519,0.1181379269959519,0.19375,0.16875,0.19375,0.39146129441410843,0.6085387055858915,0.7132913515086109,1.64512614445911,1.6364447872619525,-10.421348531276461,0.1,0.9,1.0,1.0,1.0,1.0,0.88125,0.71875,0.28125,security_margin,75,22.691784269999516,141.82365168749698,0.9,results/final_2026-05-12/scheme_c_holdout/configs/scenario_stress_holdoutfit.yaml
160.0,123.09573258549388,0.11875,0.11875,0.2125,0.20625,0.2125,0.40641576856941103,0.593584231430589,0.7693483286593368,1.593826259010366,1.5829388750312248,-11.366198413968021,0.10625,0.89375,0.96875,0.96875,0.96875,0.96875,0.8875,0.7,0.3,security_margin,76,23.362890964000144,146.0180685250009,0.9,results/final_2026-05-12/scheme_c_holdout/configs/scenario_stress_holdoutfit.yaml
160.0,92.37075596158107,0.11874999999999998,0.11874999999999998,0.20625,0.19375,0.20625,0.3495951007216981,0.6504048992783019,0.5773172247598817,2.059425344201037,2.052691894141544,-9.998833275495901,0.1,0.9,1.0,1.0,1.0,1.0,0.91875,0.7125,0.2875,security_margin,77,23.00839439900028,143.80246499375176,0.9,results/final_2026-05-12/scheme_c_holdout/configs/scenario_stress_holdoutfit.yaml
160.0,124.72571719800005,0.11874999999999998,0.11874999999999998,0.20625,0.20625,0.20625,0.40870809843482114,0.5912919015651789,0.7795357324875003,1.596037024394748,1.5892166572593687,-12.232490158291512,0.1125,0.8875,0.9625,0.9625,0.9625,0.9625,0.89375,0.7,0.3,security_margin,78,22.517538182999488,140.7346136437468,0.9,results/final_2026-05-12/scheme_c_holdout/configs/scenario_stress_holdoutfit.yaml
160.0,86.97993643380642,0.11790457714669053,0.11790457714669053,0.2,0.18125,0.2,0.3375587616491677,0.6624412383508324,0.5436246027112901,2.2020711032131546,2.1954514400074343,-11.622590334990143,0.1,0.9,1.0,1.0,1.0,1.0,0.9,0.675,0.325,security_margin,79,21.91461917400011,136.96636983750068,0.9,results/final_2026-05-12/scheme_c_holdout/configs/scenario_stress_holdoutfit.yaml
160.0,85.8353859392959,0.11875,0.11875,0.20625,0.18125,0.20625,0.34147493745070423,0.6585250625492958,0.5364711621205994,2.2390673911807575,2.2333552943971133,-11.740346670290995,0.1,0.9,0.9875,0.9875,0.9875,0.9875,0.9,0.6625,0.3375,security_margin,80,23.813544610000463,148.8346538125029,0.9,results/final_2026-05-12/scheme_c_holdout/configs/scenario_stress_holdoutfit.yaml
160.0,85.48118893105806,0.11867007550928665,0.11867007550928665,0.20625,0.1875,0.20625,0.3485782722768688,0.6514217277231312,0.5342574308191128,2.190979917352924,2.1805814994207333,-11.47790830230596,0.1,0.9,1.0,1.0,1.0,1.0,0.86875,0.7,0.3,security_margin,81,22.918871389999367,143.24294618749605,0.9,results/final_2026-05-12/scheme_c_holdout/configs/scenario_stress_holdoutfit.yaml
160.0,131.87463269883108,0.03435153595956644,0.03435153595956644,0.1125,0.1125,0.1125,0.6746454790166213,0.3253545209833786,0.8242164543676942,0.9121577061340211,0.9113658233524969,-1.2212445437210433,0.0375,0.9625,1.0,1.0,1.0,1.0,0.95,0.6,0.4,security_risk,62,22.459651625000333,140.37282265625208,0.9,results/final_2026-05-12/scheme_c_holdout/configs/scenario_stress_holdoutfit.yaml
160.0,142.75225482476847,0.03521156727691975,0.03521156727691975,0.11875,0.10625,0.11875,0.6679818700254456,0.33201812997455443,0.8922015926548029,0.8957901685659155,0.8884071651337138,-1.2143313517891907,0.05625,0.94375,1.0,1.0,1.0,1.0,0.85,0.54375,0.45625,security_risk,63,23.25939557000038,145.37122231250237,0.9,results/final_2026-05-12/scheme_c_holdout/configs/scenario_stress_holdoutfit.yaml
160.0,159.69552981318256,0.035488088492800565,0.035488088492800565,0.11875,0.10625,0.11875,0.6939550419920988,0.3060449580079012,0.998097061332391,0.5978837729607607,0.5953371435101855,-1.3948481229227672,0.05,0.95,1.0,1.0,1.0,1.0,0.925,0.45625,0.54375,security_risk,64,22.029645607999555,137.68528504999722,0.9,results/final_2026-05-12/scheme_c_holdout/configs/scenario_stress_holdoutfit.yaml
160.0,137.69640426909064,0.033300845534704034,0.033300845534704034,0.1125,0.10625,0.1125,0.6753670435479437,0.3246329564520563,0.8606025266818165,0.8869080022929605,0.8822215954882612,-1.2211757760366178,0.04375,0.95625,1.0,1.0,1.0,1.0,0.9,0.56875,0.43125,security_risk,65,22.983954676000394,143.64971672500246,0.9,results/final_2026-05-12/scheme_c_holdout/configs/scenario_stress_holdoutfit.yaml
160.0,138.3202029124543,0.03647957631055281,0.03647957631055281,0.11875,0.1125,0.11875,0.6726949485730874,0.32730505142691246,0.8645012682028395,0.8922930156082985,0.8894539130595215,-1.2050845612174386,0.0375,0.9625,1.0,1.0,1.0,1.0,0.8875,0.55,0.45,security_risk,66,22.39005738800006,139.93785867500037,0.9,results/final_2026-05-12/scheme_c_holdout/configs/scenario_stress_holdoutfit.yaml
160.0,136.43003470636125,0.03359692435012965,0.03359692435012965,0.1125,0.1125,0.1125,0.6686284723309173,0.33137152766908284,0.8526877169147579,0.9371823022535315,0.9350971397557963,-1.1808378051683803,0.04375,0.95625,1.0,1.0,1.0,1.0,0.91875,0.55625,0.44375,security_risk,67,23.11747030999959,144.48418943749743,0.9,results/final_2026-05-12/scheme_c_holdout/configs/scenario_stress_holdoutfit.yaml
160.0,138.75748841095387,0.03808807421191439,0.03808807421191439,0.125,0.1,0.125,0.6637195800799487,0.3362804199200512,0.8672343025684617,0.935731427411295,0.9268298148313363,-1.218878422246623,0.05625,0.94375,1.0,1.0,1.0,1.0,0.83125,0.55625,0.44375,security_risk,68,23.542325390999395,147.13953369374622,0.9,results/final_2026-05-12/scheme_c_holdout/configs/scenario_stress_holdoutfit.yaml
160.0,135.2453944527461,0.033577017894649716,0.033577017894649716,0.1125,0.1125,0.1125,0.6695837194708013,0.3304162805291987,0.8452837153296631,0.9677370557582874,0.9615407092917769,-1.1541566611673846,0.04375,0.95625,1.0,1.0,1.0,1.0,0.84375,0.56875,0.43125,security_risk,69,22.29919220100055,139.36995125625344,0.9,results/final_2026-05-12/scheme_c_holdout/configs/scenario_stress_holdoutfit.yaml
160.0,150.70180257678112,0.037493458915737854,0.037493458915737854,0.125,0.10625,0.125,0.6843099399622078,0.3156900600377922,0.941886266104882,0.7499221134002271,0.745562827053195,-1.301381544655372,0.05,0.95,1.0,1.0,1.0,1.0,0.875,0.49375,0.50625,security_risk,70,21.047573595000358,131.54733496875224,0.9,results/final_2026-05-12/scheme_c_holdout/configs/scenario_stress_holdoutfit.yaml
160.0,135.97506787920605,0.03878520035808313,0.03878520035808313,0.125,0.1,0.125,0.6586723382633215,0.3413276617366786,0.8498441742450378,0.9624946270691919,0.958878939714302,-1.192826014567774,0.04375,0.95625,1.0,1.0,1.0,1.0,0.8875,0.575,0.425,security_risk,71,23.224731291999888,145.1545705749993,0.9,results/final_2026-05-12/scheme_c_holdout/configs/scenario_stress_holdoutfit.yaml
160.0,135.70868079617847,0.03415912458722257,0.03415912458722257,0.1125,0.1125,0.1125,0.6764480253326289,0.32355197466737107,0.8481792549761155,0.9151963873578396,0.9132033424216136,-1.1999057842090202,0.04375,0.95625,1.0,1.0,1.0,1.0,0.89375,0.55625,0.44375,security_risk,72,22.348296896000647,139.67685560000405,0.9,results/final_2026-05-12/scheme_c_holdout/configs/scenario_stress_holdoutfit.yaml
160.0,133.6236637919422,0.03905575296171708,0.03905575296171708,0.13125,0.1125,0.13125,0.6687579225933019,0.33124207740669814,0.8351478986996387,0.9378191184052929,0.9359570403722792,-1.188254813168109,0.04375,0.95625,1.0,1.0,1.0,1.0,0.91875,0.625,0.375,security_risk,73,21.832345945999805,136.45216216249878,0.9,results/final_2026-05-12/scheme_c_holdout/configs/scenario_stress_holdoutfit.yaml
160.0,135.66657840625348,0.03581983613161367,0.03581983613161367,0.11875,0.10625,0.11875,0.673137032698062,0.326862967301938,0.8479161150390843,0.9012667958246029,0.8984236668571555,-1.2214627848687167,0.04375,0.95625,1.0,1.0,1.0,1.0,0.925,0.5875,0.4125,security_risk,74,22.28658506500051,139.29115665625318,0.9,results/final_2026-05-12/scheme_c_holdout/configs/scenario_stress_holdoutfit.yaml
160.0,132.75812722557046,0.03671006379825451,0.03671006379825451,0.11875,0.10625,0.11875,0.6708682527699701,0.32913174723003,0.8297382951598153,0.9603390362934654,0.9553955055907014,-1.1939158305600839,0.04375,0.95625,1.0,1.0,1.0,1.0,0.8625,0.5875,0.4125,security_risk,75,22.722400859000118,142.01500536875074,0.9,results/final_2026-05-12/scheme_c_holdout/configs/scenario_stress_holdoutfit.yaml
160.0,135.1470959040712,0.03710788440807234,0.03710788440807234,0.125,0.10625,0.125,0.6639395527359968,0.3360604472640033,0.8446693494004449,0.9738237062747304,0.9690106930338095,-1.1698949401749004,0.04375,0.95625,1.0,1.0,1.0,1.0,0.8875,0.6125,0.3875,security_risk,76,21.99783502199989,137.4864688874993,0.9,results/final_2026-05-12/scheme_c_holdout/configs/scenario_stress_holdoutfit.yaml
160.0,135.72853217496566,0.03770558648366529,0.03770558648366529,0.125,0.1125,0.125,0.6797669382836403,0.3202330617163597,0.8483033260935354,0.8700670175666915,0.8671949037530989,-1.2423541112781713,0.0375,0.9625,1.0,1.0,1.0,1.0,0.86875,0.55625,0.44375,security_risk,77,23.72399601899997,148.2749751187498,0.9,results/final_2026-05-12/scheme_c_holdout/configs/scenario_stress_holdoutfit.yaml
160.0,143.23633656317264,0.03273310925645102,0.03273310925645102,0.1125,0.1125,0.1125,0.6755341148573702,0.3244658851426298,0.895227103519829,0.90327869543801,0.8922953249258079,-1.1819234905092175,0.05625,0.94375,1.0,1.0,1.0,1.0,0.8375,0.55625,0.44375,security_risk,78,23.105252274999657,144.40782671874786,0.9,results/final_2026-05-12/scheme_c_holdout/configs/scenario_stress_holdoutfit.yaml
160.0,136.24079802880235,0.035681760433474596,0.035681760433474596,0.11875,0.1125,0.11875,0.6728864271542729,0.32711357284572706,0.8515049876800147,0.9133393389704285,0.9110855462759945,-1.1947314041973596,0.04375,0.95625,1.0,1.0,1.0,1.0,0.8875,0.575,0.425,security_risk,79,21.06290329999956,131.64314562499726,0.9,results/final_2026-05-12/scheme_c_holdout/configs/scenario_stress_holdoutfit.yaml
160.0,138.5973230651418,0.03753165169758938,0.03753165169758938,0.125,0.1125,0.125,0.6702723230254417,0.3297276769745584,0.8662332691571363,0.9487126506446476,0.9473091935882856,-1.159948099562269,0.04375,0.95625,1.0,1.0,1.0,1.0,0.9,0.55,0.45,security_risk,80,21.18535072099985,132.40844200624906,0.9,results/final_2026-05-12/scheme_c_holdout/configs/scenario_stress_holdoutfit.yaml
160.0,131.85846142725052,0.03569305291469678,0.03569305291469678,0.11875,0.1,0.11875,0.6555136053453164,0.34448639465468356,0.8241153839203157,1.022905861702729,1.017218543768801,-1.1496747232990616,0.04375,0.95625,1.0,1.0,1.0,1.0,0.85625,0.59375,0.40625,security_risk,81,22.84473834399978,142.77961464999862,0.9,results/final_2026-05-12/scheme_c_holdout/configs/scenario_stress_holdoutfit.yaml
160.0,169.21042965774498,0.11875,0.11875,0.11875,0.11875,0.11875,0.7190762022882942,0.2809237977117059,1.057565185360906,0.5245240125067177,0.5160330970896936,-2.3712492061820734,0.0625,0.9375,1.0,1.0,1.0,1.0,0.8625,0.65,0.35,periodic,62,22.393549325000095,139.9596832812506,1.1,results/final_2026-05-12/scheme_c_holdout/configs/scenario_stress_holdoutfit.yaml
160.0,166.62749774209288,0.11875,0.11875,0.11875,0.1125,0.11875,0.7060439951310876,0.29395600486891243,1.0414218608880805,0.5713430548159113,0.5643214060660814,-2.3799943796862277,0.08125,0.91875,1.0,1.0,1.0,1.0,0.8375,0.66875,0.33125,periodic,63,23.290037281999503,145.5627330124969,1.1,results/final_2026-05-12/scheme_c_holdout/configs/scenario_stress_holdoutfit.yaml
160.0,154.24770586041194,0.11875,0.11875,0.11875,0.1125,0.11875,0.6683597265885319,0.33164027341146796,0.9640481616275747,0.9035739883587743,0.8968406203331082,-2.0760054572501936,0.0625,0.9375,1.0,1.0,1.0,1.0,0.825,0.60625,0.39375,periodic,64,22.548189575000833,140.9261848437552,1.1,results/final_2026-05-12/scheme_c_holdout/configs/scenario_stress_holdoutfit.yaml
160.0,151.63739271779014,0.11875,0.11875,0.11875,0.1,0.11875,0.6533253817649645,0.34667461823503565,0.9477337044861883,0.936439523246079,0.9284840542119286,-2.233055348379348,0.075,0.925,1.0,1.0,1.0,1.0,0.8125,0.7125,0.2875,periodic,65,22.77974420999999,142.37340131249994,1.1,results/final_2026-05-12/scheme_c_holdout/configs/scenario_stress_holdoutfit.yaml
160.0,154.65149706077136,0.11875,0.11875,0.11875,0.1125,0.11875,0.6686774958265078,0.3313225041734922,0.966571856629821,0.9005448605348152,0.890988940496255,-2.1443291750829063,0.0625,0.9375,1.0,1.0,1.0,1.0,0.81875,0.64375,0.35625,periodic,66,21.67300130499916,135.45625815624476,1.1,results/final_2026-05-12/scheme_c_holdout/configs/scenario_stress_holdoutfit.yaml
160.0,154.977860774485,0.11875,0.11875,0.11875,0.1125,0.11875,0.6739488094302978,0.3260511905697022,0.9686116298405313,0.861906428382442,0.8474958398203694,-2.16531916007145,0.0375,0.9625,1.0,1.0,1.0,1.0,0.78125,0.65625,0.34375,periodic,67,21.84516595900004,136.53228724375026,1.1,results/final_2026-05-12/scheme_c_holdout/configs/scenario_stress_holdoutfit.yaml
160.0,161.68946924509237,0.11875,0.11875,0.11875,0.10625,0.11875,0.6968770336455867,0.3031229663544132,1.0105591827818272,0.624680839037224,0.6191244978235408,-2.3936597518497273,0.06875,0.93125,1.0,1.0,1.0,1.0,0.85,0.675,0.325,periodic,68,23.04760924599941,144.04755778749632,1.1,results/final_2026-05-12/scheme_c_holdout/configs/scenario_stress_holdoutfit.yaml
160.0,158.79154673448926,0.11875,0.11875,0.11875,0.10625,0.11875,0.6685636158279971,0.33143638417200305,0.9924471670905579,0.8406529323442775,0.8341394579415852,-2.1551189483305566,0.05625,0.94375,1.0,1.0,1.0,1.0,0.78125,0.6,0.4,periodic,69,23.25065017399993,145.31656358749956,1.1,results/final_2026-05-12/scheme_c_holdout/configs/scenario_stress_holdoutfit.yaml
160.0,144.53225377025882,0.11875,0.11875,0.11875,0.09375,0.11875,0.636134359748827,0.3638656402511731,0.9033265860641176,0.9446794640322921,0.9354219930284146,-2.24333580271851,0.0625,0.9375,1.0,1.0,1.0,1.0,0.83125,0.7125,0.2875,periodic,70,23.05386976200043,144.0866860125027,1.1,results/final_2026-05-12/scheme_c_holdout/configs/scenario_stress_holdoutfit.yaml
160.0,144.21904955463935,0.11875,0.11875,0.11875,0.1,0.11875,0.6533239245377347,0.3466760754622654,0.901369059716496,0.8597656207899013,0.852954314150699,-2.335500698306099,0.05,0.95,1.0,1.0,1.0,1.0,0.8,0.70625,0.29375,periodic,71,22.293472232000568,139.33420145000355,1.1,results/final_2026-05-12/scheme_c_holdout/configs/scenario_stress_holdoutfit.yaml
160.0,159.49755560054945,0.11875,0.11875,0.11875,0.10625,0.11875,0.6839631812681405,0.3160368187318595,0.996859722503434,0.7046287877777382,0.6979958651585956,-2.1764361436269124,0.03125,0.96875,1.0,1.0,1.0,1.0,0.84375,0.6625,0.3375,periodic,72,21.910920995000197,136.94325621875123,1.1,results/final_2026-05-12/scheme_c_holdout/configs/scenario_stress_holdoutfit.yaml
160.0,147.39190148104146,0.11875,0.11875,0.11875,0.10625,0.11875,0.6951269142704684,0.3048730857295317,0.9211993842565092,0.5800685860739458,0.5710724062867409,-2.5971884798830365,0.05625,0.94375,1.0,1.0,1.0,1.0,0.79375,0.65625,0.34375,periodic,73,24.142349845999888,150.8896865374993,1.1,results/final_2026-05-12/scheme_c_holdout/configs/scenario_stress_holdoutfit.yaml
160.0,157.02255437668947,0.11875,0.11875,0.11875,0.1125,0.11875,0.6727418869485284,0.3272581130514717,0.9813909648543092,0.872024869101476,0.8608586484013024,-2.103518285263263,0.0625,0.9375,1.0,1.0,1.0,1.0,0.7625,0.56875,0.43125,periodic,74,22.919658699000138,143.24786686875086,1.1,results/final_2026-05-12/scheme_c_holdout/configs/scenario_stress_holdoutfit.yaml
160.0,141.93087505835098,0.11875,0.11875,0.11875,0.1,0.11875,0.6346291278488093,0.3653708721511907,0.8870679691146937,0.9420059643627428,0.9332159445319492,-2.3987201686118773,0.0625,0.9375,1.0,1.0,1.0,1.0,0.7875,0.6875,0.3125,periodic,75,22.64069574200039,141.50434838750243,1.1,results/final_2026-05-12/scheme_c_holdout/configs/scenario_stress_holdoutfit.yaml
160.0,165.03477503553214,0.11875,0.11875,0.11875,0.10625,0.11875,0.693725504651372,0.306274495348628,1.0314673439720758,0.6685301028318402,0.6660021488961947,-2.2231575884991535,0.075,0.925,1.0,1.0,1.0,1.0,0.86875,0.59375,0.40625,periodic,76,22.35911905299963,139.7444940812477,1.1,results/final_2026-05-12/scheme_c_holdout/configs/scenario_stress_holdoutfit.yaml
160.0,163.7630707747025,0.11875,0.11875,0.11875,0.1125,0.11875,0.6901032181630843,0.3098967818369158,1.0235191923418907,0.6961853840075829,0.6868804140883313,-2.25569898404166,0.05625,0.94375,1.0,1.0,1.0,1.0,0.80625,0.59375,0.40625,periodic,77,21.956708413000342,137.22942758125214,1.1,results/final_2026-05-12/scheme_c_holdout/configs/scenario_stress_holdoutfit.yaml
160.0,166.8491644881192,0.11875,0.11875,0.11875,0.11875,0.11875,0.6974038387375661,0.30259616126243394,1.042807278050745,0.7114384282923438,0.7026530123326651,-2.108307449023926,0.0875,0.9125,1.0,1.0,1.0,1.0,0.83125,0.6,0.4,periodic,78,22.56963149299918,141.06019683124487,1.1,results/final_2026-05-12/scheme_c_holdout/configs/scenario_stress_holdoutfit.yaml
160.0,172.99765591500983,0.11875,0.11875,0.11875,0.1125,0.11875,0.7184137420730361,0.281586257926964,1.0812353494688114,0.5130307595244362,0.5041432986322529,-2.19791668571433,0.06875,0.93125,1.0,1.0,1.0,1.0,0.7875,0.59375,0.40625,periodic,79,22.5279027509996,140.7993921937475,1.1,results/final_2026-05-12/scheme_c_holdout/configs/scenario_stress_holdoutfit.yaml
160.0,165.37472073602652,0.11875,0.11875,0.11875,0.1125,0.11875,0.7067811963559538,0.2932188036440462,1.0335920046001656,0.5881856015034693,0.5743865375772631,-2.1810566900956148,0.05625,0.94375,1.0,1.0,1.0,1.0,0.76875,0.64375,0.35625,periodic,80,22.344272043000274,139.6517002687517,1.1,results/final_2026-05-12/scheme_c_holdout/configs/scenario_stress_holdoutfit.yaml
160.0,153.9536741991277,0.11875,0.11875,0.11875,0.1125,0.11875,0.6704841824284704,0.32951581757152965,0.9622104637445481,0.8891304557187597,0.8830136190793034,-2.2041359540041747,0.06875,0.93125,1.0,1.0,1.0,1.0,0.8375,0.6375,0.3625,periodic,81,22.798639036999703,142.49149398124814,1.1,results/final_2026-05-12/scheme_c_holdout/configs/scenario_stress_holdoutfit.yaml
160.0,198.85386887539056,0.1109375,0.1109375,0.44375,0.4125,0.44375,0.9314464027502168,0.06855359724978308,1.242836680471191,0.12117523299981806,0.11434234355303641,-0.5768768054100859,0.08125,0.91875,1.0,1.0,1.0,1.0,0.9125,0.43125,0.56875,rollout_joint,62,296.11725667300016,1850.732854206251,1.1,results/final_2026-05-12/scheme_c_holdout/configs/scenario_stress_holdoutfit.yaml
160.0,201.85081243343188,0.10625,0.10625,0.425,0.40625,0.425,0.9343678891604303,0.06563211083956957,1.2615675777089492,0.10976567325451754,0.10239804184782655,-0.567621839193049,0.09375,0.90625,1.0,1.0,1.0,1.0,0.88125,0.41875,0.58125,rollout_joint,63,294.74413058400023,1842.1508161500017,1.1,results/final_2026-05-12/scheme_c_holdout/configs/scenario_stress_holdoutfit.yaml
160.0,201.71333956223827,0.1078125,0.1078125,0.43125,0.41875,0.43125,0.9364781868918918,0.06352181310810812,1.2607083722639891,0.10266654133044048,0.09604227501902293,-0.5680036805777088,0.0875,0.9125,1.0,1.0,1.0,1.0,0.89375,0.375,0.625,rollout_joint,64,295.8566680290005,1849.1041751812531,1.1,results/final_2026-05-12/scheme_c_holdout/configs/scenario_stress_holdoutfit.yaml
160.0,203.33514379740956,0.1125,0.1125,0.45,0.39375,0.45,0.9318685362982139,0.06813146370178605,1.2708446487338096,0.10729826701312055,0.09844978784938417,-0.578301777310539,0.0875,0.9125,1.0,1.0,1.0,1.0,0.8875,0.4625,0.5375,rollout_joint,65,300.7185669999999,1879.4910437499996,1.1,results/final_2026-05-12/scheme_c_holdout/configs/scenario_stress_holdoutfit.yaml
160.0,198.9124234433426,0.1078125,0.1078125,0.43125,0.4125,0.43125,0.9353409220071429,0.0646590779928572,1.2432026465208912,0.1096154837515348,0.10237190174057079,-0.5828087821935904,0.0875,0.9125,1.0,1.0,1.0,1.0,0.9,0.4125,0.5875,rollout_joint,66,293.0410250289997,1831.5064064312478,1.1,results/final_2026-05-12/scheme_c_holdout/configs/scenario_stress_holdoutfit.yaml
160.0,197.9438756058169,0.1109375,0.1109375,0.44375,0.39375,0.44375,0.9348505026795524,0.06514949732044754,1.2371492225363556,0.09798613966440305,0.08688274869196667,-0.6118932416991119,0.0625,0.9375,1.0,1.0,1.0,1.0,0.88125,0.3875,0.6125,rollout_joint,67,287.27112389800004,1795.4445243625003,1.1,results/final_2026-05-12/scheme_c_holdout/configs/scenario_stress_holdoutfit.yaml
160.0,200.98465857233822,0.1109375,0.1109375,0.44375,0.4,0.44375,0.9329278863565029,0.06707211364349705,1.256154116077114,0.1056806877606872,0.09800780539263246,-0.5901813236621363,0.09375,0.90625,1.0,1.0,1.0,1.0,0.8875,0.4125,0.5875,rollout_joint,68,285.10553567399984,1781.9095979624988,1.1,results/final_2026-05-12/scheme_c_holdout/configs/scenario_stress_holdoutfit.yaml
160.0,200.68397300247162,0.1109375,0.1109375,0.44375,0.4,0.44375,0.930155871727996,0.06984412827200401,1.2542748312654477,0.11854023797596787,0.10809981561853106,-0.5843628800402374,0.08125,0.91875,1.0,1.0,1.0,1.0,0.875,0.5,0.5,rollout_joint,69,291.1018168700002,1819.3863554375014,1.1,results/final_2026-05-12/scheme_c_holdout/configs/scenario_stress_holdoutfit.yaml
160.0,201.60257300526615,0.109375,0.109375,0.4375,0.4,0.4375,0.9358525956472722,0.06414740435272784,1.2600160812829135,0.09727620089099862,0.08987248389209933,-0.5831987056718339,0.09375,0.90625,1.0,1.0,1.0,1.0,0.88125,0.3875,0.6125,rollout_joint,70,297.845656171,1861.5353510687498,1.1,results/final_2026-05-12/scheme_c_holdout/configs/scenario_stress_holdoutfit.yaml
160.0,199.72730467630475,0.1078125,0.1078125,0.43125,0.40625,0.43125,0.9349029697956951,0.06509703020430492,1.2482956542269048,0.09964681451099011,0.08954659252062432,-0.5938976413968339,0.075,0.925,1.0,1.0,1.0,1.0,0.86875,0.4,0.6,rollout_joint,71,299.5143387669996,1871.964617293747,1.1,results/final_2026-05-12/scheme_c_holdout/configs/scenario_stress_holdoutfit.yaml
160.0,200.32432909758944,0.109375,0.109375,0.4375,0.4,0.4375,0.9342184224368865,0.06578157756311351,1.252027056859934,0.10847258431248749,0.10029608936317096,-0.5818511501296422,0.075,0.925,1.0,1.0,1.0,1.0,0.86875,0.44375,0.55625,rollout_joint,72,292.3662843890006,1827.2892774312538,1.1,results/final_2026-05-12/scheme_c_holdout/configs/scenario_stress_holdoutfit.yaml
160.0,198.18515366101602,0.109375,0.109375,0.4375,0.40625,0.4375,0.9343972767854044,0.06560272321459557,1.23865721038135,0.10619538139589786,0.09969298567464273,-0.5955678330062987,0.06875,0.93125,1.0,1.0,1.0,1.0,0.89375,0.4375,0.5625,rollout_joint,73,295.0152553219996,1843.8453457624971,1.1,results/final_2026-05-12/scheme_c_holdout/configs/scenario_stress_holdoutfit.yaml
160.0,198.81739146746543,0.1125,0.1125,0.45,0.3875,0.45,0.9317589527256314,0.06824104727436868,1.242608696671659,0.11459861137066785,0.10865271579989236,-0.5959705638286588,0.0875,0.9125,1.0,1.0,1.0,1.0,0.91875,0.4875,0.5125,rollout_joint,74,286.2713566499997,1789.195979062498,1.1,results/final_2026-05-12/scheme_c_holdout/configs/scenario_stress_holdoutfit.yaml
160.0,200.10856096456996,0.109375,0.109375,0.4375,0.3875,0.4375,0.9326309630172384,0.0673690369827616,1.2506785060285623,0.10829649970442927,0.0992168613282171,-0.5901299605136261,0.08125,0.91875,1.0,1.0,1.0,1.0,0.86875,0.51875,0.48125,rollout_joint,75,290.60009631899993,1816.2506019937496,1.1,results/final_2026-05-12/scheme_c_holdout/configs/scenario_stress_holdoutfit.yaml
160.0,202.57859667987935,0.1109375,0.1109375,0.44375,0.4125,0.44375,0.9338565408763003,0.0661434591236998,1.266116229249246,0.10236388984488734,0.09271779857393397,-0.574879695318572,0.1,0.9,1.0,1.0,1.0,1.0,0.88125,0.40625,0.59375,rollout_joint,76,291.0415341070002,1819.0095881687514,1.1,results/final_2026-05-12/scheme_c_holdout/configs/scenario_stress_holdoutfit.yaml
160.0,200.2231257988156,0.1109375,0.1109375,0.44375,0.40625,0.44375,0.9318327598943202,0.06816724010567968,1.2513945362425976,0.11990734015762014,0.1115246503163951,-0.5734525903028309,0.09375,0.90625,1.0,1.0,1.0,1.0,0.9,0.4375,0.5625,rollout_joint,77,301.0104296010004,1881.3151850062525,1.1,results/final_2026-05-12/scheme_c_holdout/configs/scenario_stress_holdoutfit.yaml
160.0,203.88583350164828,0.1078125,0.1078125,0.43125,0.40625,0.43125,0.9327620587046106,0.06723794129538947,1.2742864593853018,0.10961355577656015,0.10343794268417925,-0.5577569376125107,0.10625,0.89375,1.0,1.0,1.0,1.0,0.90625,0.41875,0.58125,rollout_joint,78,297.2200710649995,1857.6254441562469,1.1,results/final_2026-05-12/scheme_c_holdout/configs/scenario_stress_holdoutfit.yaml
160.0,201.23047092313413,0.1109375,0.1109375,0.44375,0.3875,0.44375,0.9321145322159037,0.06788546778409625,1.2576904432695883,0.10274746780603054,0.09649126145186382,-0.6012536065345103,0.09375,0.90625,1.0,1.0,1.0,1.0,0.875,0.39375,0.60625,rollout_joint,79,293.5540897279998,1834.7130607999984,1.1,results/final_2026-05-12/scheme_c_holdout/configs/scenario_stress_holdoutfit.yaml
160.0,200.77617121857992,0.1078125,0.1078125,0.43125,0.4125,0.43125,0.9353175628351789,0.06468243716482122,1.2548510701161244,0.10716386970884555,0.10108403720074055,-0.5709595977531676,0.08125,0.91875,1.0,1.0,1.0,1.0,0.9125,0.41875,0.58125,rollout_joint,80,289.79907092899975,1811.2441933062485,1.1,results/final_2026-05-12/scheme_c_holdout/configs/scenario_stress_holdoutfit.yaml
160.0,201.10815508419893,0.1109375,0.1109375,0.44375,0.39375,0.44375,0.933752459168643,0.06624754083135688,1.2569259692762433,0.10559830346469319,0.09989310535924958,-0.5818156759843127,0.08125,0.91875,1.0,1.0,1.0,1.0,0.86875,0.4375,0.5625,rollout_joint,81,289.3945933719997,1808.716208574998,1.1,results/final_2026-05-12/scheme_c_holdout/configs/scenario_stress_holdoutfit.yaml
160.0,104.86819930191054,0.11875,0.11875,0.1625,0.15,0.1625,0.3498048070695304,0.6501951929304697,0.6554262456369409,1.7746031555127733,1.7625915012405926,-19.355567701132014,0.08125,0.91875,0.98125,0.98125,0.98125,0.98125,0.9375,0.79375,0.20625,security_margin,62,21.666718006999872,135.4169875437492,1.1,results/final_2026-05-12/scheme_c_holdout/configs/scenario_stress_holdoutfit.yaml
160.0,99.12037686006644,0.11875,0.11875,0.175,0.15625,0.175,0.36424724480410664,0.6357527551958932,0.6195023553754153,1.7442567184179545,1.7306553742557014,-10.829822436978741,0.08125,0.91875,1.0,1.0,1.0,1.0,0.89375,0.7875,0.2125,security_margin,63,21.155748277000384,132.2234267312524,1.1,results/final_2026-05-12/scheme_c_holdout/configs/scenario_stress_holdoutfit.yaml
160.0,106.69458086720454,0.11875,0.11875,0.1625,0.15,0.1625,0.34584595595138534,0.6541540440486147,0.6668411304200283,1.7608913743018817,1.7471534014795005,-16.628128163050373,0.0875,0.9125,1.0,1.0,1.0,1.0,0.91875,0.7875,0.2125,security_margin,64,22.71066188199984,141.941636762499,1.1,results/final_2026-05-12/scheme_c_holdout/configs/scenario_stress_holdoutfit.yaml
160.0,110.98478999914451,0.11875000000000002,0.11875000000000002,0.175,0.16875,0.175,0.36278647754470106,0.6372135224552989,0.6936549374946532,1.7302547810462687,1.7235881953228571,-17.69563476563176,0.0875,0.9125,1.0,1.0,1.0,1.0,0.90625,0.7875,0.2125,security_margin,65,21.090483241000584,131.81552025625365,1.1,results/final_2026-05-12/scheme_c_holdout/configs/scenario_stress_holdoutfit.yaml
160.0,98.15136410389661,0.11875000000000002,0.11875000000000002,0.16875,0.14375,0.16875,0.32893006797733465,0.6710699320226654,0.6134460256493538,1.9781752530797854,1.9723152484481576,-13.24355053080399,0.0875,0.9125,1.0,1.0,1.0,1.0,0.925,0.79375,0.20625,security_margin,66,22.263391139000305,139.1461946187519,1.1,results/final_2026-05-12/scheme_c_holdout/configs/scenario_stress_holdoutfit.yaml
160.0,76.47297328455377,0.11875,0.11875,0.16875,0.15,0.16875,0.2933256880948497,0.7066743119051504,0.4779560830284611,2.349002197541016,2.338036208882416,-13.918884927221674,0.08125,0.91875,1.0,1.0,1.0,1.0,0.9125,0.7875,0.2125,security_margin,67,22.23739655999998,138.98372849999987,1.1,results/final_2026-05-12/scheme_c_holdout/configs/scenario_stress_holdoutfit.yaml
160.0,104.32782274163493,0.11875,0.11875,0.18125,0.175,0.18125,0.35773344862579026,0.6422665513742098,0.6520488921352183,1.7659135705930684,1.7588665732118867,-15.83180404933841,0.0875,0.9125,1.0,1.0,1.0,1.0,0.9125,0.775,0.225,security_margin,68,21.75801186999979,135.9875741874987,1.1,results/final_2026-05-12/scheme_c_holdout/configs/scenario_stress_holdoutfit.yaml
160.0,99.43895869804011,0.11875,0.11875,0.175,0.15,0.175,0.34502205208569714,0.6549779479143029,0.6214934918627507,1.8011280861619992,1.7894732284211432,-15.849213168019318,0.075,0.925,1.0,1.0,1.0,1.0,0.9,0.7875,0.2125,security_margin,69,22.459830439999678,140.373940249998,1.1,results/final_2026-05-12/scheme_c_holdout/configs/scenario_stress_holdoutfit.yaml
160.0,105.23652798639888,0.11875,0.11875,0.16875,0.1625,0.16875,0.3576217443700603,0.6423782556299398,0.657728299914993,1.7573453891699509,1.7512745449078622,-16.266554297573364,0.0875,0.9125,1.0,1.0,1.0,1.0,0.925,0.79375,0.20625,security_margin,70,21.685199634000128,135.5324977125008,1.1,results/final_2026-05-12/scheme_c_holdout/configs/scenario_stress_holdoutfit.yaml
160.0,97.61753108127118,0.11875,0.11875,0.16875,0.15,0.16875,0.34547961792702586,0.6545203820729741,0.6101095692579449,1.8051784297314448,1.7926051169686477,-14.802001841455802,0.08125,0.91875,1.0,1.0,1.0,1.0,0.89375,0.78125,0.21875,security_margin,71,22.07901486799983,137.99384292499894,1.1,results/final_2026-05-12/scheme_c_holdout/configs/scenario_stress_holdoutfit.yaml
160.0,95.39673939764629,0.11875,0.11875,0.18125,0.16875,0.18125,0.3488932517602414,0.6511067482397586,0.5962296212352893,1.812239611888297,1.7988750799125444,-18.54868059803889,0.06875,0.93125,0.99375,0.99375,0.99375,0.99375,0.8875,0.79375,0.20625,security_margin,72,22.02561881499969,137.66011759374805,1.1,results/final_2026-05-12/scheme_c_holdout/configs/scenario_stress_holdoutfit.yaml
160.0,99.77710478223267,0.11874999999999998,0.11874999999999998,0.16875,0.15,0.16875,0.34574256044374907,0.6542574395562509,0.6236069048889542,1.7771449607775565,1.7663646119981031,-16.914543407831847,0.08125,0.91875,1.0,1.0,1.0,1.0,0.8875,0.79375,0.20625,security_margin,73,21.68894164700032,135.555885293752,1.1,results/final_2026-05-12/scheme_c_holdout/configs/scenario_stress_holdoutfit.yaml
160.0,110.02710000946945,0.11875,0.11875,0.1625,0.1625,0.1625,0.35760795607579465,0.6423920439242055,0.687669375059184,1.7374129576070865,1.7303896839288917,-16.36500810882477,0.09375,0.90625,1.0,1.0,1.0,1.0,0.95,0.79375,0.20625,security_margin,74,22.597653863999767,141.23533664999854,1.1,results/final_2026-05-12/scheme_c_holdout/configs/scenario_stress_holdoutfit.yaml
160.0,104.42566816021319,0.11875,0.11875,0.1625,0.125,0.1625,0.34417654565180233,0.6558234543481978,0.6526604260013324,1.7788855174403053,1.7721899800328553,-14.450411271798572,0.08125,0.91875,1.0,1.0,1.0,1.0,0.875,0.78125,0.21875,security_margin,75,22.90451625500009,143.15322659375056,1.1,results/final_2026-05-12/scheme_c_holdout/configs/scenario_stress_holdoutfit.yaml
160.0,110.76660739843264,0.11875,0.11875,0.18125,0.16875,0.18125,0.367101122671006,0.6328988773289941,0.692291296240204,1.7199920273238434,1.7120594043563933,-17.705606703052382,0.08125,0.91875,1.0,1.0,1.0,1.0,0.925,0.78125,0.21875,security_margin,76,23.205386567999994,145.03366604999997,1.1,results/final_2026-05-12/scheme_c_holdout/configs/scenario_stress_holdoutfit.yaml
160.0,109.68280503989621,0.11722452330885813,0.11722452330885813,0.16875,0.16875,0.16875,0.3534057471182802,0.6465942528817199,0.6855175314993514,1.744186521846914,1.7371002794069887,-17.426943476229816,0.0875,0.9125,1.0,1.0,1.0,1.0,0.9375,0.78125,0.21875,security_margin,77,21.245300528999906,132.7831283062494,1.1,results/final_2026-05-12/scheme_c_holdout/configs/scenario_stress_holdoutfit.yaml
160.0,112.01599534486107,0.11875,0.11875,0.16875,0.1625,0.16875,0.36159286918667133,0.6384071308133287,0.7000999709053817,1.7278072473264445,1.7213496240063453,-16.403109049455203,0.09375,0.90625,1.0,1.0,1.0,1.0,0.91875,0.775,0.225,security_margin,78,23.744863820999853,148.40539888124908,1.1,results/final_2026-05-12/scheme_c_holdout/configs/scenario_stress_holdoutfit.yaml
160.0,101.02258867969734,0.11825664018210877,0.11825664018210877,0.15625,0.15,0.15625,0.34798293063268587,0.6520170693673142,0.6313911792481084,1.790073063939817,1.7846740120678153,-15.269110703472426,0.09375,0.90625,1.0,1.0,1.0,1.0,0.91875,0.775,0.225,security_margin,79,22.053053813000588,137.83158633125367,1.1,results/final_2026-05-12/scheme_c_holdout/configs/scenario_stress_holdoutfit.yaml
160.0,110.02322574277625,0.11875,0.11875,0.1625,0.15,0.1625,0.3521720820679302,0.6478279179320698,0.6876451608923515,1.7492580585063635,1.7428907533959705,-16.447407839051813,0.09375,0.90625,1.0,1.0,1.0,1.0,0.90625,0.775,0.225,security_margin,80,22.51262898599998,140.70393116249988,1.1,results/final_2026-05-12/scheme_c_holdout/configs/scenario_stress_holdoutfit.yaml
160.0,106.90072821385802,0.11828683634071697,0.11828683634071697,0.1625,0.14375,0.1625,0.3548135116589607,0.6451864883410393,0.6681295513366126,1.7462176914702383,1.7352713247405318,-14.860620793014629,0.0875,0.9125,1.0,1.0,1.0,1.0,0.88125,0.7875,0.2125,security_margin,81,23.265514429999712,145.4094651874982,1.1,results/final_2026-05-12/scheme_c_holdout/configs/scenario_stress_holdoutfit.yaml
160.0,135.79807925385472,0.034917346357061035,0.034917346357061035,0.11875,0.10625,0.11875,0.6726801528065866,0.3273198471934134,0.848737995336592,0.8631805953399707,0.8623750343416093,-1.4596275180992553,0.0375,0.9625,1.0,1.0,1.0,1.0,0.95,0.73125,0.26875,security_risk,62,22.23439843000051,138.9649901875032,1.1,results/final_2026-05-12/scheme_c_holdout/configs/scenario_stress_holdoutfit.yaml
160.0,141.2997476102301,0.03394061012617359,0.03394061012617359,0.1125,0.10625,0.1125,0.6687150421980974,0.3312849578019025,0.8831234225639382,0.9134275848800378,0.9065607282822048,-1.4090355762288753,0.04375,0.95625,1.0,1.0,1.0,1.0,0.86875,0.69375,0.30625,security_risk,63,22.83382492200053,142.71140576250332,1.1,results/final_2026-05-12/scheme_c_holdout/configs/scenario_stress_holdoutfit.yaml
160.0,146.8280631110986,0.03454955093763391,0.03454955093763391,0.1125,0.1,0.1125,0.6840171344827912,0.3159828655172089,0.9176753944443663,0.7653127747933293,0.7626522784222605,-1.527875623054151,0.0375,0.9625,1.0,1.0,1.0,1.0,0.89375,0.6875,0.3125,security_risk,64,23.482597064999936,146.7662316562496,1.1,results/final_2026-05-12/scheme_c_holdout/configs/scenario_stress_holdoutfit.yaml
160.0,138.48879603450735,0.033407712355168304,0.033407712355168304,0.1125,0.10625,0.1125,0.6758254402976024,0.3241745597023976,0.8655549752156709,0.8907699299346875,0.8860829176128749,-1.4161948340308435,0.0375,0.9625,1.0,1.0,1.0,1.0,0.9,0.68125,0.31875,security_risk,65,23.379150347000177,146.1196896687511,1.1,results/final_2026-05-12/scheme_c_holdout/configs/scenario_stress_holdoutfit.yaml
160.0,136.20935537225267,0.03507662492293995,0.03507662492293995,0.11875,0.10625,0.11875,0.6719573764265058,0.32804262357349423,0.8513084710765793,0.877997707593584,0.8751810096552678,-1.4442264882501405,0.0375,0.9625,1.0,1.0,1.0,1.0,0.91875,0.7125,0.2875,security_risk,66,23.012345531999927,143.82715957499954,1.1,results/final_2026-05-12/scheme_c_holdout/configs/scenario_stress_holdoutfit.yaml
160.0,134.69342962996348,0.03422876373173775,0.03422876373173775,0.1125,0.1125,0.1125,0.6725238340927759,0.32747616590722395,0.8418339351872717,0.9472411731830365,0.9451829549845516,-1.3861411386677205,0.0375,0.9625,1.0,1.0,1.0,1.0,0.925,0.7,0.3,security_risk,67,22.39411869399919,139.96324183749493,1.1,results/final_2026-05-12/scheme_c_holdout/configs/scenario_stress_holdoutfit.yaml
160.0,145.40111640592676,0.042213646177566726,0.042213646177566726,0.13125,0.1125,0.13125,0.6693842201154953,0.3306157798845047,0.9087569775370422,0.8570918249557989,0.8492838236924711,-1.4581995062890254,0.0375,0.9625,1.0,1.0,1.0,1.0,0.8375,0.6625,0.3375,security_risk,68,22.081938968999566,138.0121185562473,1.1,results/final_2026-05-12/scheme_c_holdout/configs/scenario_stress_holdoutfit.yaml
160.0,139.50509194827055,0.03588268073711698,0.03588268073711698,0.11875,0.1,0.11875,0.6779665640636915,0.3220334359363085,0.8719068246766909,0.7950316833280783,0.7883480718761715,-1.5264167711318097,0.0375,0.9625,1.0,1.0,1.0,1.0,0.8625,0.7375,0.2625,security_risk,69,23.489286306000395,146.80803941250247,1.1,results/final_2026-05-12/scheme_c_holdout/configs/scenario_stress_holdoutfit.yaml
160.0,155.80009459224374,0.03589942010630366,0.03589942010630366,0.125,0.11875,0.125,0.6990889749547661,0.3009110250452339,0.9737505912015234,0.5899170533361214,0.5856159335471547,-1.5659082261005237,0.03125,0.96875,1.0,1.0,1.0,1.0,0.89375,0.75625,0.24375,security_risk,70,22.477103709000403,140.48189818125252,1.1,results/final_2026-05-12/scheme_c_holdout/configs/scenario_stress_holdoutfit.yaml
160.0,134.93959263399086,0.03925415272600858,0.03925415272600858,0.125,0.1,0.125,0.6630014459185002,0.33699855408149976,0.8433724539624429,0.9437560130879522,0.9403208948974381,-1.4203661692452645,0.0375,0.9625,1.0,1.0,1.0,1.0,0.8875,0.6875,0.3125,security_risk,71,22.006011895000483,137.53757434375302,1.1,results/final_2026-05-12/scheme_c_holdout/configs/scenario_stress_holdoutfit.yaml
160.0,135.0220039838301,0.03366075100046244,0.03366075100046244,0.1125,0.1125,0.1125,0.6773520025952136,0.32264799740478634,0.8438875248989381,0.9252946968175284,0.9233042610456069,-1.3900391329749602,0.0375,0.9625,1.0,1.0,1.0,1.0,0.9,0.7,0.3,security_risk,72,22.937722402999498,143.36076501874686,1.1,results/final_2026-05-12/scheme_c_holdout/configs/scenario_stress_holdoutfit.yaml
160.0,134.28065406864357,0.037445793965679576,0.037445793965679576,0.125,0.10625,0.125,0.6620894218812697,0.33791057811873026,0.8392540879290223,0.9486922287644235,0.9468379419245068,-1.404239824651344,0.0375,0.9625,1.0,1.0,1.0,1.0,0.91875,0.68125,0.31875,security_risk,73,22.615788146999876,141.34867591874922,1.1,results/final_2026-05-12/scheme_c_holdout/configs/scenario_stress_holdoutfit.yaml
160.0,139.926331811367,0.03422213862902446,0.03422213862902446,0.1125,0.1,0.1125,0.6719974929865582,0.3280025070134417,0.8745395738210437,0.8516259184706849,0.8487445627552155,-1.47002820361084,0.0375,0.9625,1.0,1.0,1.0,1.0,0.90625,0.725,0.275,security_risk,74,21.858558828999776,136.6159926812486,1.1,results/final_2026-05-12/scheme_c_holdout/configs/scenario_stress_holdoutfit.yaml
160.0,133.89769899078183,0.03540146663912382,0.03540146663912382,0.11875,0.10625,0.11875,0.6685387234151978,0.3314612765848023,0.8368606186923865,0.9721326155055244,0.9672211808536091,-1.3912694112037207,0.0375,0.9625,1.0,1.0,1.0,1.0,0.86875,0.69375,0.30625,security_risk,75,21.908611302999816,136.92882064374885,1.1,results/final_2026-05-12/scheme_c_holdout/configs/scenario_stress_holdoutfit.yaml
160.0,132.9128227575052,0.03620111795878034,0.03620111795878034,0.11875,0.1125,0.11875,0.6703041939236072,0.3296958060763928,0.8307051422344076,0.9415064405774227,0.936704886204474,-1.3954119702082948,0.0375,0.9625,1.0,1.0,1.0,1.0,0.8875,0.7125,0.2875,security_risk,76,22.97744530900036,143.60903318125224,1.1,results/final_2026-05-12/scheme_c_holdout/configs/scenario_stress_holdoutfit.yaml
160.0,136.71273123394707,0.03539885036883607,0.03539885036883607,0.11875,0.1125,0.11875,0.6730472793705952,0.32695272062940484,0.8544545702121692,0.9298133833544598,0.9270123300134296,-1.3732155323060193,0.03125,0.96875,1.0,1.0,1.0,1.0,0.88125,0.68125,0.31875,security_risk,77,22.501070981999874,140.6316936374992,1.1,results/final_2026-05-12/scheme_c_holdout/configs/scenario_stress_holdoutfit.yaml
160.0,147.17067987252108,0.034642785766606565,0.034642785766606565,0.11875,0.10625,0.11875,0.6741778854879268,0.3258221145120732,0.9198167492032567,0.8703905399183028,0.8594054534753421,-1.4094581838709004,0.04375,0.95625,1.0,1.0,1.0,1.0,0.84375,0.68125,0.31875,security_risk,78,22.36650921399996,139.79068258749976,1.1,results/final_2026-05-12/scheme_c_holdout/configs/scenario_stress_holdoutfit.yaml
160.0,133.96935016399442,0.03627563006974839,0.03627563006974839,0.11875,0.1125,0.11875,0.6688158723438049,0.3311841276561951,0.8373084385249652,0.9384057440279487,0.9361175139018275,-1.3866260240659543,0.0375,0.9625,1.0,1.0,1.0,1.0,0.9,0.70625,0.29375,security_risk,79,22.532179391999307,140.82612119999567,1.1,results/final_2026-05-12/scheme_c_holdout/configs/scenario_stress_holdoutfit.yaml
160.0,138.88360177307095,0.03346199235783304,0.03346199235783304,0.1125,0.10625,0.1125,0.6739433829707394,0.3260566170292606,0.8680225110816935,0.8928413277338245,0.8916236485712739,-1.4137989903777977,0.0375,0.9625,1.0,1.0,1.0,1.0,0.925,0.6875,0.3125,security_risk,80,23.22649917199942,145.16561982499638,1.1,results/final_2026-05-12/scheme_c_holdout/configs/scenario_stress_holdoutfit.yaml
160.0,135.82298898533253,0.036918039093469066,0.036918039093469066,0.11875,0.09375,0.11875,0.6562997688947545,0.34370023110524545,0.8488936811583283,0.9643669100553247,0.9586949224844992,-1.4121057141934057,0.0375,0.9625,1.0,1.0,1.0,1.0,0.85625,0.6875,0.3125,security_risk,81,22.01044118000027,137.5652573750017,1.1,results/final_2026-05-12/scheme_c_holdout/configs/scenario_stress_holdoutfit.yaml
160.0,159.48696771431796,0.11875,0.11875,0.11875,0.11875,0.11875,0.6830834213585361,0.31691657864146394,0.9967935482144872,0.8169918533034808,0.8083919561553149,-2.3890611693944814,0.03125,0.96875,1.0,1.0,1.0,1.0,0.85625,0.84375,0.15625,periodic,62,23.066860267000266,144.16787666875166,1.4,results/final_2026-05-12/scheme_c_holdout/configs/scenario_stress_holdoutfit.yaml
160.0,164.91704901526688,0.11875,0.11875,0.11875,0.1125,0.11875,0.6802666888552164,0.31973331114478365,1.030731556345418,0.7845991558408795,0.7767409108164659,-2.407441230026485,0.0375,0.9625,1.0,1.0,1.0,1.0,0.79375,0.8375,0.1625,periodic,63,22.6651536950003,141.65721059375187,1.4,results/final_2026-05-12/scheme_c_holdout/configs/scenario_stress_holdoutfit.yaml
160.0,153.29870435815732,0.11875,0.11875,0.11875,0.1125,0.11875,0.6645120007051606,0.3354879992948394,0.9581169022384832,0.8821406212083989,0.8756757494558023,-2.4563411070978285,0.03125,0.96875,1.0,1.0,1.0,1.0,0.84375,0.84375,0.15625,periodic,64,21.28178279399981,133.0111424624988,1.4,results/final_2026-05-12/scheme_c_holdout/configs/scenario_stress_holdoutfit.yaml
160.0,145.72074678009022,0.11875,0.11875,0.11875,0.1,0.11875,0.6462512014289237,0.3537487985710764,0.9107546673755639,1.0089653851808553,1.0014739072105134,-2.559368736689364,0.03125,0.96875,1.0,1.0,1.0,1.0,0.825,0.84375,0.15625,periodic,65,21.66916736299936,135.432296018746,1.4,results/final_2026-05-12/scheme_c_holdout/configs/scenario_stress_holdoutfit.yaml
160.0,162.96216610310597,0.11875,0.11875,0.11875,0.1125,0.11875,0.6783081368055213,0.32169186319447884,1.0185135381444124,0.7635435244434227,0.7533721115294076,-2.4978936969841876,0.03125,0.96875,1.0,1.0,1.0,1.0,0.8375,0.84375,0.15625,periodic,66,21.439020308999716,133.99387693124822,1.4,results/final_2026-05-12/scheme_c_holdout/configs/scenario_stress_holdoutfit.yaml
160.0,153.3295483039729,0.11875,0.11875,0.11875,0.1125,0.11875,0.6702864420964845,0.3297135579035155,0.9583096768998306,0.8704837382079358,0.8562957067541646,-2.494311609628974,0.01875,0.98125,1.0,1.0,1.0,1.0,0.81875,0.85625,0.14375,periodic,67,23.74196584800029,148.38728655000182,1.4,results/final_2026-05-12/scheme_c_holdout/configs/scenario_stress_holdoutfit.yaml
160.0,143.51807907724123,0.11875,0.11875,0.11875,0.10625,0.11875,0.6566106991728493,0.3433893008271506,0.8969879942327577,0.9751328926177253,0.9695123679499964,-2.6283599150058308,0.03125,0.96875,1.0,1.0,1.0,1.0,0.8375,0.8375,0.1625,periodic,68,23.0979523850001,144.36220240625062,1.4,results/final_2026-05-12/scheme_c_holdout/configs/scenario_stress_holdoutfit.yaml
160.0,162.4410487836322,0.11875,0.11875,0.11875,0.10625,0.11875,0.6908020579944392,0.30919794200556083,1.0152565548977013,0.6492536702484538,0.6431096096510196,-2.7018610994011896,0.0375,0.9625,1.0,1.0,1.0,1.0,0.8375,0.84375,0.15625,periodic,69,21.839299340999787,136.49562088124867,1.4,results/final_2026-05-12/scheme_c_holdout/configs/scenario_stress_holdoutfit.yaml
160.0,138.78738120814867,0.11875,0.11875,0.11875,0.09375,0.11875,0.6234237673284688,0.3765762326715311,0.8674211325509292,1.047241270764553,1.0380441237908264,-2.596622680524253,0.03125,0.96875,1.0,1.0,1.0,1.0,0.80625,0.84375,0.15625,periodic,70,21.620429302999582,135.1276831437474,1.4,results/final_2026-05-12/scheme_c_holdout/configs/scenario_stress_holdoutfit.yaml
160.0,147.69307607239986,0.11875,0.11875,0.11875,0.1,0.11875,0.6553960609736889,0.34460393902631103,0.9230817254524991,0.8049133028474917,0.7980439663982359,-2.7269645758076195,0.03125,0.96875,1.0,1.0,1.0,1.0,0.80625,0.85,0.15,periodic,71,21.744960943999104,135.9060058999944,1.4,results/final_2026-05-12/scheme_c_holdout/configs/scenario_stress_holdoutfit.yaml
160.0,151.5885991503883,0.11875,0.11875,0.11875,0.10625,0.11875,0.6577166366706908,0.3422833633293093,0.9474287446899268,0.9127055328909636,0.9062127432733084,-2.504465895101557,0.00625,0.99375,1.0,1.0,1.0,1.0,0.84375,0.85,0.15,periodic,72,22.49951170500026,140.62194815625162,1.4,results/final_2026-05-12/scheme_c_holdout/configs/scenario_stress_holdoutfit.yaml
160.0,155.890614078653,0.11875,0.11875,0.11875,0.10625,0.11875,0.6672718560532929,0.33272814394670724,0.9743163379915811,0.8485961097294183,0.8392786954280618,-2.520453600527896,0.03125,0.96875,1.0,1.0,1.0,1.0,0.78125,0.84375,0.15625,periodic,73,21.868777431000126,136.6798589437508,1.4,results/final_2026-05-12/scheme_c_holdout/configs/scenario_stress_holdoutfit.yaml
160.0,154.11329650023217,0.11875,0.11875,0.11875,0.1125,0.11875,0.6667293895752303,0.33327061042476985,0.963208103126451,0.9023779186094755,0.8915799316834268,-2.437177902432803,0.03125,0.96875,1.0,1.0,1.0,1.0,0.8,0.84375,0.15625,periodic,74,22.26791552099985,139.17447200624906,1.4,results/final_2026-05-12/scheme_c_holdout/configs/scenario_stress_holdoutfit.yaml
160.0,151.9058570208049,0.11875,0.11875,0.11875,0.1,0.11875,0.6721837058277249,0.32781629417227504,0.9494116063800305,0.6608997064605662,0.6520281016987765,-2.8543511958816987,0.03125,0.96875,1.0,1.0,1.0,1.0,0.7875,0.85,0.15,periodic,75,20.962329220000356,131.01455762500223,1.4,results/final_2026-05-12/scheme_c_holdout/configs/scenario_stress_holdoutfit.yaml
160.0,165.47466228917477,0.11875,0.11875,0.11875,0.10625,0.11875,0.6917936207603002,0.30820637923969996,1.0342166393073424,0.7025425206895278,0.6998106923225988,-2.554739158837172,0.03125,0.96875,1.0,1.0,1.0,1.0,0.88125,0.84375,0.15625,periodic,76,22.507525626999268,140.67203516874542,1.4,results/final_2026-05-12/scheme_c_holdout/configs/scenario_stress_holdoutfit.yaml
160.0,160.81310856878991,0.11875,0.11875,0.11875,0.1125,0.11875,0.6950133602877692,0.3049866397122309,1.005081928554937,0.6918943585201023,0.6829680856957379,-2.535922540395992,0.025,0.975,1.0,1.0,1.0,1.0,0.8125,0.85,0.15,periodic,77,22.34833249300027,139.6770780812517,1.4,results/final_2026-05-12/scheme_c_holdout/configs/scenario_stress_holdoutfit.yaml
160.0,170.656438620989,0.11875,0.11875,0.11875,0.11875,0.11875,0.7026984975189404,0.2973015024810596,1.0666027413811814,0.6661498937464729,0.6572688386038982,-2.468291504534469,0.03125,0.96875,1.0,1.0,1.0,1.0,0.83125,0.83125,0.16875,periodic,78,22.202300674999606,138.76437921874754,1.4,results/final_2026-05-12/scheme_c_holdout/configs/scenario_stress_holdoutfit.yaml
160.0,159.23272895702138,0.11875,0.11875,0.11875,0.1125,0.11875,0.671958306836407,0.3280416931635931,0.9952045559813836,0.8652281259442859,0.8565086750069606,-2.4392598504625402,0.03125,0.96875,1.0,1.0,1.0,1.0,0.775,0.84375,0.15625,periodic,79,22.045995685999515,137.78747303749697,1.4,results/final_2026-05-12/scheme_c_holdout/configs/scenario_stress_holdoutfit.yaml
160.0,163.12618249992033,0.11875,0.11875,0.11875,0.1125,0.11875,0.6857827242644057,0.3142172757355942,1.0195386406245022,0.7516767435788332,0.7379189795431111,-2.364118015949812,0.03125,0.96875,1.0,1.0,1.0,1.0,0.78125,0.8375,0.1625,periodic,80,22.548537037999267,140.92835648749542,1.4,results/final_2026-05-12/scheme_c_holdout/configs/scenario_stress_holdoutfit.yaml
160.0,154.0324226628686,0.11875,0.11875,0.11875,0.1125,0.11875,0.6699194391372758,0.33008056086272414,0.9627026416429288,0.8920580515445341,0.8859679361162076,-2.463763858663513,0.03125,0.96875,1.0,1.0,1.0,1.0,0.84375,0.84375,0.15625,periodic,81,22.557818776000204,140.98636735000127,1.4,results/final_2026-05-12/scheme_c_holdout/configs/scenario_stress_holdoutfit.yaml
160.0,197.51220288198098,0.109375,0.109375,0.4375,0.41875,0.4375,0.9361036311603499,0.06389636883965014,1.2344512680123811,0.11198130927171376,0.10674926570742352,-0.8742238176610542,0.05,0.95,1.0,1.0,1.0,1.0,0.91875,0.85,0.15,rollout_joint,62,286.83563568200043,1792.7227230125027,1.4,results/final_2026-05-12/scheme_c_holdout/configs/scenario_stress_holdoutfit.yaml
160.0,203.97395154780767,0.109375,0.109375,0.4375,0.4,0.4375,0.9361656191256958,0.06383438087430421,1.274837197173798,0.09593964665285763,0.08629584461036699,-0.8700952504572026,0.06875,0.93125,1.0,1.0,1.0,1.0,0.88125,0.8375,0.1625,rollout_joint,63,292.86784731100033,1830.424045693752,1.4,results/final_2026-05-12/scheme_c_holdout/configs/scenario_stress_holdoutfit.yaml
160.0,201.147245137754,0.1109375,0.1109375,0.44375,0.41875,0.44375,0.934609174629853,0.06539082537014707,1.2571702821109625,0.10946563052545288,0.10334649137897156,-0.8649253025162494,0.0625,0.9375,1.0,1.0,1.0,1.0,0.88125,0.8375,0.1625,rollout_joint,64,291.58521000200017,1822.407562512501,1.4,results/final_2026-05-12/scheme_c_holdout/configs/scenario_stress_holdoutfit.yaml
160.0,204.02309212715983,0.109375,0.109375,0.4375,0.40625,0.4375,0.9369747102831539,0.0630252897168461,1.275144325794749,0.09746719969480382,0.0920301079335049,-0.8606126370501389,0.06875,0.93125,1.0,1.0,1.0,1.0,0.86875,0.8375,0.1625,rollout_joint,65,290.0913459809999,1813.0709123812492,1.4,results/final_2026-05-12/scheme_c_holdout/configs/scenario_stress_holdoutfit.yaml
160.0,199.03818589283674,0.109375,0.109375,0.4375,0.425,0.4375,0.9357165243538113,0.06428347564618886,1.2439886618302296,0.10967902849609859,0.10286347492696477,-0.8701289290996858,0.05,0.95,1.0,1.0,1.0,1.0,0.88125,0.85,0.15,rollout_joint,66,293.3412653129999,1833.3829082062493,1.4,results/final_2026-05-12/scheme_c_holdout/configs/scenario_stress_holdoutfit.yaml
160.0,196.56464678751695,0.1125,0.1125,0.45,0.40625,0.45,0.9337272188446517,0.06627278115534832,1.228529042421981,0.11395143462044229,0.10631609244645053,-0.8977240508045533,0.04375,0.95625,1.0,1.0,1.0,1.0,0.9,0.8625,0.1375,rollout_joint,67,281.17206163100036,1757.3253851937523,1.4,results/final_2026-05-12/scheme_c_holdout/configs/scenario_stress_holdoutfit.yaml
160.0,201.7366888589541,0.1109375,0.1109375,0.44375,0.3875,0.44375,0.9315305220230222,0.06846947797697774,1.260854305368463,0.11239279772613202,0.10594456669812317,-0.877960558853806,0.05625,0.94375,1.0,1.0,1.0,1.0,0.9125,0.8375,0.1625,rollout_joint,68,295.00924221900004,1843.8077638687505,1.4,results/final_2026-05-12/scheme_c_holdout/configs/scenario_stress_holdoutfit.yaml
160.0,200.74217955322183,0.1109375,0.1109375,0.44375,0.4,0.44375,0.9361474308462323,0.06385256915376777,1.2546386222076364,0.10064832958811583,0.09136650206642032,-0.8828803840802675,0.05625,0.94375,1.0,1.0,1.0,1.0,0.8875,0.84375,0.15625,rollout_joint,69,285.86279548400034,1786.6424717750022,1.4,results/final_2026-05-12/scheme_c_holdout/configs/scenario_stress_holdoutfit.yaml
160.0,199.36370442872828,0.109375,0.109375,0.4375,0.41875,0.4375,0.9350220968187791,0.0649779031812209,1.2460231526795518,0.11198112460733381,0.10803850845123222,-0.8690126470420733,0.05625,0.94375,1.0,1.0,1.0,1.0,0.8875,0.85,0.15,rollout_joint,70,288.1146250060001,1800.7164062875006,1.4,results/final_2026-05-12/scheme_c_holdout/configs/scenario_stress_holdoutfit.yaml
160.0,199.8333509065689,0.109375,0.109375,0.4375,0.4125,0.4375,0.9340563986489681,0.06594360135103183,1.2489584431660556,0.11361461670437425,0.10548126550371233,-0.8706047660819932,0.0625,0.9375,1.0,1.0,1.0,1.0,0.875,0.84375,0.15625,rollout_joint,71,293.92987766199985,1837.061735387499,1.4,results/final_2026-05-12/scheme_c_holdout/configs/scenario_stress_holdoutfit.yaml
160.0,200.00292528290453,0.1109375,0.1109375,0.44375,0.39375,0.44375,0.9317403240124035,0.06825967598759652,1.2500182830181532,0.11518640815611067,0.1085201581201907,-0.8817562054402925,0.0625,0.9375,1.0,1.0,1.0,1.0,0.8875,0.84375,0.15625,rollout_joint,72,287.3093829749996,1795.6836435937475,1.4,results/final_2026-05-12/scheme_c_holdout/configs/scenario_stress_holdoutfit.yaml
160.0,198.84848596052046,0.1109375,0.1109375,0.44375,0.4125,0.44375,0.9348902210195817,0.06510977898041828,1.2428030372532528,0.10696740798420504,0.10061516210925354,-0.8861444209300353,0.05,0.95,1.0,1.0,1.0,1.0,0.9,0.85,0.15,rollout_joint,73,294.0723946519993,1837.9524665749955,1.4,results/final_2026-05-12/scheme_c_holdout/configs/scenario_stress_holdoutfit.yaml
160.0,200.18786701406168,0.1125,0.1125,0.45,0.39375,0.45,0.9339682821407553,0.0660317178592447,1.2511741688378855,0.10635387815788629,0.10111250296928032,-0.8867411446538839,0.06875,0.93125,1.0,1.0,1.0,1.0,0.9125,0.85,0.15,rollout_joint,74,281.87099639199914,1761.6937274499946,1.4,results/final_2026-05-12/scheme_c_holdout/configs/scenario_stress_holdoutfit.yaml
160.0,199.67041070474409,0.115625,0.115625,0.4625,0.4,0.4625,0.93440858622117,0.06559141377883008,1.2479400669046505,0.1065487330085562,0.09922242446898845,-0.8894524069694352,0.06875,0.93125,1.0,1.0,1.0,1.0,0.86875,0.85,0.15,rollout_joint,75,290.4530426170004,1815.3315163562525,1.4,results/final_2026-05-12/scheme_c_holdout/configs/scenario_stress_holdoutfit.yaml
160.0,202.5389698972913,0.1109375,0.1109375,0.44375,0.425,0.44375,0.9347078866867099,0.06529211331329021,1.2658685618580707,0.10620752809132798,0.09896744905669744,-0.858801278313638,0.05625,0.94375,1.0,1.0,1.0,1.0,0.86875,0.8375,0.1625,rollout_joint,76,289.331252682,1808.3203292624999,1.4,results/final_2026-05-12/scheme_c_holdout/configs/scenario_stress_holdoutfit.yaml
160.0,199.1717020825356,0.1125,0.1125,0.45,0.4,0.45,0.9329650456309458,0.06703495436905406,1.2448231380158474,0.1112031536133949,0.10428295027035976,-0.8906135201654954,0.05,0.95,1.0,1.0,1.0,1.0,0.89375,0.84375,0.15625,rollout_joint,77,282.8225207339992,1767.640754587495,1.4,results/final_2026-05-12/scheme_c_holdout/configs/scenario_stress_holdoutfit.yaml
160.0,202.470193074488,0.109375,0.109375,0.4375,0.41875,0.4375,0.9331759770462952,0.06682402295370486,1.2654387067155501,0.11702158987328773,0.11103851225673962,-0.8496723517169003,0.0625,0.9375,1.0,1.0,1.0,1.0,0.9,0.8375,0.1625,rollout_joint,78,291.33126088599965,1820.8203805374978,1.4,results/final_2026-05-12/scheme_c_holdout/configs/scenario_stress_holdoutfit.yaml
160.0,201.92045819398965,0.109375,0.109375,0.4375,0.40625,0.4375,0.9357542733809971,0.06424572661900278,1.2620028637124352,0.1014342765909588,0.09757694341261416,-0.8725623303976977,0.0625,0.9375,1.0,1.0,1.0,1.0,0.90625,0.84375,0.15625,rollout_joint,79,291.3886423599997,1821.1790147499983,1.4,results/final_2026-05-12/scheme_c_holdout/configs/scenario_stress_holdoutfit.yaml
160.0,202.36519446931015,0.109375,0.109375,0.4375,0.40625,0.4375,0.9367825185267611,0.06321748147323882,1.2647824654331885,0.09549076001321607,0.08727167138988315,-0.8757416003523091,0.05625,0.94375,1.0,1.0,1.0,1.0,0.85625,0.84375,0.15625,rollout_joint,80,289.7877050879997,1811.1731567999982,1.4,results/final_2026-05-12/scheme_c_holdout/configs/scenario_stress_holdoutfit.yaml
160.0,201.4794644438383,0.1109375,0.1109375,0.44375,0.4,0.44375,0.9348419987394335,0.06515800126056653,1.2592466527739894,0.10642038120710177,0.10026018333976952,-0.8746005687134598,0.06875,0.93125,1.0,1.0,1.0,1.0,0.88125,0.84375,0.15625,rollout_joint,81,285.4215193299997,1783.884495812498,1.4,results/final_2026-05-12/scheme_c_holdout/configs/scenario_stress_holdoutfit.yaml
160.0,100.8948854898004,0.11875,0.11875,0.15625,0.15,0.15625,0.33016357140154334,0.6698364285984566,0.6305930343112525,1.8020254775396978,1.7901299906760209,-18.686872494305042,0.0625,0.9375,1.0,1.0,1.0,1.0,0.91875,0.85,0.15,security_margin,62,22.600818464999975,141.25511540624984,1.4,results/final_2026-05-12/scheme_c_holdout/configs/scenario_stress_holdoutfit.yaml
160.0,101.90365324999954,0.11875,0.11875,0.16875,0.15,0.16875,0.3299287097699203,0.6700712902300797,0.6368978328124971,1.8100965860766927,1.798505260190268,-20.186528507938537,0.05625,0.94375,1.0,1.0,1.0,1.0,0.91875,0.85,0.15,security_margin,63,21.53908954200051,134.6193096375032,1.4,results/final_2026-05-12/scheme_c_holdout/configs/scenario_stress_holdoutfit.yaml
160.0,95.26187396815524,0.11875,0.11875,0.16875,0.1625,0.16875,0.33703565626549004,0.6629643437345101,0.5953867123009703,1.8269630235768162,1.8186285546158198,-18.97986022055911,0.0625,0.9375,1.0,1.0,1.0,1.0,0.94375,0.84375,0.15625,security_margin,64,22.94352087599964,143.39700547499774,1.4,results/final_2026-05-12/scheme_c_holdout/configs/scenario_stress_holdoutfit.yaml
160.0,105.90538852820515,0.11719031998163909,0.11719031998163909,0.16875,0.15625,0.16875,0.3425059406562504,0.6574940593437497,0.6619086783012822,1.7873217026650159,1.7782560672388066,-19.625086696849166,0.0625,0.9375,1.0,1.0,1.0,1.0,0.9,0.84375,0.15625,security_margin,65,22.533727011999872,140.8357938249992,1.4,results/final_2026-05-12/scheme_c_holdout/configs/scenario_stress_holdoutfit.yaml
160.0,104.94944006237992,0.11875000000000005,0.11875000000000005,0.16875,0.1625,0.16875,0.34218883311357134,0.6578111668864286,0.6559340003898745,1.7941057054758704,1.7850966211885262,-19.387712689690872,0.0625,0.9375,1.0,1.0,1.0,1.0,0.925,0.84375,0.15625,security_margin,66,23.109376251999493,144.43360157499683,1.4,results/final_2026-05-12/scheme_c_holdout/configs/scenario_stress_holdoutfit.yaml
160.0,100.15543497495376,0.11875,0.11875,0.16875,0.16875,0.16875,0.3334455040037592,0.6665544959962408,0.625971468593461,1.824879738572046,1.8200931542168646,-21.269322518671938,0.05625,0.94375,0.99375,0.99375,0.99375,0.99375,0.9625,0.8625,0.1375,security_margin,67,22.76895207399957,142.30595046249732,1.4,results/final_2026-05-12/scheme_c_holdout/configs/scenario_stress_holdoutfit.yaml
160.0,97.4248254494772,0.11864778945053152,0.11864778945053152,0.1625,0.15,0.1625,0.3272604833613391,0.6727395166386609,0.6089051590592325,1.8362346018956903,1.827608553314856,-17.782874444042257,0.0625,0.9375,1.0,1.0,1.0,1.0,0.91875,0.8375,0.1625,security_margin,68,21.62664833300005,135.1665520812503,1.4,results/final_2026-05-12/scheme_c_holdout/configs/scenario_stress_holdoutfit.yaml
160.0,110.04831229425974,0.11874999999999998,0.11874999999999998,0.15625,0.13125,0.15625,0.32883406641988067,0.6711659335801194,0.6878019518391234,1.7896931280591601,1.7781210962585532,-18.491076532188558,0.0625,0.9375,0.99375,0.99375,0.99375,0.99375,0.9,0.84375,0.15625,security_margin,69,21.6220047350007,135.13752959375438,1.4,results/final_2026-05-12/scheme_c_holdout/configs/scenario_stress_holdoutfit.yaml
160.0,100.19560224954448,0.11875,0.11875,0.175,0.16875,0.175,0.33952600026075735,0.6604739997392427,0.626222514059653,1.8168812125345475,1.812043583231717,-22.828715324226202,0.05625,0.94375,0.9875,0.9875,0.9875,0.9875,0.95,0.85625,0.14375,security_margin,70,22.25995971300017,139.12474820625107,1.4,results/final_2026-05-12/scheme_c_holdout/configs/scenario_stress_holdoutfit.yaml
160.0,104.23339307639239,0.11875,0.11875,0.1625,0.1375,0.1625,0.3269371464306424,0.6730628535693577,0.6514587067274524,1.784665972842061,1.7716077123246023,-19.34870727080219,0.05625,0.94375,1.0,1.0,1.0,1.0,0.9125,0.84375,0.15625,security_margin,71,22.03278461700029,137.7049038562518,1.4,results/final_2026-05-12/scheme_c_holdout/configs/scenario_stress_holdoutfit.yaml
160.0,102.67510304396622,0.11855988049900974,0.11855988049900974,0.15625,0.15,0.15625,0.33300332695204515,0.6669966730479548,0.6417193940247888,1.796809214032028,1.7835424845383734,-18.806173331908862,0.0625,0.9375,1.0,1.0,1.0,1.0,0.9125,0.84375,0.15625,security_margin,72,21.052540321999913,131.57837701249946,1.4,results/final_2026-05-12/scheme_c_holdout/configs/scenario_stress_holdoutfit.yaml
160.0,102.22380882358743,0.11875,0.11875,0.15625,0.14375,0.15625,0.33465108283302014,0.6653489171669799,0.6388988051474215,1.7833093678201302,1.773328878808329,-18.208268441840232,0.0625,0.9375,1.0,1.0,1.0,1.0,0.90625,0.84375,0.15625,security_margin,73,22.38376505999986,139.89853162499912,1.4,results/final_2026-05-12/scheme_c_holdout/configs/scenario_stress_holdoutfit.yaml
160.0,95.33946715417937,0.11787934373188688,0.11787934373188688,0.15625,0.15,0.15625,0.3296308188393945,0.6703691811606054,0.595871669713621,1.8545057352821963,1.8482541045322933,-19.23148886279043,0.06875,0.93125,0.99375,0.99375,0.99375,0.99375,0.95625,0.85,0.15,security_margin,74,21.590261084999838,134.939131781249,1.4,results/final_2026-05-12/scheme_c_holdout/configs/scenario_stress_holdoutfit.yaml
160.0,111.91423189476924,0.11734489176625147,0.11734489176625147,0.15625,0.13125,0.15625,0.3360191384044515,0.6639808615955485,0.6994639493423078,1.7603350203620587,1.7518823915687398,-17.593192003047037,0.06875,0.93125,0.99375,0.99375,0.99375,0.99375,0.89375,0.8375,0.1625,security_margin,75,22.482898174000184,140.51811358750115,1.4,results/final_2026-05-12/scheme_c_holdout/configs/scenario_stress_holdoutfit.yaml
160.0,94.04317006665912,0.11875,0.11875,0.1625,0.1375,0.1625,0.32746667338083635,0.6725333266191638,0.5877698129166194,1.8473113994084258,1.8397687240828453,-19.286598636441877,0.0625,0.9375,0.99375,0.99375,0.99375,0.99375,0.93125,0.84375,0.15625,security_margin,76,22.19336307499998,138.70851921874987,1.4,results/final_2026-05-12/scheme_c_holdout/configs/scenario_stress_holdoutfit.yaml
160.0,109.76546113125718,0.11875,0.11875,0.15625,0.14375,0.15625,0.3369576215833252,0.6630423784166748,0.6860341320703573,1.7680277112720482,1.760764836400765,-18.764054932369312,0.06875,0.93125,1.0,1.0,1.0,1.0,0.9375,0.8375,0.1625,security_margin,77,22.01776479399996,137.61102996249974,1.4,results/final_2026-05-12/scheme_c_holdout/configs/scenario_stress_holdoutfit.yaml
160.0,105.99514944173556,0.11875,0.11875,0.1625,0.15,0.1625,0.3353498030301617,0.6646501969698383,0.6624696840108473,1.7837805215348557,1.7772633850371975,-19.72054767767469,0.06875,0.93125,1.0,1.0,1.0,1.0,0.93125,0.8375,0.1625,security_margin,78,23.394330712999363,146.21456695624602,1.4,results/final_2026-05-12/scheme_c_holdout/configs/scenario_stress_holdoutfit.yaml
160.0,99.60854230797469,0.1178198085244186,0.1178198085244186,0.15625,0.14375,0.15625,0.3286113697007042,0.6713886302992959,0.6225533894248418,1.831912607067681,1.8255138382328997,-19.268210256084835,0.06875,0.93125,0.9875,0.9875,0.9875,0.9875,0.91875,0.84375,0.15625,security_margin,79,21.632659127999432,135.20411954999645,1.4,results/final_2026-05-12/scheme_c_holdout/configs/scenario_stress_holdoutfit.yaml
160.0,105.19001748580558,0.11875,0.11875,0.16875,0.1625,0.16875,0.3451564594476165,0.6548435405523835,0.6574376092862849,1.779125726587976,1.7744786510546482,-21.340744808146635,0.06875,0.93125,0.99375,0.99375,0.99375,0.99375,0.95,0.84375,0.15625,security_margin,80,20.88388218700038,130.52426366875238,1.4,results/final_2026-05-12/scheme_c_holdout/configs/scenario_stress_holdoutfit.yaml
160.0,103.90493949484322,0.11874999999999998,0.11874999999999998,0.175,0.15625,0.175,0.34040672021405677,0.6595932797859432,0.6494058718427701,1.7769571202097183,1.766878767942735,-18.024803509656685,0.05625,0.94375,1.0,1.0,1.0,1.0,0.90625,0.84375,0.15625,security_margin,81,20.15588341000057,125.97427131250356,1.4,results/final_2026-05-12/scheme_c_holdout/configs/scenario_stress_holdoutfit.yaml
160.0,134.7381588323274,0.03427896954747251,0.03427896954747251,0.1125,0.1125,0.1125,0.6780240977365724,0.32197590226342765,0.8421134927020463,0.8836124734310553,0.8828242501109592,-1.7236509269303824,0.03125,0.96875,1.0,1.0,1.0,1.0,0.94375,0.85625,0.14375,security_risk,62,21.783476408999377,136.1467275562461,1.4,results/final_2026-05-12/scheme_c_holdout/configs/scenario_stress_holdoutfit.yaml
160.0,144.9033138167465,0.035855320048873894,0.035855320048873894,0.11875,0.1125,0.11875,0.6731665667643912,0.32683343323560876,0.9056457113546657,0.823968287057248,0.8180446819465554,-1.7416267107265242,0.03125,0.96875,1.0,1.0,1.0,1.0,0.875,0.8375,0.1625,security_risk,63,23.58028213199941,147.37676332499632,1.4,results/final_2026-05-12/scheme_c_holdout/configs/scenario_stress_holdoutfit.yaml
160.0,157.30119083266533,0.03390377501358367,0.03390377501358367,0.1125,0.1,0.1125,0.6884390896734932,0.3115609103265068,0.9831324427041583,0.634889139559116,0.632394633467096,-1.8826019370879792,0.01875,0.98125,1.0,1.0,1.0,1.0,0.925,0.83125,0.16875,security_risk,64,23.12271220399998,144.51695127499988,1.4,results/final_2026-05-12/scheme_c_holdout/configs/scenario_stress_holdoutfit.yaml
160.0,136.4817877044983,0.03528125101734484,0.03528125101734484,0.11875,0.10625,0.11875,0.6690835956415755,0.33091640435842445,0.8530111731531143,0.9458778839568847,0.9414907574922464,-1.688083699221007,0.03125,0.96875,1.0,1.0,1.0,1.0,0.89375,0.8375,0.1625,security_risk,65,21.212168430999554,132.57605269374722,1.4,results/final_2026-05-12/scheme_c_holdout/configs/scenario_stress_holdoutfit.yaml
160.0,132.76988693773018,0.03546472528808563,0.03546472528808563,0.11875,0.10625,0.11875,0.6679735924505781,0.33202640754942186,0.8298117933608136,0.9315588546064559,0.9287995713890291,-1.716455708578415,0.03125,0.96875,1.0,1.0,1.0,1.0,0.91875,0.85625,0.14375,security_risk,66,21.56651673000033,134.79072956250207,1.4,results/final_2026-05-12/scheme_c_holdout/configs/scenario_stress_holdoutfit.yaml
160.0,131.48513960107925,0.0380875593144943,0.0380875593144943,0.125,0.1125,0.125,0.6664325500159445,0.33356744998405546,0.8217821225067453,0.9701760001322841,0.9681465361607448,-1.6860550500807137,0.03125,0.96875,1.0,1.0,1.0,1.0,0.91875,0.85625,0.14375,security_risk,67,22.517128471000433,140.7320529437527,1.4,results/final_2026-05-12/scheme_c_holdout/configs/scenario_stress_holdoutfit.yaml
160.0,144.58280111714907,0.04054347029417328,0.04054347029417328,0.13125,0.1,0.13125,0.6754762486328689,0.32452375136713113,0.9036425069821817,0.7185218112893828,0.7113041655365547,-1.9080867553769072,0.03125,0.96875,1.0,1.0,1.0,1.0,0.8625,0.825,0.175,security_risk,68,21.82566340199992,136.4103962624995,1.4,results/final_2026-05-12/scheme_c_holdout/configs/scenario_stress_holdoutfit.yaml
160.0,136.6819518211347,0.03569871081471616,0.03569871081471616,0.11875,0.1,0.11875,0.6743362909097413,0.3256637090902587,0.8542621988820919,0.8599859041034843,0.8531547188605206,-1.784174872108554,0.03125,0.96875,1.0,1.0,1.0,1.0,0.85625,0.85625,0.14375,security_risk,69,22.184445421999953,138.6527838874997,1.4,results/final_2026-05-12/scheme_c_holdout/configs/scenario_stress_holdoutfit.yaml
160.0,155.46977897534083,0.034805852197655036,0.034805852197655036,0.11875,0.10625,0.11875,0.693719993234087,0.306280006765913,0.9716861185958802,0.5909782355354518,0.5866400910008253,-1.9085245909330557,0.025,0.975,1.0,1.0,1.0,1.0,0.8875,0.84375,0.15625,security_risk,70,20.576279427999907,128.60174642499942,1.4,results/final_2026-05-12/scheme_c_holdout/configs/scenario_stress_holdoutfit.yaml
160.0,132.19011962479522,0.03569266476160994,0.03569266476160994,0.11875,0.10625,0.11875,0.663546442208791,0.3364535577912089,0.8261882476549701,0.9884433171993472,0.9850024643299026,-1.6746236698169583,0.03125,0.96875,1.0,1.0,1.0,1.0,0.875,0.85625,0.14375,security_risk,71,21.73609691599995,135.8506057249997,1.4,results/final_2026-05-12/scheme_c_holdout/configs/scenario_stress_holdoutfit.yaml
160.0,133.3778126690799,0.038746870079280356,0.038746870079280356,0.125,0.1125,0.125,0.668035858905434,0.3319641410945659,0.8336113291817494,0.9475721372146116,0.9455803566832813,-1.692984812068779,0.03125,0.96875,1.0,1.0,1.0,1.0,0.9,0.85625,0.14375,security_risk,72,21.56623825099996,134.78898906874974,1.4,results/final_2026-05-12/scheme_c_holdout/configs/scenario_stress_holdoutfit.yaml
160.0,133.88206972836738,0.037246461281309026,0.037246461281309026,0.125,0.10625,0.125,0.6637958847325847,0.3362041152674153,0.8367629358022961,0.9465313088811484,0.9446770220412317,-1.7041663773156397,0.03125,0.96875,1.0,1.0,1.0,1.0,0.91875,0.85,0.15,security_risk,73,21.930754646999958,137.06721654374974,1.4,results/final_2026-05-12/scheme_c_holdout/configs/scenario_stress_holdoutfit.yaml
160.0,152.25534491733913,0.036344935800310965,0.036344935800310965,0.125,0.10625,0.125,0.6973723566570736,0.30262764334292636,0.9515959057333696,0.5715503640987513,0.5687144008982233,-1.925110600990066,0.03125,0.96875,1.0,1.0,1.0,1.0,0.93125,0.84375,0.15625,security_risk,74,20.959291834000396,130.99557396250248,1.4,results/final_2026-05-12/scheme_c_holdout/configs/scenario_stress_holdoutfit.yaml
160.0,131.3588954728423,0.035811010588156125,0.035811010588156125,0.11875,0.1125,0.11875,0.6721593521962086,0.32784064780379146,0.8209930967052644,0.9624870451970577,0.957528554844723,-1.6849521055220316,0.03125,0.96875,1.0,1.0,1.0,1.0,0.875,0.85625,0.14375,security_risk,75,21.856199255999854,136.6012453499991,1.4,results/final_2026-05-12/scheme_c_holdout/configs/scenario_stress_holdoutfit.yaml
160.0,134.85900857912128,0.037210013068033065,0.037210013068033065,0.125,0.10625,0.125,0.6693336856480855,0.3306663143519145,0.842868803619508,0.961821510191764,0.9571252277822033,-1.6784892939160212,0.03125,0.96875,1.0,1.0,1.0,1.0,0.89375,0.85625,0.14375,security_risk,76,20.521733898000093,128.26083686250058,1.4,results/final_2026-05-12/scheme_c_holdout/configs/scenario_stress_holdoutfit.yaml
160.0,134.34036338696987,0.035656796784279444,0.035656796784279444,0.11875,0.1125,0.11875,0.6749146102966812,0.32508538970331885,0.8396272711685617,0.9178668007911204,0.9149664558828461,-1.7029497085297307,0.025,0.975,1.0,1.0,1.0,1.0,0.8625,0.85625,0.14375,security_risk,77,21.72409155100013,135.7755721937508,1.4,results/final_2026-05-12/scheme_c_holdout/configs/scenario_stress_holdoutfit.yaml
160.0,139.5291464429964,0.03355447435369111,0.03355447435369111,0.1125,0.1125,0.1125,0.6714561629605855,0.3285438370394145,0.8720571652687275,0.9374265596124001,0.9285175676783156,-1.676459174861839,0.03125,0.96875,1.0,1.0,1.0,1.0,0.8625,0.83125,0.16875,security_risk,78,21.47435638600018,134.21472741250113,1.4,results/final_2026-05-12/scheme_c_holdout/configs/scenario_stress_holdoutfit.yaml
160.0,134.93543108940412,0.03627631072134745,0.03627631072134745,0.11875,0.1125,0.11875,0.6679052941849022,0.3320947058150979,0.8433464443087757,0.9406950129043329,0.9384067821961988,-1.6800912704401676,0.03125,0.96875,1.0,1.0,1.0,1.0,0.9,0.84375,0.15625,security_risk,79,21.971547693000502,137.32217308125314,1.4,results/final_2026-05-12/scheme_c_holdout/configs/scenario_stress_holdoutfit.yaml
160.0,134.89595227660192,0.03529703511504111,0.03529703511504111,0.11875,0.1125,0.11875,0.674810834210003,0.325189165789997,0.843099701728762,0.9277495315656932,0.9265533701886511,-1.688229113621268,0.03125,0.96875,1.0,1.0,1.0,1.0,0.93125,0.84375,0.15625,security_risk,80,24.58884153100007,153.68025956875044,1.4,results/final_2026-05-12/scheme_c_holdout/configs/scenario_stress_holdoutfit.yaml
160.0,136.7766025463024,0.037055102006469956,0.037055102006469956,0.125,0.11875,0.125,0.6670466610892017,0.33295333891079826,0.85485376591439,0.9748261848323319,0.9691175754351539,-1.6154610266978917,0.03125,0.96875,1.0,1.0,1.0,1.0,0.85,0.85625,0.14375,security_risk,81,21.72520356699988,135.78252229374925,1.4,results/final_2026-05-12/scheme_c_holdout/configs/scenario_stress_holdoutfit.yaml
160.0,163.31865849153382,0.11875,0.11875,0.11875,0.11875,0.11875,0.6913909417528133,0.30860905824718654,1.0207416155720863,0.7418721259590256,0.7332104744289625,-2.6799928741920342,0.0125,0.9875,1.0,1.0,1.0,1.0,0.8625,0.875,0.125,periodic,62,21.40589139199983,133.78682119999894,1.7,results/final_2026-05-12/scheme_c_holdout/configs/scenario_stress_holdoutfit.yaml
160.0,159.05230211042442,0.11875,0.11875,0.11875,0.1125,0.11875,0.6684057178533491,0.3315942821466509,0.9940768881901526,0.8944809955850499,0.8874649177850523,-2.7473687511987586,0.01875,0.98125,1.0,1.0,1.0,1.0,0.80625,0.8625,0.1375,periodic,63,21.096477874999437,131.85298671874648,1.7,results/final_2026-05-12/scheme_c_holdout/configs/scenario_stress_holdoutfit.yaml
160.0,151.9152038163785,0.11875,0.11875,0.11875,0.1125,0.11875,0.6621638497089586,0.33783615029104136,0.9494700238523656,0.9134388859339577,0.9069345503642685,-2.764288700790085,0.01875,0.98125,1.0,1.0,1.0,1.0,0.84375,0.86875,0.13125,periodic,64,22.028301045000262,137.67688153125164,1.7,results/final_2026-05-12/scheme_c_holdout/configs/scenario_stress_holdoutfit.yaml
160.0,148.18231839334695,0.11875,0.11875,0.11875,0.1,0.11875,0.6488332943570712,0.3511667056429288,0.9261394899584184,0.9570298418229661,0.9491568816278312,-2.8845582386819997,0.01875,0.98125,1.0,1.0,1.0,1.0,0.80625,0.875,0.125,periodic,65,21.93117004599935,137.06981278749595,1.7,results/final_2026-05-12/scheme_c_holdout/configs/scenario_stress_holdoutfit.yaml
160.0,160.9628856748119,0.11875,0.11875,0.11875,0.1125,0.11875,0.6875984525974239,0.31240154740257614,1.0060180354675743,0.721057212047839,0.7108644662463384,-2.774640092695101,0.01875,0.98125,1.0,1.0,1.0,1.0,0.81875,0.875,0.125,periodic,66,23.78875954799969,148.67974717499806,1.7,results/final_2026-05-12/scheme_c_holdout/configs/scenario_stress_holdoutfit.yaml
160.0,158.38401275285196,0.11875,0.11875,0.11875,0.1125,0.11875,0.677573374444236,0.3224266255557639,0.9899000797053248,0.8224215969811898,0.8086200768522902,-2.68433912354534,0.00625,0.99375,1.0,1.0,1.0,1.0,0.79375,0.8875,0.1125,periodic,67,21.19864177099953,132.49151106874706,1.7,results/final_2026-05-12/scheme_c_holdout/configs/scenario_stress_holdoutfit.yaml
160.0,154.99148849600195,0.11875,0.11875,0.11875,0.10625,0.11875,0.6655257491732195,0.33447425082678045,0.9686968031000122,0.8312002728557901,0.82576357488407,-2.880612738139359,0.01875,0.98125,1.0,1.0,1.0,1.0,0.85625,0.875,0.125,periodic,68,22.885868246999962,143.03667654374976,1.7,results/final_2026-05-12/scheme_c_holdout/configs/scenario_stress_holdoutfit.yaml
160.0,155.04696529452133,0.11875,0.11875,0.11875,0.10625,0.11875,0.6623067271143619,0.33769327288563816,0.9690435330907583,0.8847363461949543,0.8787860742039728,-2.8391398136893544,0.01875,0.98125,1.0,1.0,1.0,1.0,0.83125,0.875,0.125,periodic,69,21.89207974600049,136.82549841250307,1.7,results/final_2026-05-12/scheme_c_holdout/configs/scenario_stress_holdoutfit.yaml
160.0,139.02351472293748,0.11875,0.11875,0.11875,0.09375,0.11875,0.6235789811073373,0.3764210188926626,0.8688969670183593,1.0492444993095649,1.0399236658270403,-2.7966637828490972,0.01875,0.98125,1.0,1.0,1.0,1.0,0.79375,0.875,0.125,periodic,70,23.00658783000017,143.79117393750107,1.7,results/final_2026-05-12/scheme_c_holdout/configs/scenario_stress_holdoutfit.yaml
160.0,153.11549077995627,0.11875,0.11875,0.11875,0.1,0.11875,0.662706836127896,0.337293163872104,0.9569718173747267,0.7862748464544517,0.7794120249787577,-2.8120820640959203,0.01875,0.98125,1.0,1.0,1.0,1.0,0.79375,0.875,0.125,periodic,71,21.99753735500053,137.48460846875332,1.7,results/final_2026-05-12/scheme_c_holdout/configs/scenario_stress_holdoutfit.yaml
160.0,157.69956299124203,0.11875,0.11875,0.11875,0.10625,0.11875,0.6855444830552947,0.3144555169447053,0.9856222686952627,0.7316647714132454,0.7249738729391362,-2.820980256951708,0.0,1.0,1.0,1.0,1.0,1.0,0.8125,0.88125,0.11875,periodic,72,21.918303639999976,136.98939774999985,1.7,results/final_2026-05-12/scheme_c_holdout/configs/scenario_stress_holdoutfit.yaml
160.0,147.7867061167512,0.11875,0.11875,0.11875,0.10625,0.11875,0.6646756574725229,0.335324342527477,0.923666913229695,0.9349298919412504,0.9257717839828542,-2.9106792506180432,0.01875,0.98125,1.0,1.0,1.0,1.0,0.7625,0.86875,0.13125,periodic,73,22.066010610000376,137.91256631250235,1.7,results/final_2026-05-12/scheme_c_holdout/configs/scenario_stress_holdoutfit.yaml
160.0,156.63041492424236,0.11875,0.11875,0.11875,0.1125,0.11875,0.6689554953402677,0.33104450465973245,0.9789400932765148,0.8837681320715554,0.8734300809552492,-2.7595287504495705,0.01875,0.98125,1.0,1.0,1.0,1.0,0.8125,0.875,0.125,periodic,74,20.433528569000373,127.70955355625233,1.7,results/final_2026-05-12/scheme_c_holdout/configs/scenario_stress_holdoutfit.yaml
160.0,132.5450136909678,0.11875,0.11875,0.11875,0.1,0.11875,0.6249739769717224,0.3750260230282777,0.8284063355685488,1.0940129682628315,1.0851701322578768,-3.0105103960561004,0.01875,0.98125,1.0,1.0,1.0,1.0,0.8,0.875,0.125,periodic,75,23.85573878500054,149.09836740625337,1.7,results/final_2026-05-12/scheme_c_holdout/configs/scenario_stress_holdoutfit.yaml
160.0,161.21179572818738,0.11875,0.11875,0.11875,0.10625,0.11875,0.6747187361056625,0.3252812638943374,1.0075737233011712,0.8217603138156655,0.8195991399597077,-2.7466619128962666,0.01875,0.98125,1.0,1.0,1.0,1.0,0.86875,0.86875,0.13125,periodic,76,22.335399646999576,139.59624779374735,1.7,results/final_2026-05-12/scheme_c_holdout/configs/scenario_stress_holdoutfit.yaml
160.0,153.84147351962406,0.11875,0.11875,0.11875,0.1125,0.11875,0.6701557692193959,0.3298442307806041,0.9615092094976504,0.8765291962243916,0.8675625668460502,-2.7577291315534853,0.0125,0.9875,1.0,1.0,1.0,1.0,0.83125,0.86875,0.13125,periodic,77,21.32814306199998,133.30089413749988,1.7,results/final_2026-05-12/scheme_c_holdout/configs/scenario_stress_holdoutfit.yaml
160.0,168.53894835121775,0.11875,0.11875,0.11875,0.11875,0.11875,0.6963010262793592,0.30369897372064086,1.053368427195111,0.7080218162644505,0.6997055228325574,-2.7472998263623922,0.01875,0.98125,1.0,1.0,1.0,1.0,0.83125,0.8625,0.1375,periodic,78,22.117408776000048,138.2338048500003,1.7,results/final_2026-05-12/scheme_c_holdout/configs/scenario_stress_holdoutfit.yaml
160.0,168.4484347032073,0.11875,0.11875,0.11875,0.1125,0.11875,0.6927311955328104,0.3072688044671895,1.0528027168950458,0.6733014973878261,0.6636580443371809,-2.8070990068100845,0.01875,0.98125,1.0,1.0,1.0,1.0,0.74375,0.875,0.125,periodic,79,21.007151527000133,131.29469704375083,1.7,results/final_2026-05-12/scheme_c_holdout/configs/scenario_stress_holdoutfit.yaml
160.0,163.08336608182145,0.11875,0.11875,0.11875,0.1125,0.11875,0.6857827242644057,0.3142172757355942,1.019271038011384,0.7516767435788332,0.7380473866487295,-2.6640302686360218,0.01875,0.98125,1.0,1.0,1.0,1.0,0.78125,0.86875,0.13125,periodic,80,21.348453051999968,133.4278315749998,1.7,results/final_2026-05-12/scheme_c_holdout/configs/scenario_stress_holdoutfit.yaml
160.0,164.23212224134286,0.11875,0.11875,0.11875,0.1125,0.11875,0.6892878619824551,0.31071213801754494,1.0264507640083929,0.7396229228693922,0.7332466756723023,-2.7189315441901902,0.01875,0.98125,1.0,1.0,1.0,1.0,0.8125,0.875,0.125,periodic,81,21.859941784999137,136.6246361562446,1.7,results/final_2026-05-12/scheme_c_holdout/configs/scenario_stress_holdoutfit.yaml
160.0,199.46206566949508,0.1125,0.1125,0.45,0.40625,0.45,0.9352559033977836,0.06474409660221628,1.2466379104343441,0.10801400082893478,0.10249313183860817,-1.179821318148178,0.03125,0.96875,1.0,1.0,1.0,1.0,0.9,0.88125,0.11875,rollout_joint,62,299.49877792200004,1871.8673620125003,1.7,results/final_2026-05-12/scheme_c_holdout/configs/scenario_stress_holdoutfit.yaml
160.0,202.83986673563243,0.1125,0.1125,0.45,0.4,0.45,0.9377189937980068,0.06228100620199312,1.2677491670977026,0.09341457650813911,0.08552026240453789,-1.1737369561333721,0.0375,0.9625,1.0,1.0,1.0,1.0,0.8625,0.875,0.125,rollout_joint,63,284.3908555959997,1777.442847474998,1.7,results/final_2026-05-12/scheme_c_holdout/configs/scenario_stress_holdoutfit.yaml
160.0,201.22952199856374,0.109375,0.109375,0.4375,0.41875,0.4375,0.9370181161756307,0.06298188382436934,1.2576845124910234,0.10654387999842499,0.10172627294138095,-1.155691693619467,0.03125,0.96875,1.0,1.0,1.0,1.0,0.90625,0.86875,0.13125,rollout_joint,64,285.4057650650002,1783.7860316562515,1.7,results/final_2026-05-12/scheme_c_holdout/configs/scenario_stress_holdoutfit.yaml
160.0,203.64770196651082,0.1140625,0.1140625,0.45625,0.3875,0.45625,0.9353018562798328,0.06469814372016719,1.2727981372906927,0.09515313383759308,0.08880117029445894,-1.1794996808505407,0.04375,0.95625,1.0,1.0,1.0,1.0,0.88125,0.8625,0.1375,rollout_joint,65,295.89974953300043,1849.3734345812525,1.7,results/final_2026-05-12/scheme_c_holdout/configs/scenario_stress_holdoutfit.yaml
160.0,198.3235189954594,0.1109375,0.1109375,0.44375,0.41875,0.44375,0.9348783025908973,0.06512169740910267,1.2395219937216213,0.1141661788194488,0.10853327067899095,-1.1736154722827004,0.03125,0.96875,1.0,1.0,1.0,1.0,0.9,0.88125,0.11875,rollout_joint,66,292.0761048690001,1825.475655431251,1.7,results/final_2026-05-12/scheme_c_holdout/configs/scenario_stress_holdoutfit.yaml
160.0,197.11976731462406,0.1125,0.1125,0.45,0.40625,0.45,0.9342809693708268,0.06571903062917316,1.2319985457164004,0.11104354095329694,0.1022099462293802,-1.1948878490242796,0.025,0.975,1.0,1.0,1.0,1.0,0.88125,0.8875,0.1125,rollout_joint,67,279.2238325540002,1745.1489534625011,1.7,results/final_2026-05-12/scheme_c_holdout/configs/scenario_stress_holdoutfit.yaml
160.0,202.69484061094255,0.1125,0.1125,0.45,0.39375,0.45,0.9352275804344539,0.06477241956554618,1.2668427538183908,0.09994752753767511,0.09362852151800677,-1.1767238090983483,0.0375,0.9625,1.0,1.0,1.0,1.0,0.88125,0.8625,0.1375,rollout_joint,68,294.8325088490001,1842.7031803062505,1.7,results/final_2026-05-12/scheme_c_holdout/configs/scenario_stress_holdoutfit.yaml
160.0,201.78412595450857,0.115625,0.115625,0.4625,0.40625,0.4625,0.9342591174936746,0.06574088250632534,1.2611507872156786,0.10190599252102724,0.0952936539814485,-1.1808116336915866,0.0375,0.9625,1.0,1.0,1.0,1.0,0.88125,0.86875,0.13125,rollout_joint,69,286.95812321499943,1793.4882700937465,1.7,results/final_2026-05-12/scheme_c_holdout/configs/scenario_stress_holdoutfit.yaml
160.0,199.0525180601807,0.1125,0.1125,0.45,0.40625,0.45,0.9345511243794075,0.06544887562059258,1.2440782378761293,0.10677743171944994,0.10108082375702802,-1.1881862584161829,0.05,0.95,1.0,1.0,1.0,1.0,0.90625,0.875,0.125,rollout_joint,70,298.076987421,1862.98117138125,1.7,results/final_2026-05-12/scheme_c_holdout/configs/scenario_stress_holdoutfit.yaml
160.0,200.26651173725566,0.1109375,0.1109375,0.44375,0.4125,0.44375,0.9360129047221444,0.06398709527785564,1.2516656983578478,0.10526253199566202,0.09778548303120775,-1.1715442889214738,0.0375,0.9625,1.0,1.0,1.0,1.0,0.88125,0.875,0.125,rollout_joint,71,289.1891932110002,1807.432457568751,1.7,results/final_2026-05-12/scheme_c_holdout/configs/scenario_stress_holdoutfit.yaml
160.0,199.64000401402856,0.1125,0.1125,0.45,0.40625,0.45,0.9322391230530324,0.06776087694696772,1.2477500250876785,0.11678304901958103,0.1107222664853961,-1.1730156349359087,0.0375,0.9625,1.0,1.0,1.0,1.0,0.88125,0.875,0.125,rollout_joint,72,290.1929316859996,1813.7058230374976,1.7,results/final_2026-05-12/scheme_c_holdout/configs/scenario_stress_holdoutfit.yaml
160.0,198.00531496595013,0.1109375,0.1109375,0.44375,0.4125,0.44375,0.9335406717379329,0.06645932826206716,1.2375332185371883,0.11322497163752561,0.10494204345320587,-1.18302828829729,0.03125,0.96875,1.0,1.0,1.0,1.0,0.88125,0.88125,0.11875,rollout_joint,73,289.32872252000016,1808.3045157500012,1.7,results/final_2026-05-12/scheme_c_holdout/configs/scenario_stress_holdoutfit.yaml
160.0,199.20395880263425,0.1140625,0.1140625,0.45625,0.4,0.45625,0.9309418343995706,0.06905816560042954,1.245024742516464,0.11510403465795664,0.10923579070809761,-1.1859345092374283,0.0375,0.9625,1.0,1.0,1.0,1.0,0.9125,0.875,0.125,rollout_joint,74,286.3209637589998,1789.506023493749,1.7,results/final_2026-05-12/scheme_c_holdout/configs/scenario_stress_holdoutfit.yaml
160.0,199.85144088658097,0.1125,0.1125,0.45,0.4125,0.45,0.9359566213179636,0.0640433786820363,1.249071505541131,0.103408786855409,0.09535495555799822,-1.1754260941160262,0.03125,0.96875,1.0,1.0,1.0,1.0,0.86875,0.875,0.125,rollout_joint,75,291.37593451299927,1821.0995907062454,1.7,results/final_2026-05-12/scheme_c_holdout/configs/scenario_stress_holdoutfit.yaml
160.0,200.46772761487955,0.1125,0.1125,0.45,0.41875,0.45,0.9342717354458209,0.06572826455417921,1.2529232975929971,0.10890358144509646,0.10275597558093408,-1.1756184438680688,0.0375,0.9625,1.0,1.0,1.0,1.0,0.8875,0.86875,0.13125,rollout_joint,76,287.6977663460002,1798.1110396625013,1.7,results/final_2026-05-12/scheme_c_holdout/configs/scenario_stress_holdoutfit.yaml
160.0,199.44637556096805,0.1125,0.1125,0.45,0.40625,0.45,0.9344709768937722,0.06552902310622773,1.2465398472560503,0.10673906649978906,0.10004134811893024,-1.1812599195132314,0.0375,0.9625,1.0,1.0,1.0,1.0,0.8875,0.875,0.125,rollout_joint,77,288.6258571399994,1803.9116071249962,1.7,results/final_2026-05-12/scheme_c_holdout/configs/scenario_stress_holdoutfit.yaml
160.0,203.439262407404,0.1125,0.1125,0.45,0.4125,0.45,0.9334747496750214,0.06652525032497845,1.2714953900462749,0.1120031290643297,0.10476631990288565,-1.1495800898042947,0.0375,0.9625,1.0,1.0,1.0,1.0,0.8875,0.85625,0.14375,rollout_joint,78,286.54179249499975,1790.8862030937485,1.7,results/final_2026-05-12/scheme_c_holdout/configs/scenario_stress_holdoutfit.yaml
160.0,201.80696247780853,0.1125,0.1125,0.45,0.39375,0.45,0.9346692431569755,0.0653307568430245,1.2612935154863032,0.1013971844154482,0.09503086120352319,-1.1784356291803948,0.05,0.95,1.0,1.0,1.0,1.0,0.8875,0.86875,0.13125,rollout_joint,79,291.8320154039993,1823.9500962749958,1.7,results/final_2026-05-12/scheme_c_holdout/configs/scenario_stress_holdoutfit.yaml
160.0,201.04545371836494,0.1109375,0.1109375,0.44375,0.4125,0.44375,0.935312189081029,0.06468781091897097,1.2565340857397809,0.10296283737450843,0.09833498783719831,-1.170613480701707,0.0375,0.9625,1.0,1.0,1.0,1.0,0.91875,0.875,0.125,rollout_joint,80,294.8914000870009,1843.0712505437555,1.7,results/final_2026-05-12/scheme_c_holdout/configs/scenario_stress_holdoutfit.yaml
160.0,201.702938350418,0.1125,0.1125,0.45,0.40625,0.45,0.9341791858174986,0.06582081418250137,1.2606433646901125,0.10799592990444414,0.10242269849203836,-1.1722675565338867,0.03125,0.96875,1.0,1.0,1.0,1.0,0.88125,0.875,0.125,rollout_joint,81,290.5205892920003,1815.7536830750018,1.7,results/final_2026-05-12/scheme_c_holdout/configs/scenario_stress_holdoutfit.yaml
160.0,62.23907440270145,0.11874999999999998,0.11874999999999998,0.15625,0.14375,0.15625,0.3184804876326341,0.6815195123673659,0.388994215016884,1.6038045607652127,1.5944859652718848,-22.95760134914011,0.0375,0.9625,1.0,1.0,1.0,1.0,0.95,0.88125,0.11875,security_margin,62,22.449945716000002,140.312160725,1.7,results/final_2026-05-12/scheme_c_holdout/configs/scenario_stress_holdoutfit.yaml
160.0,63.03984320609203,0.11785908957278202,0.11785908957278202,0.15,0.1375,0.15,0.3107884551503912,0.6892115448496088,0.3939990200380752,1.6125686713037535,1.6022325655751426,-22.129759831617314,0.0375,0.9625,1.0,1.0,1.0,1.0,0.925,0.88125,0.11875,security_margin,63,21.17433741000059,132.33960881250368,1.7,results/final_2026-05-12/scheme_c_holdout/configs/scenario_stress_holdoutfit.yaml
160.0,67.46278922326064,0.11875,0.11875,0.175,0.16875,0.175,0.33397722014977327,0.6660227798502267,0.42164243264537904,1.5845730783667946,1.5769423699372258,-21.449399524225207,0.0375,0.9625,0.96875,0.96875,0.96875,0.96875,0.95,0.86875,0.13125,security_margin,64,22.52989509500003,140.81184434375018,1.7,results/final_2026-05-12/scheme_c_holdout/configs/scenario_stress_holdoutfit.yaml
160.0,66.5654621010755,0.11874999999999998,0.11874999999999998,0.1625,0.14375,0.1625,0.3270036054858724,0.6729963945141276,0.41603413813172185,1.5853968489241548,1.5763138910658387,-22.59832788643312,0.0375,0.9625,1.0,1.0,1.0,1.0,0.91875,0.86875,0.13125,security_margin,65,21.41514710299998,133.84466939374988,1.7,results/final_2026-05-12/scheme_c_holdout/configs/scenario_stress_holdoutfit.yaml
160.0,67.19104415344049,0.11875,0.11875,0.1625,0.15,0.1625,0.3256145586487883,0.6743854413512118,0.41994402595900304,1.5811360688880647,1.571278314030209,-20.543671829229755,0.0375,0.9625,0.99375,0.99375,0.99375,0.99375,0.90625,0.86875,0.13125,security_margin,66,22.606649151000056,141.29155719375035,1.7,results/final_2026-05-12/scheme_c_holdout/configs/scenario_stress_holdoutfit.yaml
160.0,60.29197927610408,0.11875,0.11875,0.1625,0.15625,0.1625,0.3186517162278604,0.6813482837721396,0.3768248704756505,1.6229861327064339,1.6149417907684025,-22.988967868373596,0.03125,0.96875,0.9875,0.9875,0.9875,0.9875,0.9625,0.8875,0.1125,security_margin,67,21.343525785000566,133.39703615625353,1.7,results/final_2026-05-12/scheme_c_holdout/configs/scenario_stress_holdoutfit.yaml
160.0,100.23504989254928,0.11875,0.11875,0.15625,0.13125,0.15625,0.3082421137026029,0.691757886297397,0.626469061828433,1.8391956326379286,1.8298750082431205,-18.35734204344033,0.04375,0.95625,1.0,1.0,1.0,1.0,0.91875,0.86875,0.13125,security_margin,68,21.92796456399992,137.0497785249995,1.7,results/final_2026-05-12/scheme_c_holdout/configs/scenario_stress_holdoutfit.yaml
160.0,67.3462691589689,0.11875,0.11875,0.15625,0.13125,0.15625,0.3204995782134326,0.6795004217865674,0.4209141822435556,1.576673523825747,1.5646117509503532,-19.45861034006491,0.0375,0.9625,1.0,1.0,1.0,1.0,0.925,0.86875,0.13125,security_margin,69,23.14315317599994,144.64470734999963,1.7,results/final_2026-05-12/scheme_c_holdout/configs/scenario_stress_holdoutfit.yaml
160.0,61.18426521400821,0.11875,0.11875,0.1625,0.15625,0.1625,0.3186968862229372,0.6813031137770628,0.3824016575875513,1.6219536107895753,1.6132803141187595,-22.655159210338418,0.0375,0.9625,0.98125,0.98125,0.98125,0.98125,0.94375,0.88125,0.11875,security_margin,70,22.08053488099995,138.00334300624968,1.7,results/final_2026-05-12/scheme_c_holdout/configs/scenario_stress_holdoutfit.yaml
160.0,62.89531304792809,0.11875,0.11875,0.15625,0.13125,0.15625,0.3097267188686562,0.6902732811313438,0.39309570654955056,1.6025047609650336,1.5917628846386078,-21.315359174719976,0.03125,0.96875,1.0,1.0,1.0,1.0,0.925,0.88125,0.11875,security_margin,71,21.577625966000596,134.86016228750373,1.7,results/final_2026-05-12/scheme_c_holdout/configs/scenario_stress_holdoutfit.yaml
160.0,61.20480484896589,0.11875,0.11875,0.15,0.14375,0.15,0.3130443554167273,0.6869556445832727,0.38253003030603683,1.6142882686041962,1.603930648760142,-22.624776267743904,0.0375,0.9625,1.0,1.0,1.0,1.0,0.93125,0.88125,0.11875,security_margin,72,21.544401652000488,134.65251032500305,1.7,results/final_2026-05-12/scheme_c_holdout/configs/scenario_stress_holdoutfit.yaml
160.0,66.07865631073794,0.11875,0.11875,0.175,0.15,0.175,0.32184675533254914,0.6781532446674509,0.41299160194211215,1.593312374491521,1.5839127872986984,-20.00417801476778,0.025,0.975,0.975,0.975,0.975,0.975,0.95,0.875,0.125,security_margin,73,20.911121481999544,130.69450926249715,1.7,results/final_2026-05-12/scheme_c_holdout/configs/scenario_stress_holdoutfit.yaml
160.0,66.023909696432,0.11790554816614399,0.11790554816614399,0.15,0.1375,0.15,0.31678662139094343,0.6832133786090566,0.4126494356027,1.5897245364721302,1.580498585183878,-20.564275964582922,0.04375,0.95625,1.0,1.0,1.0,1.0,0.93125,0.875,0.125,security_margin,74,22.00615962700067,137.5384976687542,1.7,results/final_2026-05-12/scheme_c_holdout/configs/scenario_stress_holdoutfit.yaml
160.0,104.32106206339455,0.11875,0.11875,0.15625,0.125,0.15625,0.3187094166884078,0.6812905833115922,0.6520066378962159,1.8173147064383273,1.810156495828857,-17.33589507552797,0.04375,0.95625,1.0,1.0,1.0,1.0,0.90625,0.86875,0.13125,security_margin,75,21.54991862499992,134.6869914062495,1.7,results/final_2026-05-12/scheme_c_holdout/configs/scenario_stress_holdoutfit.yaml
160.0,64.50487782852298,0.11829745784128798,0.11829745784128798,0.15625,0.14375,0.15625,0.3129370100487924,0.6870629899512075,0.4031554864282686,1.607156518120584,1.6003365059644494,-21.54839266822166,0.04375,0.95625,1.0,1.0,1.0,1.0,0.95,0.875,0.125,security_margin,76,20.897111971999948,130.60694982499967,1.7,results/final_2026-05-12/scheme_c_holdout/configs/scenario_stress_holdoutfit.yaml
160.0,65.20985710506044,0.11874999999999998,0.11874999999999998,0.1625,0.14375,0.1625,0.3219961671094878,0.6780038328905122,0.40756160690662774,1.5971559607716876,1.5895921719575012,-22.0243194669182,0.04375,0.95625,0.9875,0.9875,0.9875,0.9875,0.94375,0.875,0.125,security_margin,77,21.5763889560003,134.85243097500188,1.7,results/final_2026-05-12/scheme_c_holdout/configs/scenario_stress_holdoutfit.yaml
160.0,66.73568709957047,0.11875,0.11875,0.16875,0.1625,0.16875,0.3270071487111691,0.672992851288831,0.41709804437231546,1.5991918023403435,1.5939233243419904,-23.749801417384763,0.04375,0.95625,0.9875,0.9875,0.9875,0.9875,0.95625,0.875,0.125,security_margin,78,21.540751513000032,134.6296969562502,1.7,results/final_2026-05-12/scheme_c_holdout/configs/scenario_stress_holdoutfit.yaml
160.0,64.87415354969865,0.11857410251462012,0.11857410251462012,0.1625,0.15625,0.1625,0.325153581114181,0.6748464188858189,0.40546345968561653,1.6057261523397137,1.6001713824302684,-22.87915515740437,0.04375,0.95625,0.9875,0.9875,0.9875,0.9875,0.95,0.875,0.125,security_margin,79,22.261179889000232,139.13237430625145,1.7,results/final_2026-05-12/scheme_c_holdout/configs/scenario_stress_holdoutfit.yaml
160.0,100.8727480806813,0.11856509654173082,0.11856509654173082,0.15,0.14375,0.15,0.3160905316460888,0.6839094683539113,0.6304546755042582,1.8303258314167585,1.8248372833855746,-22.567264491951825,0.05,0.95,1.0,1.0,1.0,1.0,0.9375,0.875,0.125,security_margin,80,22.196332432999952,138.7270777062497,1.7,results/final_2026-05-12/scheme_c_holdout/configs/scenario_stress_holdoutfit.yaml
160.0,67.09685442593783,0.11875,0.11875,0.16875,0.15625,0.16875,0.3289210322201687,0.6710789677798314,0.41935534016211146,1.5896243728168358,1.5821637883973712,-21.98463443822076,0.0375,0.9625,0.9875,0.9875,0.9875,0.9875,0.91875,0.86875,0.13125,security_margin,81,21.130965514999843,132.06853446874902,1.7,results/final_2026-05-12/scheme_c_holdout/configs/scenario_stress_holdoutfit.yaml
160.0,132.2493328079475,0.036147969014102575,0.036147969014102575,0.125,0.125,0.125,0.6858993133495261,0.31410068665047397,0.8265583300496718,0.9231347855869206,0.922262734831337,-1.9301101361791368,0.01875,0.98125,1.0,1.0,1.0,1.0,0.93125,0.88125,0.11875,security_risk,62,22.351284760999988,139.69552975624993,1.7,results/final_2026-05-12/scheme_c_holdout/configs/scenario_stress_holdoutfit.yaml
160.0,147.16380857016597,0.03745310846624071,0.03745310846624071,0.125,0.10625,0.125,0.6802635143310292,0.3197364856689708,0.9197738035635373,0.7546393188946403,0.7486534802346138,-2.1362188886559292,0.025,0.975,1.0,1.0,1.0,1.0,0.86875,0.8625,0.1375,security_risk,63,21.47873375600011,134.2420859750007,1.7,results/final_2026-05-12/scheme_c_holdout/configs/scenario_stress_holdoutfit.yaml
160.0,136.36520905811918,0.040139401102806296,0.040139401102806296,0.13125,0.10625,0.13125,0.6638466893801552,0.33615331061984477,0.8522825566132448,0.9459990852780885,0.9435051812157731,-1.9935426149744284,0.00625,0.99375,1.0,1.0,1.0,1.0,0.90625,0.875,0.125,security_risk,64,21.853159510000296,136.58224693750185,1.7,results/final_2026-05-12/scheme_c_holdout/configs/scenario_stress_holdoutfit.yaml
160.0,135.50181168280116,0.037573908643687225,0.037573908643687225,0.125,0.11875,0.125,0.6716557710886156,0.3283442289113844,0.8468863230175072,0.9606115043198951,0.9558117450812251,-1.9306478068434898,0.01875,0.98125,1.0,1.0,1.0,1.0,0.86875,0.875,0.125,security_risk,65,22.62392449300023,141.39952808125145,1.7,results/final_2026-05-12/scheme_c_holdout/configs/scenario_stress_holdoutfit.yaml
160.0,133.44023066927616,0.03740130050683134,0.03740130050683134,0.125,0.1125,0.125,0.6814053050306985,0.31859469496930154,0.834001441682976,0.8407949551963867,0.8377828926962432,-2.075737081984105,0.01875,0.98125,1.0,1.0,1.0,1.0,0.875,0.88125,0.11875,security_risk,66,21.706894715999624,135.66809197499765,1.7,results/final_2026-05-12/scheme_c_holdout/configs/scenario_stress_holdoutfit.yaml
160.0,129.4431015432885,0.03718914746173422,0.03718914746173422,0.125,0.125,0.125,0.6778225092510245,0.3221774907489755,0.8090193846455531,0.9301935291165864,0.9281419906295334,-1.9957587423865157,0.01875,0.98125,1.0,1.0,1.0,1.0,0.925,0.8875,0.1125,security_risk,67,21.834401995000007,136.46501246875005,1.7,results/final_2026-05-12/scheme_c_holdout/configs/scenario_stress_holdoutfit.yaml
160.0,163.05792897136905,0.03542266008479664,0.03542266008479664,0.11875,0.1125,0.11875,0.6998369342879898,0.30016306571201024,1.0191120560710565,0.549860078108512,0.5426017468278186,-2.2113198757971424,0.025,0.975,1.0,1.0,1.0,1.0,0.85,0.86875,0.13125,security_risk,68,21.29422373200032,133.088898325002,1.7,results/final_2026-05-12/scheme_c_holdout/configs/scenario_stress_holdoutfit.yaml
160.0,130.22784124413562,0.040925515042173025,0.040925515042173025,0.13125,0.10625,0.13125,0.6600503915534943,0.33994960844650574,0.8139240077758476,0.9959796467135196,0.9896190509621393,-1.9980703566236415,0.025,0.975,1.0,1.0,1.0,1.0,0.8375,0.88125,0.11875,security_risk,69,22.247230678999586,139.0451917437474,1.7,results/final_2026-05-12/scheme_c_holdout/configs/scenario_stress_holdoutfit.yaml
160.0,140.35634488358065,0.038487995147162155,0.038487995147162155,0.125,0.09375,0.125,0.6804979124734339,0.31950208752656606,0.8772271555223791,0.7302994552191799,0.7258111818967404,-2.2360884463869324,0.0125,0.9875,1.0,1.0,1.0,1.0,0.88125,0.875,0.125,security_risk,70,22.475473380999574,140.47170863124734,1.7,results/final_2026-05-12/scheme_c_holdout/configs/scenario_stress_holdoutfit.yaml
160.0,133.90768546911323,0.0395135617342647,0.0395135617342647,0.13125,0.1125,0.13125,0.6672591697866991,0.3327408302133009,0.8369230341819577,0.9645738159141974,0.9612482922973051,-1.959369661265486,0.01875,0.98125,0.99375,0.99375,0.99375,0.99375,0.85625,0.88125,0.11875,security_risk,71,20.932715717000065,130.8294732312504,1.7,results/final_2026-05-12/scheme_c_holdout/configs/scenario_stress_holdoutfit.yaml
160.0,132.05630721598064,0.03571813273689626,0.03571813273689626,0.11875,0.10625,0.11875,0.6654185747347023,0.3345814252652977,0.825351920099879,0.977818768375524,0.9758187804324404,-1.9837752049699826,0.01875,0.98125,1.0,1.0,1.0,1.0,0.89375,0.88125,0.11875,security_risk,72,21.237757932000022,132.73598707500014,1.7,results/final_2026-05-12/scheme_c_holdout/configs/scenario_stress_holdoutfit.yaml
160.0,136.1413348070093,0.03702490201514339,0.03702490201514339,0.125,0.11875,0.125,0.6872473810898192,0.31275261891018075,0.850883342543808,0.8120829323907486,0.8096548838099469,-2.0617868135253703,0.01875,0.98125,1.0,1.0,1.0,1.0,0.89375,0.88125,0.11875,security_risk,73,22.06730264699945,137.92064154374657,1.7,results/final_2026-05-12/scheme_c_holdout/configs/scenario_stress_holdoutfit.yaml
160.0,146.36449192782462,0.038381793089877284,0.038381793089877284,0.125,0.10625,0.125,0.6909440984547519,0.30905590154524815,0.9147780745489038,0.6878677876151396,0.6849651844203475,-2.1775789347690515,0.025,0.975,1.0,1.0,1.0,1.0,0.91875,0.875,0.125,security_risk,74,21.075139871999454,131.7196241999966,1.7,results/final_2026-05-12/scheme_c_holdout/configs/scenario_stress_holdoutfit.yaml
160.0,132.87942068562268,0.03795511903837122,0.03795511903837122,0.125,0.10625,0.125,0.660818338542094,0.339181661457906,0.8304963792851418,0.9884164079764013,0.9849371817500195,-1.9632989965079957,0.01875,0.98125,1.0,1.0,1.0,1.0,0.9,0.88125,0.11875,security_risk,75,22.237563443,138.98477151875,1.7,results/final_2026-05-12/scheme_c_holdout/configs/scenario_stress_holdoutfit.yaml
160.0,132.8867867860495,0.037356365467383704,0.037356365467383704,0.125,0.1125,0.125,0.6777785884929503,0.32222141150704975,0.8305424174128093,0.9124818626811253,0.9077690464253954,-2.0131611339137017,0.025,0.975,1.0,1.0,1.0,1.0,0.8875,0.875,0.125,security_risk,76,21.30531280300056,133.1582050187535,1.7,results/final_2026-05-12/scheme_c_holdout/configs/scenario_stress_holdoutfit.yaml
160.0,134.07966873164557,0.04035346010117783,0.04035346010117783,0.13125,0.1125,0.13125,0.6679578354759703,0.33204216452402957,0.8379979295727848,0.9500352321318577,0.9470019934616623,-1.9800036907067429,0.01875,0.98125,1.0,1.0,1.0,1.0,0.88125,0.88125,0.11875,security_risk,77,22.19685568299974,138.73034801874837,1.7,results/final_2026-05-12/scheme_c_holdout/configs/scenario_stress_holdoutfit.yaml
160.0,150.1786713255249,0.036628896061107453,0.036628896061107453,0.125,0.125,0.125,0.6981827673450194,0.30181723265498067,0.9386166957845307,0.6563031682920755,0.6484208424183114,-2.140282593437573,0.025,0.975,1.0,1.0,1.0,1.0,0.85625,0.86875,0.13125,security_risk,78,21.45024870099951,134.06405438124693,1.7,results/final_2026-05-12/scheme_c_holdout/configs/scenario_stress_holdoutfit.yaml
160.0,150.48837465492386,0.03700515879020737,0.03700515879020737,0.125,0.10625,0.125,0.6904201210350414,0.30957987896495875,0.9405523415932742,0.6693801490507196,0.6670282971136817,-2.1683973876552525,0.01875,0.98125,1.0,1.0,1.0,1.0,0.90625,0.875,0.125,security_risk,79,22.296049055000367,139.3503065937523,1.7,results/final_2026-05-12/scheme_c_holdout/configs/scenario_stress_holdoutfit.yaml
160.0,135.43851588845578,0.03761188504974048,0.03761188504974048,0.125,0.125,0.125,0.6753089882498238,0.32469101175017623,0.8464907243028487,0.9375645912099729,0.9363264942381679,-1.9519153877932418,0.01875,0.98125,1.0,1.0,1.0,1.0,0.90625,0.875,0.125,security_risk,80,21.41012768499968,133.813298031248,1.7,results/final_2026-05-12/scheme_c_holdout/configs/scenario_stress_holdoutfit.yaml
160.0,134.5109841211705,0.03764804773383189,0.03764804773383189,0.125,0.125,0.125,0.6742537928897875,0.3257462071102125,0.8406936507573157,0.9491008836861143,0.9436229437869741,-1.948708667318885,0.01875,0.98125,1.0,1.0,1.0,1.0,0.85625,0.88125,0.11875,security_risk,81,23.897259254000346,149.35787033750216,1.7,results/final_2026-05-12/scheme_c_holdout/configs/scenario_stress_holdoutfit.yaml
160.0,168.4338449570596,0.11875,0.11875,0.11875,0.11875,0.11875,0.7088185637339626,0.29118143626603743,1.0527115309816224,0.614965723030656,0.6059862488157175,-3.095821349027509,0.0,1.0,1.0,1.0,1.0,1.0,0.8375,0.90625,0.09375,periodic,62,22.91451827199853,143.21573919999082,2.0,results/final_2026-05-12/scheme_c_holdout/configs/scenario_stress_holdoutfit.yaml
160.0,157.22133178586074,0.11875,0.11875,0.11875,0.1125,0.11875,0.6713249494378803,0.32867505056211965,0.9826333236616296,0.8762404640496249,0.869647656406832,-3.0480510760971637,0.00625,0.99375,1.0,1.0,1.0,1.0,0.8,0.89375,0.10625,periodic,63,22.63583378399926,141.47396114999538,2.0,results/final_2026-05-12/scheme_c_holdout/configs/scenario_stress_holdoutfit.yaml
160.0,157.44917345429252,0.11875,0.11875,0.11875,0.1125,0.11875,0.6676319553483004,0.33236804465169956,0.9840573340893283,0.8820737998791005,0.8754014786106457,-2.9531610210627024,0.0,1.0,1.0,1.0,1.0,1.0,0.825,0.9,0.1,periodic,64,20.611736618000577,128.8233538625036,2.0,results/final_2026-05-12/scheme_c_holdout/configs/scenario_stress_holdoutfit.yaml
160.0,145.6346701738396,0.11875,0.11875,0.11875,0.1,0.11875,0.647615156581876,0.35238484341812404,0.9102166885864975,0.9745243786986764,0.966776436527842,-3.1770256208766354,0.0,1.0,1.0,1.0,1.0,1.0,0.8,0.9,0.1,periodic,65,21.99310525799956,137.45690786249725,2.0,results/final_2026-05-12/scheme_c_holdout/configs/scenario_stress_holdoutfit.yaml
160.0,160.9628856748119,0.11875,0.11875,0.11875,0.1125,0.11875,0.6875984525974239,0.31240154740257614,1.0060180354675743,0.721057212047839,0.7108644662463384,-3.0746400926951014,0.0,1.0,1.0,1.0,1.0,1.0,0.81875,0.90625,0.09375,periodic,66,21.042823947000215,131.51764966875135,2.0,results/final_2026-05-12/scheme_c_holdout/configs/scenario_stress_holdoutfit.yaml
160.0,155.6927939516671,0.11875,0.11875,0.11875,0.1125,0.11875,0.6702179797594937,0.3297820202405063,0.9730799621979195,0.8629795032499199,0.8493386063606149,-3.0338781079644512,0.0,1.0,1.0,1.0,1.0,1.0,0.825,0.9125,0.0875,periodic,67,21.903336948998913,136.8958559312432,2.0,results/final_2026-05-12/scheme_c_holdout/configs/scenario_stress_holdoutfit.yaml
160.0,154.99148849600195,0.11875,0.11875,0.11875,0.10625,0.11875,0.6655257491732195,0.33447425082678045,0.9686968031000122,0.8312002728557901,0.82576357488407,-3.1806127381393585,0.0,1.0,1.0,1.0,1.0,1.0,0.85625,0.90625,0.09375,periodic,68,22.43200746200091,140.2000466375057,2.0,results/final_2026-05-12/scheme_c_holdout/configs/scenario_stress_holdoutfit.yaml
160.0,158.90504956163346,0.11875,0.11875,0.11875,0.10625,0.11875,0.6639872990921801,0.3360127009078199,0.9931565597602091,0.8355125269868312,0.829747005894674,-3.1343496179771195,0.00625,0.99375,1.0,1.0,1.0,1.0,0.83125,0.90625,0.09375,periodic,69,22.696266324001044,141.85166452500653,2.0,results/final_2026-05-12/scheme_c_holdout/configs/scenario_stress_holdoutfit.yaml
160.0,138.3570994285404,0.11875,0.11875,0.11875,0.09375,0.11875,0.6206224466798848,0.37937755332011525,0.8647318714283776,1.0838946180164277,1.0746799642154632,-3.0937847255812816,0.0,1.0,1.0,1.0,1.0,1.0,0.79375,0.90625,0.09375,periodic,70,22.800893734000056,142.50558583750035,2.0,results/final_2026-05-12/scheme_c_holdout/configs/scenario_stress_holdoutfit.yaml
160.0,155.99352544727753,0.11875,0.11875,0.11875,0.1,0.11875,0.6628834937279656,0.3371165062720344,0.9749595340454846,0.7459698425358801,0.7390280235073888,-3.3186771392213728,0.0,1.0,1.0,1.0,1.0,1.0,0.80625,0.90625,0.09375,periodic,71,22.919240971999898,143.24525607499936,2.0,results/final_2026-05-12/scheme_c_holdout/configs/scenario_stress_holdoutfit.yaml
160.0,157.69956299124203,0.11875,0.11875,0.11875,0.10625,0.11875,0.6855444830552947,0.3144555169447053,0.9856222686952627,0.7316647714132454,0.7249738729391362,-3.120980256951708,0.0,1.0,1.0,1.0,1.0,1.0,0.8125,0.90625,0.09375,periodic,72,21.812317202000486,136.32698251250304,2.0,results/final_2026-05-12/scheme_c_holdout/configs/scenario_stress_holdoutfit.yaml
160.0,147.97227173544437,0.11875,0.11875,0.11875,0.10625,0.11875,0.6660738603693082,0.33392613963069184,0.9248266983465273,0.9414965767286014,0.9327928823509909,-3.1188495636955045,0.0,1.0,1.0,1.0,1.0,1.0,0.7875,0.9,0.1,periodic,73,22.83079592700051,142.69247454375318,2.0,results/final_2026-05-12/scheme_c_holdout/configs/scenario_stress_holdoutfit.yaml
160.0,158.06279329675135,0.11875,0.11875,0.11875,0.1125,0.11875,0.67189231315362,0.32810768684638003,0.987892458104696,0.8693854475287678,0.8588883946025078,-2.9443801743581206,0.0,1.0,1.0,1.0,1.0,1.0,0.8125,0.9,0.1,periodic,74,22.205356098000266,138.78347561250166,2.0,results/final_2026-05-12/scheme_c_holdout/configs/scenario_stress_holdoutfit.yaml
160.0,132.5450136909678,0.11875,0.11875,0.11875,0.1,0.11875,0.6249739769717224,0.3750260230282777,0.8284063355685488,1.0940129682628315,1.0851701322578768,-3.3105103960561,0.0,1.0,1.0,1.0,1.0,1.0,0.8,0.90625,0.09375,periodic,75,22.038476706000438,137.74047941250274,2.0,results/final_2026-05-12/scheme_c_holdout/configs/scenario_stress_holdoutfit.yaml
160.0,157.8652795700766,0.11875,0.11875,0.11875,0.10625,0.11875,0.665837976450668,0.33416202354933194,0.9866579973129788,0.8867520406583098,0.883607614642315,-3.0266700545835112,0.0,1.0,1.0,1.0,1.0,1.0,0.86875,0.9,0.1,periodic,76,22.727233437000905,142.04520898125566,2.0,results/final_2026-05-12/scheme_c_holdout/configs/scenario_stress_holdoutfit.yaml
160.0,150.40718404573818,0.11875,0.11875,0.11875,0.1125,0.11875,0.6680901806412674,0.3319098193587326,0.9400449002858636,0.9127014453870318,0.9036279159962346,-3.0284480808153424,0.0,1.0,1.0,1.0,1.0,1.0,0.81875,0.9125,0.0875,periodic,77,22.09896688200024,138.1185430125015,2.0,results/final_2026-05-12/scheme_c_holdout/configs/scenario_stress_holdoutfit.yaml
160.0,168.5517414268956,0.11875,0.11875,0.11875,0.11875,0.11875,0.6963010262793592,0.30369897372064086,1.0534483839180975,0.7080467593541611,0.699726945311304,-3.0472388364296146,0.00625,0.99375,1.0,1.0,1.0,1.0,0.83125,0.89375,0.10625,periodic,78,22.60579619999953,141.28622624999707,2.0,results/final_2026-05-12/scheme_c_holdout/configs/scenario_stress_holdoutfit.yaml
160.0,168.4220694309374,0.11875,0.11875,0.11875,0.1125,0.11875,0.6927311955328104,0.3072688044671895,1.0526379339433587,0.6733014973878261,0.663702506264561,-3.10713280967039,0.0,1.0,1.0,1.0,1.0,1.0,0.74375,0.90625,0.09375,periodic,79,23.040728114001467,144.00455071250917,2.0,results/final_2026-05-12/scheme_c_holdout/configs/scenario_stress_holdoutfit.yaml
160.0,162.88964565626435,0.11875,0.11875,0.11875,0.1125,0.11875,0.6825543086278854,0.3174456913721146,1.0180602853516523,0.7649667417234226,0.7508440523336762,-2.9612999254400876,0.0,1.0,1.0,1.0,1.0,1.0,0.725,0.9,0.1,periodic,80,22.155132032999973,138.46957520624983,2.0,results/final_2026-05-12/scheme_c_holdout/configs/scenario_stress_holdoutfit.yaml
160.0,164.23212224134286,0.11875,0.11875,0.11875,0.1125,0.11875,0.6892878619824551,0.31071213801754494,1.0264507640083929,0.7396229228693922,0.7332466756723023,-3.0189315441901905,0.0,1.0,1.0,1.0,1.0,1.0,0.8125,0.90625,0.09375,periodic,81,22.333911382000224,139.5869461375014,2.0,results/final_2026-05-12/scheme_c_holdout/configs/scenario_stress_holdoutfit.yaml
160.0,198.63338015777487,0.1125,0.1125,0.45,0.40625,0.45,0.9337867064802705,0.0662132935197294,1.241458625986093,0.11267984735036034,0.10772709515656728,-1.478642244732971,0.0,1.0,1.0,1.0,1.0,1.0,0.925,0.9125,0.0875,rollout_joint,62,295.2199323900004,1845.1245774375025,2.0,results/final_2026-05-12/scheme_c_holdout/configs/scenario_stress_holdoutfit.yaml
160.0,203.5870189503476,0.1140625,0.1140625,0.45625,0.4125,0.45625,0.9375150525693332,0.06248494743066664,1.2724188684396727,0.10408733355680352,0.09727129563696169,-1.4567251876380123,0.0125,0.9875,1.0,1.0,1.0,1.0,0.88125,0.89375,0.10625,rollout_joint,63,286.3895668090008,1789.934792556255,2.0,results/final_2026-05-12/scheme_c_holdout/configs/scenario_stress_holdoutfit.yaml
160.0,200.8399406736846,0.1140625,0.1140625,0.45625,0.4125,0.45625,0.9328030527959423,0.06719694720405771,1.2552496292105286,0.11109812239516592,0.10556959134053383,-1.4677907301626676,0.01875,0.98125,1.0,1.0,1.0,1.0,0.90625,0.9,0.1,rollout_joint,64,302.2199047590002,1888.874404743751,2.0,results/final_2026-05-12/scheme_c_holdout/configs/scenario_stress_holdoutfit.yaml
160.0,203.75791783877685,0.1140625,0.1140625,0.45625,0.4,0.45625,0.9351383202635445,0.06486167973645557,1.2734869864923553,0.10581720478974099,0.09903521897838556,-1.4573340706610316,0.01875,0.98125,1.0,1.0,1.0,1.0,0.875,0.89375,0.10625,rollout_joint,65,295.2144458219991,1845.0902863874944,2.0,results/final_2026-05-12/scheme_c_holdout/configs/scenario_stress_holdoutfit.yaml
160.0,198.2984661254688,0.1109375,0.1109375,0.44375,0.41875,0.44375,0.9365096992841753,0.06349030071582468,1.23936541328418,0.10584001153897779,0.10029772800431344,-1.4785015286451115,0.0,1.0,1.0,1.0,1.0,1.0,0.9,0.9125,0.0875,rollout_joint,66,296.17016685399904,1851.063542837494,2.0,results/final_2026-05-12/scheme_c_holdout/configs/scenario_stress_holdoutfit.yaml
160.0,197.11976731462406,0.1125,0.1125,0.45,0.40625,0.45,0.9342809693708268,0.06571903062917316,1.2319985457164004,0.11104354095329694,0.1022099462293802,-1.4948878490242798,0.0,1.0,1.0,1.0,1.0,1.0,0.88125,0.9125,0.0875,rollout_joint,67,289.6222571239996,1810.1391070249974,2.0,results/final_2026-05-12/scheme_c_holdout/configs/scenario_stress_holdoutfit.yaml
160.0,201.82234373685952,0.1140625,0.1140625,0.45625,0.4,0.45625,0.9317901493361674,0.06820985066383263,1.261389648355372,0.11038123534399565,0.10411046433525853,-1.4714110796479751,0.025,0.975,1.0,1.0,1.0,1.0,0.8875,0.9,0.1,rollout_joint,68,291.00836216600146,1818.8022635375091,2.0,results/final_2026-05-12/scheme_c_holdout/configs/scenario_stress_holdoutfit.yaml
160.0,200.0140129445051,0.1125,0.1125,0.45,0.425,0.45,0.9351875609749284,0.0648124390250717,1.2500875809031569,0.1124555232310294,0.10503429008900426,-1.4659237113404782,0.0125,0.9875,1.0,1.0,1.0,1.0,0.8875,0.90625,0.09375,rollout_joint,69,295.33785429599993,1845.8615893499996,2.0,results/final_2026-05-12/scheme_c_holdout/configs/scenario_stress_holdoutfit.yaml
160.0,201.12518463257663,0.1125,0.1125,0.45,0.4,0.45,0.9341715297531102,0.06582847024688974,1.257032403953604,0.10696365750241772,0.10151137437230648,-1.4758108943475094,0.0125,0.9875,1.0,1.0,1.0,1.0,0.90625,0.90625,0.09375,rollout_joint,70,287.01888536499973,1793.8680335312486,2.0,results/final_2026-05-12/scheme_c_holdout/configs/scenario_stress_holdoutfit.yaml
160.0,198.94617608671928,0.1109375,0.1109375,0.44375,0.4125,0.44375,0.9343922741821841,0.06560772581781603,1.2434136005419956,0.11505048130992893,0.10842109461419572,-1.4702335722998003,0.0125,0.9875,1.0,1.0,1.0,1.0,0.88125,0.90625,0.09375,rollout_joint,71,293.701536474,1835.6346029625001,2.0,results/final_2026-05-12/scheme_c_holdout/configs/scenario_stress_holdoutfit.yaml
160.0,200.44902803918052,0.1125,0.1125,0.45,0.4125,0.45,0.9348536497933987,0.06514635020660146,1.2528064252448783,0.10678586639373648,0.09896707239675341,-1.4727126275873281,0.00625,0.99375,1.0,1.0,1.0,1.0,0.89375,0.90625,0.09375,rollout_joint,72,295.54337467500045,1847.1460917187528,2.0,results/final_2026-05-12/scheme_c_holdout/configs/scenario_stress_holdoutfit.yaml
160.0,198.43629008476972,0.1125,0.1125,0.45,0.40625,0.45,0.9345973804908937,0.06540261950910627,1.2402268130298109,0.10834741250599995,0.10007782591098305,-1.4857296407838811,0.00625,0.99375,1.0,1.0,1.0,1.0,0.88125,0.9125,0.0875,rollout_joint,73,294.3740538660004,1839.8378366625025,2.0,results/final_2026-05-12/scheme_c_holdout/configs/scenario_stress_holdoutfit.yaml
160.0,199.1935700569863,0.1140625,0.1140625,0.45625,0.4,0.45625,0.9309418343995706,0.06905816560042954,1.2449598128561643,0.11509146569790848,0.10926297684676634,-1.4859080920861536,0.00625,0.99375,1.0,1.0,1.0,1.0,0.9125,0.90625,0.09375,rollout_joint,74,292.7592551729995,1829.7453448312467,2.0,results/final_2026-05-12/scheme_c_holdout/configs/scenario_stress_holdoutfit.yaml
160.0,199.85656266676995,0.1125,0.1125,0.45,0.4125,0.45,0.9359566213179636,0.0640433786820363,1.2491035166673121,0.10340095994067464,0.09535834764984803,-1.4754964217252122,0.00625,0.99375,1.0,1.0,1.0,1.0,0.86875,0.90625,0.09375,rollout_joint,75,290.43887283000004,1815.2429551875,2.0,results/final_2026-05-12/scheme_c_holdout/configs/scenario_stress_holdoutfit.yaml
160.0,200.80200708973805,0.1125,0.1125,0.45,0.40625,0.45,0.9330113143892923,0.06698868561070773,1.2550125443108628,0.10615347848193206,0.0969254890550079,-1.4841457445122999,0.0125,0.9875,1.0,1.0,1.0,1.0,0.8875,0.90625,0.09375,rollout_joint,76,289.3805351179999,1808.6283444874994,2.0,results/final_2026-05-12/scheme_c_holdout/configs/scenario_stress_holdoutfit.yaml
160.0,198.83949384114874,0.1125,0.1125,0.45,0.40625,0.45,0.9337002777128438,0.06629972228715612,1.2427468365071797,0.11304122481620546,0.10613267490594872,-1.4796546229745868,0.00625,0.99375,1.0,1.0,1.0,1.0,0.89375,0.90625,0.09375,rollout_joint,77,283.863162353,1774.14476470625,2.0,results/final_2026-05-12/scheme_c_holdout/configs/scenario_stress_holdoutfit.yaml
160.0,204.8444259315089,0.1140625,0.1140625,0.45625,0.4125,0.45625,0.936612707895755,0.06338729210424482,1.2802776620719307,0.0996400790023751,0.0940214836317607,-1.4516664077464096,0.025,0.975,1.0,1.0,1.0,1.0,0.88125,0.89375,0.10625,rollout_joint,78,297.838235438001,1861.4889714875062,2.0,results/final_2026-05-12/scheme_c_holdout/configs/scenario_stress_holdoutfit.yaml
160.0,201.79448616371928,0.1125,0.1125,0.45,0.39375,0.45,0.9346692431569755,0.0653307568430245,1.2612155385232455,0.10138152630632465,0.09501520309439962,-1.4784568830291622,0.0125,0.9875,1.0,1.0,1.0,1.0,0.8875,0.9,0.1,rollout_joint,79,292.28103166099936,1826.756447881246,2.0,results/final_2026-05-12/scheme_c_holdout/configs/scenario_stress_holdoutfit.yaml
160.0,199.80984118613617,0.1125,0.1125,0.45,0.41875,0.45,0.9341351655075169,0.06586483449248315,1.248811507413351,0.11651313785627804,0.10792240650164786,-1.4653156809334011,0.00625,0.99375,1.0,1.0,1.0,1.0,0.91875,0.90625,0.09375,rollout_joint,80,296.0968267669996,1850.6051672937472,2.0,results/final_2026-05-12/scheme_c_holdout/configs/scenario_stress_holdoutfit.yaml
160.0,199.54542823385492,0.1125,0.1125,0.45,0.40625,0.45,0.9332193898200558,0.06678061017994422,1.2471589264615932,0.11263018910541508,0.10684125176829067,-1.4749726599872506,0.0125,0.9875,1.0,1.0,1.0,1.0,0.85625,0.9,0.1,rollout_joint,81,291.47169394999946,1821.6980871874966,2.0,results/final_2026-05-12/scheme_c_holdout/configs/scenario_stress_holdoutfit.yaml
160.0,56.39939737420285,0.11875,0.11875,0.15,0.14375,0.15,0.29074304995283484,0.7092569500471652,0.3524962335887678,1.6704171447903178,1.6649225327386143,-29.80302723481436,0.01875,0.98125,1.0,1.0,1.0,1.0,0.96875,0.9125,0.0875,security_margin,62,21.369119805000082,133.5569987812505,2.0,results/final_2026-05-12/scheme_c_holdout/configs/scenario_stress_holdoutfit.yaml
160.0,61.2177682110742,0.11827098700088627,0.11827098700088627,0.15,0.13125,0.15,0.2906715952318101,0.7093284047681899,0.38261105131921375,1.6394726184160102,1.6274262640906088,-23.89903855539612,0.0125,0.9875,1.0,1.0,1.0,1.0,0.93125,0.90625,0.09375,security_margin,63,22.265287702999558,139.15804814374724,2.0,results/final_2026-05-12/scheme_c_holdout/configs/scenario_stress_holdoutfit.yaml
160.0,62.75336676467208,0.11875,0.11875,0.15,0.14375,0.15,0.2980960216149451,0.7019039783850548,0.3922085422792005,1.63298886353448,1.6248331525076236,-23.20632727425489,0.025,0.975,1.0,1.0,1.0,1.0,0.95625,0.9,0.1,security_margin,64,20.75556707800024,129.7222942375015,2.0,results/final_2026-05-12/scheme_c_holdout/configs/scenario_stress_holdoutfit.yaml
160.0,62.134095990646756,0.11875,0.11875,0.15625,0.13125,0.15625,0.2970952484143782,0.7029047515856218,0.3883380999415422,1.6364490551559185,1.624462725378832,-25.378888749543297,0.0125,0.9875,1.0,1.0,1.0,1.0,0.91875,0.9,0.1,security_margin,65,22.321211655998923,139.50757284999327,2.0,results/final_2026-05-12/scheme_c_holdout/configs/scenario_stress_holdoutfit.yaml
160.0,60.02496213450731,0.11875,0.11875,0.1625,0.15,0.1625,0.2909087504680488,0.7090912495319512,0.3751560133406707,1.658450374715967,1.6537212935781729,-26.531177741417554,0.0125,0.9875,0.9875,0.9875,0.9875,0.9875,0.95,0.90625,0.09375,security_margin,66,21.193742572999327,132.4608910812458,2.0,results/final_2026-05-12/scheme_c_holdout/configs/scenario_stress_holdoutfit.yaml
160.0,56.022774354092476,0.11721998094234802,0.11721998094234802,0.15,0.14375,0.15,0.2925956134636928,0.7074043865363073,0.35014233971307795,1.6695420875258944,1.658311897592738,-27.70012360104912,0.0125,0.9875,1.0,1.0,1.0,1.0,0.96875,0.9125,0.0875,security_margin,67,22.47722904799957,140.48268154999732,2.0,results/final_2026-05-12/scheme_c_holdout/configs/scenario_stress_holdoutfit.yaml
160.0,59.951935092017514,0.11875,0.11875,0.15,0.15,0.15,0.29235074932856886,0.7076492506714311,0.37469959432510946,1.6544858264146374,1.6464331420488538,-25.10609375001861,0.025,0.975,0.99375,0.99375,0.99375,0.99375,0.9625,0.9125,0.0875,security_margin,68,22.596951248999176,141.23094530624485,2.0,results/final_2026-05-12/scheme_c_holdout/configs/scenario_stress_holdoutfit.yaml
160.0,61.611568936950405,0.11756816119241487,0.11756816119241487,0.14375,0.13125,0.14375,0.2939460636077264,0.7060539363922735,0.38507230585594004,1.6415065054544216,1.631143328874034,-24.30087603008227,0.025,0.975,1.0,1.0,1.0,1.0,0.9375,0.9,0.1,security_margin,69,21.237797581999985,132.7362348874999,2.0,results/final_2026-05-12/scheme_c_holdout/configs/scenario_stress_holdoutfit.yaml
160.0,59.995262370488476,0.11875,0.11875,0.15,0.15,0.15,0.29506773103750644,0.7049322689624936,0.374970389815553,1.6507377780206725,1.6446576431614575,-24.118845123731,0.025,0.975,1.0,1.0,1.0,1.0,0.975,0.90625,0.09375,security_margin,70,22.523905891999675,140.77441182499797,2.0,results/final_2026-05-12/scheme_c_holdout/configs/scenario_stress_holdoutfit.yaml
160.0,58.52840413041176,0.11726622827015125,0.11726622827015125,0.15625,0.1375,0.15625,0.2975518410385217,0.7024481589614784,0.3658025258150735,1.6423995519425207,1.6309574714069328,-23.875753064324595,0.0125,0.9875,1.0,1.0,1.0,1.0,0.95,0.9125,0.0875,security_margin,71,21.842718316000173,136.51698947500108,2.0,results/final_2026-05-12/scheme_c_holdout/configs/scenario_stress_holdoutfit.yaml
160.0,59.55179793334621,0.11875,0.11875,0.175,0.16875,0.175,0.30123658924870184,0.6987634107512981,0.3721987370834138,1.666659158132775,1.6633906471479185,-30.885907821233694,0.0125,0.9875,0.95,0.95,0.95,0.95,0.96875,0.90625,0.09375,security_margin,72,22.775271305999922,142.34544566249951,2.0,results/final_2026-05-12/scheme_c_holdout/configs/scenario_stress_holdoutfit.yaml
160.0,59.26493869700381,0.11875,0.11875,0.1375,0.11875,0.1375,0.2889428028127232,0.7110571971872768,0.3704058668562738,1.6359574923812825,1.6238850839886338,-22.609436738865803,0.025,0.975,1.0,1.0,1.0,1.0,0.925,0.90625,0.09375,security_margin,73,22.22413057799895,138.90081611249343,2.0,results/final_2026-05-12/scheme_c_holdout/configs/scenario_stress_holdoutfit.yaml
160.0,62.29285567593177,0.11875,0.11875,0.1625,0.15,0.1625,0.29681553118145165,0.7031844688185483,0.38933034797457355,1.6415379870794566,1.622658758848702,-22.88592093393802,0.0125,0.9875,0.975,0.975,0.975,0.975,0.95625,0.90625,0.09375,security_margin,74,22.48221653699875,140.51385335624218,2.0,results/final_2026-05-12/scheme_c_holdout/configs/scenario_stress_holdoutfit.yaml
160.0,65.42495793523715,0.11875,0.11875,0.15625,0.11875,0.15625,0.31057995695753904,0.689420043042461,0.4089059870952322,1.5921408879019432,1.5781421834482343,-20.32715215455307,0.01875,0.98125,1.0,1.0,1.0,1.0,0.9,0.89375,0.10625,security_margin,75,22.667347975000666,141.67092484375416,2.0,results/final_2026-05-12/scheme_c_holdout/configs/scenario_stress_holdoutfit.yaml
160.0,61.68086053534702,0.11875,0.11875,0.15625,0.15,0.15625,0.29761518183183583,0.7023848181681642,0.3855053783459189,1.6529001664406042,1.650247651954352,-27.020996454151327,0.025,0.975,0.99375,0.99375,0.99375,0.99375,0.975,0.90625,0.09375,security_margin,76,22.7898716790005,142.4366979937531,2.0,results/final_2026-05-12/scheme_c_holdout/configs/scenario_stress_holdoutfit.yaml
160.0,57.98579898270894,0.11784680950859205,0.11784680950859205,0.14375,0.1375,0.14375,0.2879354581469508,0.7120645418530491,0.3624112436419309,1.6622576837940108,1.6521642218924508,-24.957071614957766,0.025,0.975,1.0,1.0,1.0,1.0,0.9625,0.9125,0.0875,security_margin,77,22.856221850999646,142.85138656874778,2.0,results/final_2026-05-12/scheme_c_holdout/configs/scenario_stress_holdoutfit.yaml
160.0,61.699342126350196,0.11875,0.11875,0.16875,0.15625,0.16875,0.29918497707516606,0.700815022924834,0.3856208882896887,1.6544833177380505,1.6476661683321656,-26.312281425160677,0.01875,0.98125,0.98125,0.98125,0.98125,0.98125,0.96875,0.9,0.1,security_margin,78,21.928814943999896,137.05509339999935,2.0,results/final_2026-05-12/scheme_c_holdout/configs/scenario_stress_holdoutfit.yaml
160.0,61.116520538887016,0.11875,0.11875,0.15,0.14375,0.15,0.29456391562508716,0.7054360843749128,0.38197825336804386,1.6468974018147526,1.635959705973061,-25.165635124082627,0.025,0.975,1.0,1.0,1.0,1.0,0.95,0.90625,0.09375,security_margin,79,22.25661656400007,139.10385352500043,2.0,results/final_2026-05-12/scheme_c_holdout/configs/scenario_stress_holdoutfit.yaml
160.0,64.5015184733764,0.11875,0.11875,0.1625,0.1625,0.1625,0.3028932357598234,0.6971067642401767,0.40313449045860245,1.6403850205672057,1.6360697708307126,-24.14628967391496,0.025,0.975,0.975,0.975,0.975,0.975,0.96875,0.9,0.1,security_margin,80,20.409041648999846,127.55651030624904,2.0,results/final_2026-05-12/scheme_c_holdout/configs/scenario_stress_holdoutfit.yaml
160.0,61.565139055017326,0.11831961304913992,0.11831961304913992,0.14375,0.11875,0.14375,0.29392036583841563,0.7060796341615844,0.3847821190938583,1.6354941666605736,1.6226453357924082,-23.10057200546118,0.01875,0.98125,1.0,1.0,1.0,1.0,0.91875,0.90625,0.09375,security_margin,81,22.21303304600042,138.83145653750262,2.0,results/final_2026-05-12/scheme_c_holdout/configs/scenario_stress_holdoutfit.yaml
160.0,131.74586196749368,0.03989564836080113,0.03989564836080113,0.13125,0.11875,0.13125,0.6874149223068666,0.3125850776931333,0.8234116372968355,0.8738828128182854,0.8729579807830945,-2.300627418102565,0.0,1.0,1.0,1.0,1.0,1.0,0.9375,0.91875,0.08125,security_risk,62,22.2137835429985,138.83614714374062,2.0,results/final_2026-05-12/scheme_c_holdout/configs/scenario_stress_holdoutfit.yaml
160.0,143.54054970891713,0.03936205798831935,0.03936205798831935,0.13125,0.10625,0.13125,0.6799510177022998,0.3200489822977001,0.8971284356807321,0.7715882464796906,0.7652158051585392,-2.4274769785539867,0.0125,0.9875,1.0,1.0,1.0,1.0,0.85625,0.9,0.1,security_risk,63,22.7948969579993,142.46810598749562,2.0,results/final_2026-05-12/scheme_c_holdout/configs/scenario_stress_holdoutfit.yaml
160.0,170.29046506423887,0.03869695583293409,0.03869695583293409,0.13125,0.10625,0.13125,0.7107801172325175,0.2892198827674824,1.064315406651493,0.45264891698898263,0.44988792322599824,-2.5538547739341824,0.0,1.0,1.0,1.0,1.0,1.0,0.89375,0.9,0.1,security_risk,64,21.98170439400019,137.38565246250118,2.0,results/final_2026-05-12/scheme_c_holdout/configs/scenario_stress_holdoutfit.yaml
160.0,134.7829551921634,0.03890666760757364,0.03890666760757364,0.13125,0.1125,0.13125,0.6859168835421231,0.31408311645787684,0.8423934699510213,0.9410071298488332,0.9363912176393189,-2.199625376345792,0.00625,0.99375,1.0,1.0,1.0,1.0,0.88125,0.9,0.1,security_risk,65,22.00290694600153,137.51816841250957,2.0,results/final_2026-05-12/scheme_c_holdout/configs/scenario_stress_holdoutfit.yaml
160.0,138.5392450585102,0.03743504573740632,0.03743504573740632,0.125,0.11875,0.125,0.6962369369613215,0.30376306303867845,0.8658702816156888,0.8002801158054584,0.7974613024525625,-2.3039471669619145,0.0,1.0,1.0,1.0,1.0,1.0,0.9,0.90625,0.09375,security_risk,66,21.319435098999747,133.24646936874842,2.0,results/final_2026-05-12/scheme_c_holdout/configs/scenario_stress_holdoutfit.yaml
160.0,140.3884295426344,0.037693774184493954,0.037693774184493954,0.125,0.1125,0.125,0.6822697764460786,0.3177302235539215,0.877427684641465,0.7400080689972598,0.7379390140564068,-2.474559546952746,0.0,1.0,1.0,1.0,1.0,1.0,0.95,0.9125,0.0875,security_risk,67,21.300543229999676,133.12839518749797,2.0,results/final_2026-05-12/scheme_c_holdout/configs/scenario_stress_holdoutfit.yaml
160.0,149.3960694743227,0.039423858777558954,0.039423858777558954,0.13125,0.11875,0.13125,0.6970802404099293,0.30291975959007067,0.9337254342145169,0.6736958856137281,0.6667530328033919,-2.42939444203369,0.00625,0.99375,1.0,1.0,1.0,1.0,0.85,0.9,0.1,security_risk,68,20.92140542800007,130.75878392500044,2.0,results/final_2026-05-12/scheme_c_holdout/configs/scenario_stress_holdoutfit.yaml
160.0,128.52714856560107,0.04131402957689612,0.04131402957689612,0.13125,0.1,0.13125,0.6662093950971621,0.3337906049028378,0.8032946785350067,0.9774693366235534,0.9712119951599802,-2.323737072090666,0.00625,0.99375,1.0,1.0,1.0,1.0,0.85,0.90625,0.09375,security_risk,69,22.501053495001543,140.63158434375964,2.0,results/final_2026-05-12/scheme_c_holdout/configs/scenario_stress_holdoutfit.yaml
160.0,148.2020852530973,0.03615658264785386,0.03615658264785386,0.125,0.1125,0.125,0.7018971342976498,0.29810286570235023,0.9262630328318581,0.6313736147984323,0.6269802634989157,-2.4987275025009152,0.0,1.0,1.0,1.0,1.0,1.0,0.86875,0.9,0.1,security_risk,70,20.150784391000343,125.94240244375214,2.0,results/final_2026-05-12/scheme_c_holdout/configs/scenario_stress_holdoutfit.yaml
160.0,143.4557891326222,0.03903585194457436,0.03903585194457436,0.13125,0.1125,0.13125,0.6962839924138923,0.30371600758610773,0.8965986820788887,0.7842210820393406,0.7810450195619453,-2.3105964695915135,0.0,1.0,1.0,1.0,1.0,1.0,0.86875,0.90625,0.09375,security_risk,71,21.5034175210003,134.39635950625188,2.0,results/final_2026-05-12/scheme_c_holdout/configs/scenario_stress_holdoutfit.yaml
160.0,142.72285612057263,0.036907961812696545,0.036907961812696545,0.125,0.10625,0.125,0.6963231719822833,0.3036768280177166,0.892017850753579,0.7521848938764928,0.7501315883695086,-2.375107314166434,0.0,1.0,1.0,1.0,1.0,1.0,0.8875,0.90625,0.09375,security_risk,72,19.980946826000945,124.88091766250591,2.0,results/final_2026-05-12/scheme_c_holdout/configs/scenario_stress_holdoutfit.yaml
160.0,133.8906501394694,0.036198792279285893,0.036198792279285893,0.125,0.125,0.125,0.7010701902582812,0.29892980974171873,0.8368165633716836,0.8032049071680154,0.8009323860949389,-2.309693935349731,0.0,1.0,1.0,1.0,1.0,1.0,0.90625,0.90625,0.09375,security_risk,73,21.8745594159991,136.71599634999438,2.0,results/final_2026-05-12/scheme_c_holdout/configs/scenario_stress_holdoutfit.yaml
160.0,149.48290575323438,0.03960334554711581,0.03960334554711581,0.13125,0.1125,0.13125,0.6905277721587753,0.30947222784122463,0.9342681609577148,0.7025573858013688,0.699560869449919,-2.424460964344268,0.00625,0.99375,1.0,1.0,1.0,1.0,0.91875,0.90625,0.09375,security_risk,74,22.23182789100065,138.94892431875405,2.0,results/final_2026-05-12/scheme_c_holdout/configs/scenario_stress_holdoutfit.yaml
160.0,136.89224537959217,0.03671221270430942,0.03671221270430942,0.125,0.11875,0.125,0.6887281641397982,0.3112718358602019,0.855576533622451,0.8937813808589474,0.8902178075146636,-2.2088985720376058,0.00625,0.99375,1.0,1.0,1.0,1.0,0.88125,0.90625,0.09375,security_risk,75,21.01825702699898,131.36410641874363,2.0,results/final_2026-05-12/scheme_c_holdout/configs/scenario_stress_holdoutfit.yaml
160.0,132.41472448540333,0.036507582110877845,0.036507582110877845,0.125,0.11875,0.125,0.6909268324857637,0.3090731675142363,0.8275920280337707,0.9036467063611656,0.8988090035477082,-2.236362646996331,0.00625,0.99375,1.0,1.0,1.0,1.0,0.88125,0.9,0.1,security_risk,76,22.22275413100033,138.89221331875206,2.0,results/final_2026-05-12/scheme_c_holdout/configs/scenario_stress_holdoutfit.yaml
160.0,139.2948475788661,0.036870159496757635,0.036870159496757635,0.125,0.1,0.125,0.6806093896454609,0.3193906103545392,0.8705927973679131,0.7197963212967977,0.7163998766275709,-2.530956853216508,0.0,1.0,1.0,1.0,1.0,1.0,0.8625,0.90625,0.09375,security_risk,77,22.807451373999356,142.54657108749598,2.0,results/final_2026-05-12/scheme_c_holdout/configs/scenario_stress_holdoutfit.yaml
160.0,141.8616758755759,0.03750767645551956,0.03750767645551956,0.125,0.125,0.125,0.6896536953160217,0.31034630468397834,0.8866354742223495,0.771830390344611,0.7639656944145641,-2.4144836000417635,0.00625,0.99375,1.0,1.0,1.0,1.0,0.85,0.89375,0.10625,security_risk,78,22.838460674998714,142.74037921874196,2.0,results/final_2026-05-12/scheme_c_holdout/configs/scenario_stress_holdoutfit.yaml
160.0,155.47800269193158,0.03873617690459047,0.03873617690459047,0.13125,0.1125,0.13125,0.7032620391239306,0.29673796087606935,0.9717375168245723,0.603081033392219,0.6007930497151095,-2.4778504124419287,0.0,1.0,1.0,1.0,1.0,1.0,0.9125,0.9,0.1,security_risk,79,20.757574616000056,129.73484135000035,2.0,results/final_2026-05-12/scheme_c_holdout/configs/scenario_stress_holdoutfit.yaml
160.0,138.1449613297328,0.03922857187161549,0.03922857187161549,0.13125,0.11875,0.13125,0.6877862929325387,0.31221370706746127,0.86340600831083,0.8224451133441292,0.8211729460379822,-2.308042273544916,0.00625,0.99375,1.0,1.0,1.0,1.0,0.9125,0.9,0.1,security_risk,80,22.961160099999688,143.50725062499805,2.0,results/final_2026-05-12/scheme_c_holdout/configs/scenario_stress_holdoutfit.yaml
160.0,134.18871212356294,0.0370290173436974,0.0370290173436974,0.125,0.11875,0.125,0.6901412019819544,0.30985879801804556,0.8386794507722684,0.9052931570718578,0.8998291931474018,-2.213930595315642,0.00625,0.99375,1.0,1.0,1.0,1.0,0.84375,0.90625,0.09375,security_risk,81,22.816694036000627,142.60433772500392,2.0,results/final_2026-05-12/scheme_c_holdout/configs/scenario_stress_holdoutfit.yaml
160.0,168.42614821030296,0.11875,0.11875,0.11875,0.11875,0.11875,0.7088185637339626,0.29118143626603743,1.0526634263143935,0.614965723030656,0.6060070694050225,-3.5957858883951213,0.0,1.0,1.0,1.0,1.0,1.0,0.8375,0.975,0.025,periodic,62,21.465574998001102,134.1598437375069,2.5,results/final_2026-05-12/scheme_c_holdout/configs/scenario_stress_holdoutfit.yaml
160.0,156.71798606191885,0.11875,0.11875,0.11875,0.1125,0.11875,0.6676887651568504,0.3323112348431496,0.9794874128869928,0.9115204426086387,0.9043390608315157,-3.5548785863166428,0.0,1.0,1.0,1.0,1.0,1.0,0.825,0.95,0.05,periodic,63,22.653263917000004,141.58289948125002,2.5,results/final_2026-05-12/scheme_c_holdout/configs/scenario_stress_holdoutfit.yaml
160.0,160.88639440493822,0.11875,0.11875,0.11875,0.1125,0.11875,0.690336122172055,0.30966387782794513,1.0055399650308638,0.6990250312278768,0.6927018860747618,-3.687027111146304,0.0,1.0,1.0,1.0,1.0,1.0,0.84375,0.96875,0.03125,periodic,64,22.35078936899845,139.6924335562403,2.5,results/final_2026-05-12/scheme_c_holdout/configs/scenario_stress_holdoutfit.yaml
160.0,150.64921614606146,0.11875,0.11875,0.11875,0.1,0.11875,0.6475227688284864,0.35247723117151375,0.9415576009128841,0.953419918713994,0.9458972520009796,-3.640911837303166,0.0,1.0,1.0,1.0,1.0,1.0,0.83125,0.96875,0.03125,periodic,65,20.793510581999726,129.9594411374983,2.5,results/final_2026-05-12/scheme_c_holdout/configs/scenario_stress_holdoutfit.yaml
160.0,160.91291089698484,0.11875,0.11875,0.11875,0.1125,0.11875,0.6875984525974239,0.31240154740257614,1.0057056931061552,0.7210590365560523,0.7109587601891005,-3.5746858972937856,0.0,1.0,1.0,1.0,1.0,1.0,0.81875,0.96875,0.03125,periodic,66,21.925246871000127,137.0327929437508,2.5,results/final_2026-05-12/scheme_c_holdout/configs/scenario_stress_holdoutfit.yaml
160.0,155.6927939516671,0.11875,0.11875,0.11875,0.1125,0.11875,0.6702179797594937,0.3297820202405063,0.9730799621979195,0.8629795032499199,0.8493386063606149,-3.5338781079644512,0.0,1.0,1.0,1.0,1.0,1.0,0.825,0.975,0.025,periodic,67,21.669571503000043,135.43482189375027,2.5,results/final_2026-05-12/scheme_c_holdout/configs/scenario_stress_holdoutfit.yaml
160.0,154.99148849600195,0.11875,0.11875,0.11875,0.10625,0.11875,0.6655257491732195,0.33447425082678045,0.9686968031000122,0.8312002728557901,0.82576357488407,-3.680612738139358,0.0,1.0,1.0,1.0,1.0,1.0,0.85625,0.95625,0.04375,periodic,68,20.934940364000795,130.84337727500497,2.5,results/final_2026-05-12/scheme_c_holdout/configs/scenario_stress_holdoutfit.yaml
160.0,162.90408140287664,0.11875,0.11875,0.11875,0.10625,0.11875,0.6857058386020929,0.31429416139790717,1.018150508767979,0.6908457229295387,0.6853056596031881,-3.7701715629981907,0.0,1.0,1.0,1.0,1.0,1.0,0.85625,0.95625,0.04375,periodic,69,21.556706082001256,134.72941301250785,2.5,results/final_2026-05-12/scheme_c_holdout/configs/scenario_stress_holdoutfit.yaml
160.0,140.729055901079,0.11875,0.11875,0.11875,0.09375,0.11875,0.6297554952691591,0.37024450473084086,0.8795565993817437,1.0051207048449722,0.9959535871425317,-3.608668927057046,0.0,1.0,1.0,1.0,1.0,1.0,0.8,0.9625,0.0375,periodic,70,21.097346336000555,131.85841460000347,2.5,results/final_2026-05-12/scheme_c_holdout/configs/scenario_stress_holdoutfit.yaml
160.0,155.99352544727753,0.11875,0.11875,0.11875,0.1,0.11875,0.6628834937279656,0.3371165062720344,0.9749595340454846,0.7459698425358801,0.7390280235073888,-3.8186771392213728,0.0,1.0,1.0,1.0,1.0,1.0,0.80625,0.96875,0.03125,periodic,71,22.099769655000273,138.1235603437517,2.5,results/final_2026-05-12/scheme_c_holdout/configs/scenario_stress_holdoutfit.yaml
160.0,157.69956299124203,0.11875,0.11875,0.11875,0.10625,0.11875,0.6855444830552947,0.3144555169447053,0.9856222686952627,0.7316647714132454,0.7249738729391362,-3.620980256951708,0.0,1.0,1.0,1.0,1.0,1.0,0.8125,0.98125,0.01875,periodic,72,21.945678771999155,137.16049232499472,2.5,results/final_2026-05-12/scheme_c_holdout/configs/scenario_stress_holdoutfit.yaml
160.0,147.97227173544437,0.11875,0.11875,0.11875,0.10625,0.11875,0.6660738603693082,0.33392613963069184,0.9248266983465273,0.9414965767286014,0.9327928823509909,-3.6188495636955045,0.0,1.0,1.0,1.0,1.0,1.0,0.7875,0.9625,0.0375,periodic,73,21.679390450999563,135.49619031874727,2.5,results/final_2026-05-12/scheme_c_holdout/configs/scenario_stress_holdoutfit.yaml
160.0,158.06279329675135,0.11875,0.11875,0.11875,0.1125,0.11875,0.67189231315362,0.32810768684638003,0.987892458104696,0.8693854475287678,0.8588883946025078,-3.4443801743581206,0.0,1.0,1.0,1.0,1.0,1.0,0.8125,0.9625,0.0375,periodic,74,23.039321124000708,143.99575702500442,2.5,results/final_2026-05-12/scheme_c_holdout/configs/scenario_stress_holdoutfit.yaml
160.0,147.5752570021922,0.11875,0.11875,0.11875,0.1,0.11875,0.6334896714619662,0.3665103285380339,0.9223453562637012,0.9608600012099178,0.9515072646413559,-3.647341481424651,0.0,1.0,1.0,1.0,1.0,1.0,0.78125,0.9625,0.0375,periodic,75,23.39282619200094,146.20516370000587,2.5,results/final_2026-05-12/scheme_c_holdout/configs/scenario_stress_holdoutfit.yaml
160.0,160.92305876107747,0.11875,0.11875,0.11875,0.10625,0.11875,0.6673484351222473,0.33265156487775277,1.0057691172567342,0.8202044069204835,0.8173790592149761,-3.574081595145695,0.0,1.0,1.0,1.0,1.0,1.0,0.88125,0.95625,0.04375,periodic,76,22.256951527999263,139.1059470499954,2.5,results/final_2026-05-12/scheme_c_holdout/configs/scenario_stress_holdoutfit.yaml
160.0,151.7392516226938,0.11875,0.11875,0.11875,0.1125,0.11875,0.6717041052997912,0.3282958947002088,0.9483703226418363,0.8994648523480244,0.8905348724063199,-3.4814192476856034,0.0,1.0,1.0,1.0,1.0,1.0,0.79375,0.96875,0.03125,periodic,77,22.013968650000606,137.5873040625038,2.5,results/final_2026-05-12/scheme_c_holdout/configs/scenario_stress_holdoutfit.yaml
160.0,168.4995691594027,0.11875,0.11875,0.11875,0.11875,0.11875,0.6963010262793592,0.30369897372064086,1.053122307246267,0.7080218162644505,0.6997751358282881,-3.547254861524015,0.0,1.0,1.0,1.0,1.0,1.0,0.83125,0.95,0.05,periodic,78,22.253890705998856,139.08681691249285,2.5,results/final_2026-05-12/scheme_c_holdout/configs/scenario_stress_holdoutfit.yaml
160.0,168.40793185215102,0.11875,0.11875,0.11875,0.1125,0.11875,0.6927311955328104,0.3072688044671895,1.0525495740759439,0.6733014973878261,0.6637108515359147,-3.60713296708943,0.0,1.0,1.0,1.0,1.0,1.0,0.74375,0.9625,0.0375,periodic,79,21.14698597899951,132.16866236874694,2.5,results/final_2026-05-12/scheme_c_holdout/configs/scenario_stress_holdoutfit.yaml
160.0,161.55372014114937,0.11875,0.11875,0.11875,0.1125,0.11875,0.6845451772110637,0.31545482278893633,1.0097107508821836,0.7632768163341886,0.7507392632730496,-3.472897285490755,0.0,1.0,1.0,1.0,1.0,1.0,0.76875,0.9625,0.0375,periodic,80,21.25308177199986,132.83176107499912,2.5,results/final_2026-05-12/scheme_c_holdout/configs/scenario_stress_holdoutfit.yaml
160.0,151.63602904430064,0.11875,0.11875,0.11875,0.1125,0.11875,0.6668951793086131,0.3331048206913869,0.947725181526879,0.9169602508180837,0.9106648386167594,-3.596521478780585,0.0,1.0,1.0,1.0,1.0,1.0,0.8125,0.95625,0.04375,periodic,81,21.666681473001518,135.41675920625948,2.5,results/final_2026-05-12/scheme_c_holdout/configs/scenario_stress_holdoutfit.yaml
160.0,198.63338015777487,0.1125,0.1125,0.45,0.40625,0.45,0.9337867064802705,0.0662132935197294,1.241458625986093,0.11267984735036034,0.10772709515656728,-1.9786422447329706,0.0,1.0,1.0,1.0,1.0,1.0,0.925,0.96875,0.03125,rollout_joint,62,284.16509091700027,1776.0318182312517,2.5,results/final_2026-05-12/scheme_c_holdout/configs/scenario_stress_holdoutfit.yaml
160.0,203.551708596326,0.1140625,0.1140625,0.45625,0.4125,0.45625,0.9375150525693332,0.06248494743066664,1.2721981787270376,0.10408934254555428,0.0973275470388156,-1.9566944253599186,0.0,1.0,1.0,1.0,1.0,1.0,0.88125,0.95,0.05,rollout_joint,63,296.28685419700014,1851.7928387312509,2.5,results/final_2026-05-12/scheme_c_holdout/configs/scenario_stress_holdoutfit.yaml
160.0,201.11458239407423,0.1140625,0.1140625,0.45625,0.4125,0.45625,0.9344338166499206,0.0655661833500794,1.256966139962964,0.11246020793136835,0.10741182425579146,-1.9637225681853792,0.0,1.0,1.0,1.0,1.0,1.0,0.9125,0.9625,0.0375,rollout_joint,64,290.76743988700036,1817.2964992937523,2.5,results/final_2026-05-12/scheme_c_holdout/configs/scenario_stress_holdoutfit.yaml
160.0,203.3675690603515,0.1140625,0.1140625,0.45625,0.4,0.45625,0.9361556923182093,0.06384430768179084,1.271047306627197,0.10078192776445896,0.0942684271469601,-1.9626172147137553,0.0,1.0,1.0,1.0,1.0,1.0,0.875,0.94375,0.05625,rollout_joint,65,286.1651039890003,1788.5318999312517,2.5,results/final_2026-05-12/scheme_c_holdout/configs/scenario_stress_holdoutfit.yaml
160.0,199.6378988570056,0.1109375,0.1109375,0.44375,0.41875,0.44375,0.9378527963623478,0.06214720363765226,1.247736867856285,0.0995891511532764,0.09438963476253118,-1.974120948915616,0.0,1.0,1.0,1.0,1.0,1.0,0.9,0.98125,0.01875,rollout_joint,66,293.05203975899894,1831.5752484937434,2.5,results/final_2026-05-12/scheme_c_holdout/configs/scenario_stress_holdoutfit.yaml
160.0,196.89710402613625,0.1125,0.1125,0.45,0.40625,0.45,0.931809592142636,0.06819040785736391,1.2306069001633515,0.11778566933390118,0.10934139547373012,-1.9898250722201525,0.0,1.0,1.0,1.0,1.0,1.0,0.88125,0.9875,0.0125,rollout_joint,67,294.0327095749999,1837.7044348437491,2.5,results/final_2026-05-12/scheme_c_holdout/configs/scenario_stress_holdoutfit.yaml
160.0,201.7751002606529,0.1140625,0.1140625,0.45625,0.4,0.45625,0.9329962249987945,0.06700377500120552,1.2610943766290805,0.10615672870212638,0.10085159108508364,-1.974878200466322,0.0,1.0,1.0,1.0,1.0,1.0,0.88125,0.95625,0.04375,rollout_joint,68,296.15277076500024,1850.9548172812515,2.5,results/final_2026-05-12/scheme_c_holdout/configs/scenario_stress_holdoutfit.yaml
160.0,201.47970840894305,0.1109375,0.1109375,0.44375,0.41875,0.44375,0.9379761140780317,0.062023885921968336,1.2592481775558941,0.09948161484631886,0.09211478014184811,-1.9655279600288815,0.0,1.0,1.0,1.0,1.0,1.0,0.8875,0.9625,0.0375,rollout_joint,69,292.9343349810006,1830.8395936312536,2.5,results/final_2026-05-12/scheme_c_holdout/configs/scenario_stress_holdoutfit.yaml
160.0,199.75328662131483,0.1125,0.1125,0.45,0.40625,0.45,0.9326824231609026,0.06731757683909749,1.2484580413832176,0.10885177631626194,0.1034501454291759,-1.9843138712146058,0.0,1.0,1.0,1.0,1.0,1.0,0.90625,0.9625,0.0375,rollout_joint,70,288.2986666249999,1801.8666664062494,2.5,results/final_2026-05-12/scheme_c_holdout/configs/scenario_stress_holdoutfit.yaml
160.0,198.96472837326462,0.1109375,0.1109375,0.44375,0.4125,0.44375,0.9343922741821841,0.06560772581781603,1.243529552332904,0.11502966998346054,0.10833133885051571,-1.9701594596946062,0.0,1.0,1.0,1.0,1.0,1.0,0.88125,0.9625,0.0375,rollout_joint,71,287.3697791880004,1796.0611199250022,2.5,results/final_2026-05-12/scheme_c_holdout/configs/scenario_stress_holdoutfit.yaml
160.0,200.9598270978347,0.1125,0.1125,0.45,0.4125,0.45,0.9343196000951771,0.06568039990482287,1.255998919361467,0.11062353320455273,0.10266844203238919,-1.9651382115555698,0.0,1.0,1.0,1.0,1.0,1.0,0.8875,0.9625,0.0375,rollout_joint,72,291.73548622899943,1823.3467889312465,2.5,results/final_2026-05-12/scheme_c_holdout/configs/scenario_stress_holdoutfit.yaml
160.0,198.43629008476972,0.1125,0.1125,0.45,0.40625,0.45,0.9345973804908937,0.06540261950910627,1.2402268130298109,0.10834741250599995,0.10007782591098305,-1.985729640783881,0.0,1.0,1.0,1.0,1.0,1.0,0.88125,0.975,0.025,rollout_joint,73,294.0585745339995,1837.8660908374968,2.5,results/final_2026-05-12/scheme_c_holdout/configs/scenario_stress_holdoutfit.yaml
160.0,199.28209615414744,0.1140625,0.1140625,0.45625,0.4,0.45625,0.931008145787148,0.06899185421285206,1.2455131009634215,0.12185440867044783,0.11624795460898714,-1.9777753011008343,0.0,1.0,1.0,1.0,1.0,1.0,0.9125,0.96875,0.03125,rollout_joint,74,291.27188813199973,1820.4493008249985,2.5,results/final_2026-05-12/scheme_c_holdout/configs/scenario_stress_holdoutfit.yaml
160.0,199.62520482901402,0.1125,0.1125,0.45,0.4125,0.45,0.9353800134951143,0.06461998650488558,1.2476575301813377,0.10235754666475864,0.09462521998882212,-1.9768649476587243,0.0,1.0,1.0,1.0,1.0,1.0,0.86875,0.9625,0.0375,rollout_joint,75,287.91008992800016,1799.438062050001,2.5,results/final_2026-05-12/scheme_c_holdout/configs/scenario_stress_holdoutfit.yaml
160.0,202.10564899275732,0.1125,0.1125,0.45,0.40625,0.45,0.93326852204601,0.06673147795398995,1.2631603062047332,0.10895293235353773,0.09976675054360176,-1.972757240171346,0.0,1.0,1.0,1.0,1.0,1.0,0.89375,0.95625,0.04375,rollout_joint,76,288.50529120199826,1803.1580700124891,2.5,results/final_2026-05-12/scheme_c_holdout/configs/scenario_stress_holdoutfit.yaml
160.0,198.98176789122817,0.1125,0.1125,0.45,0.40625,0.45,0.9343465621905868,0.06565343780941323,1.2436360493201761,0.10964963701307814,0.10301222175328487,-1.980811196195593,0.0,1.0,1.0,1.0,1.0,1.0,0.89375,0.96875,0.03125,rollout_joint,77,273.28864337699997,1708.05402110625,2.5,results/final_2026-05-12/scheme_c_holdout/configs/scenario_stress_holdoutfit.yaml
160.0,204.82927149974,0.1140625,0.1140625,0.45625,0.4125,0.45625,0.936612707895755,0.06338729210424482,1.280182946873375,0.09962033448143175,0.09404050500531232,-1.9515560229462452,0.0,1.0,1.0,1.0,1.0,1.0,0.88125,0.95625,0.04375,rollout_joint,78,272.56129343000066,1703.5080839375041,2.5,results/final_2026-05-12/scheme_c_holdout/configs/scenario_stress_holdoutfit.yaml
160.0,201.7821556729552,0.1125,0.1125,0.45,0.39375,0.45,0.9346692431569755,0.0653307568430245,1.26113847295597,0.10136317476814487,0.09503176564589658,-1.9783594811247518,0.0,1.0,1.0,1.0,1.0,1.0,0.8875,0.95625,0.04375,rollout_joint,79,266.73123757400026,1667.0702348375016,2.5,results/final_2026-05-12/scheme_c_holdout/configs/scenario_stress_holdoutfit.yaml
160.0,201.21452159835405,0.1125,0.1125,0.45,0.4125,0.45,0.9346020760589784,0.0653979239410216,1.257590759989713,0.10662852871974729,0.09801624488944916,-1.9716076703667462,0.0,1.0,1.0,1.0,1.0,1.0,0.875,0.9625,0.0375,rollout_joint,80,261.20477503799884,1632.5298439874928,2.5,results/final_2026-05-12/scheme_c_holdout/configs/scenario_stress_holdoutfit.yaml
160.0,199.18028985226363,0.1125,0.1125,0.45,0.40625,0.45,0.931525722543278,0.06847427745672195,1.2448768115766478,0.12251496065719607,0.11614972282785847,-1.9666290911207063,0.0,1.0,1.0,1.0,1.0,1.0,0.86875,0.9625,0.0375,rollout_joint,81,235.3789012920006,1471.1181330750037,2.5,results/final_2026-05-12/scheme_c_holdout/configs/scenario_stress_holdoutfit.yaml
160.0,46.8784073436491,0.11774628947313545,0.11774628947313545,0.13125,0.11875,0.13125,0.25908586956104357,0.7409141304389564,0.29299004589780686,1.7480906878402886,1.734604283213572,-43.748274783066464,0.0,1.0,0.99375,0.99375,0.99375,0.99375,0.9875,1.0,0.0,security_margin,62,22.125899440001376,138.2868715000086,2.5,results/final_2026-05-12/scheme_c_holdout/configs/scenario_stress_holdoutfit.yaml
160.0,53.65325246299632,0.11875,0.11875,0.125,0.10625,0.125,0.2646503140801765,0.7353496859198235,0.335332827893727,1.69084170625498,1.6719061668013637,-28.602879190349704,0.0,1.0,1.0,1.0,1.0,1.0,0.94375,0.96875,0.03125,security_margin,63,22.157739824999226,138.48587390624516,2.5,results/final_2026-05-12/scheme_c_holdout/configs/scenario_stress_holdoutfit.yaml
160.0,55.96245083995952,0.11875,0.11875,0.175,0.16875,0.175,0.2974983812010591,0.7025016187989408,0.349765317749747,1.7286830531499908,1.7286830531499908,-34.66097994860118,0.0,1.0,0.90625,0.90625,0.90625,0.90625,1.0,1.0,0.0,security_margin,64,20.858654982999724,130.36659364374827,2.5,results/final_2026-05-12/scheme_c_holdout/configs/scenario_stress_holdoutfit.yaml
160.0,55.6850425871923,0.11875,0.11875,0.13125,0.1125,0.13125,0.2575327230259991,0.7424672769740008,0.34803151616995187,1.6839088881617634,1.6710874538978744,-31.281669792695148,0.0,1.0,1.0,1.0,1.0,1.0,0.9375,0.9625,0.0375,security_margin,65,22.658544416999575,141.61590260624735,2.5,results/final_2026-05-12/scheme_c_holdout/configs/scenario_stress_holdoutfit.yaml
160.0,52.91762861221144,0.11875,0.11875,0.13125,0.1125,0.13125,0.2539440098850686,0.7460559901149315,0.3307351788263215,1.7013057409169163,1.6927640391103325,-31.677640737817626,0.0,1.0,1.0,1.0,1.0,1.0,0.95625,0.96875,0.03125,security_margin,66,21.990451367000787,137.44032104375492,2.5,results/final_2026-05-12/scheme_c_holdout/configs/scenario_stress_holdoutfit.yaml
160.0,52.15340985210928,0.11875,0.11875,0.125,0.10625,0.125,0.26207269437452574,0.7379273056254743,0.32595881157568296,1.6926040216125664,1.6655607653520506,-26.347699841935643,0.0,1.0,1.0,1.0,1.0,1.0,0.9375,0.98125,0.01875,security_margin,67,22.381391472999894,139.88369670624934,2.5,results/final_2026-05-12/scheme_c_holdout/configs/scenario_stress_holdoutfit.yaml
160.0,49.460024945761596,0.11875,0.11875,0.14375,0.1375,0.14375,0.2567511896372189,0.7432488103627811,0.30912515591101,1.7519643753749556,1.7458982817923563,-48.64243490118927,0.0,1.0,0.9875,0.9875,0.9875,0.9875,0.9875,1.0,0.0,security_margin,68,21.949273939000705,137.1829621187544,2.5,results/final_2026-05-12/scheme_c_holdout/configs/scenario_stress_holdoutfit.yaml
160.0,53.34774068313087,0.11875,0.11875,0.15,0.13125,0.15,0.28552141390351493,0.7144785860964851,0.33342337926956794,1.7029751103756134,1.6929433490461392,-32.42471297801602,0.0,1.0,0.98125,0.98125,0.98125,0.98125,0.975,0.98125,0.01875,security_margin,69,21.986727226001676,137.41704516251048,2.5,results/final_2026-05-12/scheme_c_holdout/configs/scenario_stress_holdoutfit.yaml
160.0,55.107763002447406,0.11726685013484262,0.11726685013484262,0.18125,0.18125,0.18125,0.2852068420505523,0.7147931579494478,0.3444235187652963,1.7310903929254338,1.7309705994409985,-22.71439132856578,0.0,1.0,0.88125,0.88125,0.88125,0.88125,0.99375,1.0,0.0,security_margin,70,22.728975603000436,142.05609751875272,2.5,results/final_2026-05-12/scheme_c_holdout/configs/scenario_stress_holdoutfit.yaml
160.0,48.999797684003966,0.11832530881505146,0.11832530881505146,0.125,0.10625,0.125,0.260842609730154,0.739157390269846,0.3062487355250248,1.7225732246180816,1.701992011967762,-31.729502813669903,0.0,1.0,1.0,1.0,1.0,1.0,0.9625,1.0,0.0,security_margin,71,22.253270908999184,139.0829431812449,2.5,results/final_2026-05-12/scheme_c_holdout/configs/scenario_stress_holdoutfit.yaml
160.0,54.19638712578157,0.11875,0.11875,0.15625,0.15,0.15625,0.2779351988339244,0.7220648011660755,0.33872741953613483,1.72067630060866,1.7206273342017524,-40.51458498817057,0.0,1.0,0.94375,0.94375,0.94375,0.94375,0.99375,0.98125,0.01875,security_margin,72,22.510025175999544,140.68765734999715,2.5,results/final_2026-05-12/scheme_c_holdout/configs/scenario_stress_holdoutfit.yaml
160.0,54.24384101728844,0.11874999999999998,0.11874999999999998,0.15625,0.14375,0.15625,0.2801679510354122,0.7198320489645877,0.33902400635805274,1.7197787325874008,1.7186038724927961,-36.617484009676446,0.0,1.0,0.94375,0.94375,0.94375,0.94375,0.975,0.99375,0.00625,security_margin,73,22.26227193700106,139.13919960625662,2.5,results/final_2026-05-12/scheme_c_holdout/configs/scenario_stress_holdoutfit.yaml
160.0,51.49673003830388,0.11875,0.11875,0.1375,0.125,0.1375,0.26949782647785486,0.7305021735221453,0.3218545627393993,1.7113605914308558,1.6977319981420222,-36.98068409858281,0.0,1.0,1.0,1.0,1.0,1.0,0.975,0.9625,0.0375,security_margin,74,21.375417842000388,133.59636151250243,2.5,results/final_2026-05-12/scheme_c_holdout/configs/scenario_stress_holdoutfit.yaml
160.0,52.20379314601482,0.11875,0.11875,0.15,0.13125,0.15,0.2760641469586854,0.7239358530413146,0.32627370716259263,1.7266107847475016,1.7177912856778241,-41.3094445704655,0.0,1.0,0.9625,0.9625,0.9625,0.9625,0.96875,0.98125,0.01875,security_margin,75,22.438278599000114,140.2392412437507,2.5,results/final_2026-05-12/scheme_c_holdout/configs/scenario_stress_holdoutfit.yaml
160.0,53.013470777218345,0.11875,0.11875,0.1625,0.15,0.1625,0.2733419062971944,0.7266580937028057,0.33133419235761463,1.7352734620946926,1.7297290322179244,-48.564636974501475,0.0,1.0,0.9375,0.9375,0.9375,0.9375,0.99375,0.99375,0.00625,security_margin,76,22.10514785000123,138.1571740625077,2.5,results/final_2026-05-12/scheme_c_holdout/configs/scenario_stress_holdoutfit.yaml
160.0,50.619921144175784,0.11875,0.11875,0.15,0.14375,0.15,0.26332348322080634,0.7366765167791935,0.31637450715109866,1.7437934507581923,1.7374817393280497,-49.227386408842264,0.0,1.0,0.9625,0.9625,0.9625,0.9625,0.99375,1.0,0.0,security_margin,77,21.99391575900154,137.46197349375961,2.5,results/final_2026-05-12/scheme_c_holdout/configs/scenario_stress_holdoutfit.yaml
160.0,52.62104223405283,0.11875,0.11875,0.14375,0.1375,0.14375,0.27117203317778105,0.728827966822219,0.32888151396283016,1.7212644295520299,1.7114819344150007,-33.2738498134694,0.00625,0.99375,0.98125,0.98125,0.98125,0.98125,0.9875,1.0,0.0,security_margin,78,21.74403246499969,135.90020290624807,2.5,results/final_2026-05-12/scheme_c_holdout/configs/scenario_stress_holdoutfit.yaml
160.0,50.85616715212514,0.11875,0.11875,0.14375,0.13125,0.14375,0.2651798990926653,0.7348201009073348,0.3178510447007821,1.7273957026728612,1.7057276401186485,-35.71740204953493,0.0,1.0,0.9875,0.9875,0.9875,0.9875,0.9625,1.0,0.0,security_margin,79,21.639480486001048,135.24675303750655,2.5,results/final_2026-05-12/scheme_c_holdout/configs/scenario_stress_holdoutfit.yaml
160.0,53.0187900390236,0.11875,0.11875,0.1375,0.13125,0.1375,0.2622655948113855,0.7377344051886144,0.3313674377438975,1.7271964952399663,1.7141571407848208,-43.54719129964282,0.0,1.0,1.0,1.0,1.0,1.0,0.975,0.96875,0.03125,security_margin,80,21.48903334299939,134.3064583937462,2.5,results/final_2026-05-12/scheme_c_holdout/configs/scenario_stress_holdoutfit.yaml
160.0,51.65281347959494,0.11875,0.11875,0.13125,0.10625,0.13125,0.25688816112561874,0.7431118388743813,0.3228300842474684,1.7193205517884338,1.6990594749900718,-34.98428893992932,0.0,1.0,1.0,1.0,1.0,1.0,0.95,0.96875,0.03125,security_margin,81,22.26297770599922,139.14361066249512,2.5,results/final_2026-05-12/scheme_c_holdout/configs/scenario_stress_holdoutfit.yaml
160.0,149.86831890965414,0.036461350057736194,0.036461350057736194,0.125,0.11875,0.125,0.722288606257274,0.2777113937427259,0.9366769931853384,0.6917964065784015,0.6913558142181626,-2.785436437897918,0.0,1.0,1.0,1.0,1.0,1.0,0.94375,0.96875,0.03125,security_risk,62,21.720608706998974,135.75380441874358,2.5,results/final_2026-05-12/scheme_c_holdout/configs/scenario_stress_holdoutfit.yaml
160.0,158.17609990111026,0.037993198214435864,0.037993198214435864,0.13125,0.1125,0.13125,0.7122851152539654,0.28771488474603457,0.9886006243819392,0.6857311150373444,0.6795100239535937,-2.7810367362476383,0.0,1.0,1.0,1.0,1.0,1.0,0.86875,0.95625,0.04375,security_risk,63,21.740326994000498,135.8770437125031,2.5,results/final_2026-05-12/scheme_c_holdout/configs/scenario_stress_holdoutfit.yaml
160.0,165.87603915156066,0.03623090309381692,0.03623090309381692,0.125,0.11875,0.125,0.7357480362418347,0.2642519637581653,1.0367252446972541,0.4462024516725869,0.4443285426464122,-2.9075392364582022,0.0,1.0,1.0,1.0,1.0,1.0,0.9,0.9625,0.0375,security_risk,64,21.862958019999496,136.64348762499685,2.5,results/final_2026-05-12/scheme_c_holdout/configs/scenario_stress_holdoutfit.yaml
160.0,160.2639543725024,0.03953700530277695,0.03953700530277695,0.1375,0.1125,0.1375,0.7236730224380761,0.2763269775619239,1.00164971482814,0.5444886229829601,0.5432489003972352,-2.8950010440763903,0.0,1.0,1.0,1.0,1.0,1.0,0.925,0.96875,0.03125,security_risk,65,21.21273254999869,132.57957843749182,2.5,results/final_2026-05-12/scheme_c_holdout/configs/scenario_stress_holdoutfit.yaml
160.0,148.8725393421485,0.03548245109623139,0.03548245109623139,0.125,0.125,0.125,0.7117574078944868,0.2882425921055133,0.9304533708884282,0.7289961662470003,0.726465493703159,-2.768689597515132,0.0,1.0,1.0,1.0,1.0,1.0,0.90625,0.9625,0.0375,security_risk,66,22.02993084300033,137.68706776875206,2.5,results/final_2026-05-12/scheme_c_holdout/configs/scenario_stress_holdoutfit.yaml
160.0,145.91641046856475,0.03785127812717722,0.03785127812717722,0.13125,0.11875,0.13125,0.7096239781502964,0.29037602184970357,0.9119775654285297,0.7222481367926655,0.7172916603766513,-2.800006366873739,0.0,1.0,1.0,1.0,1.0,1.0,0.88125,0.96875,0.03125,security_risk,67,22.187834358001055,138.6739647375066,2.5,results/final_2026-05-12/scheme_c_holdout/configs/scenario_stress_holdoutfit.yaml
160.0,143.35362398767973,0.04371530935427238,0.04371530935427238,0.14375,0.125,0.14375,0.6956454927844435,0.3043545072155565,0.8959601499229983,0.8253322564674634,0.8195926267755634,-2.7198626234775465,0.0,1.0,1.0,1.0,1.0,1.0,0.8625,0.95,0.05,security_risk,68,21.457902956000908,134.11189347500567,2.5,results/final_2026-05-12/scheme_c_holdout/configs/scenario_stress_holdoutfit.yaml
160.0,153.22338750064895,0.0379613921146395,0.0379613921146395,0.13125,0.11875,0.13125,0.7154022283819039,0.28459777161809613,0.957646171879056,0.6066101509665449,0.6021264780401855,-2.8797126957902672,0.0,1.0,1.0,1.0,1.0,1.0,0.875,0.95625,0.04375,security_risk,69,21.340036313000383,133.3752269562524,2.5,results/final_2026-05-12/scheme_c_holdout/configs/scenario_stress_holdoutfit.yaml
160.0,151.46160595452332,0.039356463882799175,0.039356463882799175,0.1375,0.13125,0.1375,0.7246446177556233,0.2753553822443767,0.9466350372157708,0.6359032961797071,0.6323582878062899,-2.8222161502880345,0.0,1.0,1.0,1.0,1.0,1.0,0.8875,0.95625,0.04375,security_risk,70,21.408434019000197,133.80271261875123,2.5,results/final_2026-05-12/scheme_c_holdout/configs/scenario_stress_holdoutfit.yaml
160.0,156.66710561660295,0.036229972816952324,0.036229972816952324,0.125,0.11875,0.125,0.7240336518467315,0.2759663481532685,0.9791694101037685,0.5270874033198494,0.5244481225797114,-2.901280829163312,0.0,1.0,1.0,1.0,1.0,1.0,0.8875,0.96875,0.03125,security_risk,71,22.271908574999543,139.19942859374714,2.5,results/final_2026-05-12/scheme_c_holdout/configs/scenario_stress_holdoutfit.yaml
160.0,132.3580611845222,0.0395830660468597,0.0395830660468597,0.13125,0.125,0.13125,0.6967754065564439,0.3032245934435561,0.8272378824032638,0.887178003804894,0.885813168131449,-2.6965829285002627,0.0,1.0,1.0,1.0,1.0,1.0,0.9375,0.96875,0.03125,security_risk,72,20.918609960999675,130.74131225624797,2.5,results/final_2026-05-12/scheme_c_holdout/configs/scenario_stress_holdoutfit.yaml
160.0,142.57643493173435,0.0360163113159475,0.0360163113159475,0.125,0.11875,0.125,0.7008548345730631,0.2991451654269368,0.8911027183233398,0.8020639449510009,0.7990931452752097,-2.764964932093587,0.0,1.0,1.0,1.0,1.0,1.0,0.9,0.9625,0.0375,security_risk,73,22.334762973998295,139.59226858748934,2.5,results/final_2026-05-12/scheme_c_holdout/configs/scenario_stress_holdoutfit.yaml
160.0,150.6130481304497,0.03811659056434137,0.03811659056434137,0.13125,0.11875,0.13125,0.7122983726429291,0.28770162735707094,0.9413315508153106,0.7066976182031206,0.7045216683778797,-2.7822887655024813,0.0,1.0,1.0,1.0,1.0,1.0,0.91875,0.95625,0.04375,security_risk,74,22.994386123998993,143.7149132749937,2.5,results/final_2026-05-12/scheme_c_holdout/configs/scenario_stress_holdoutfit.yaml
160.0,130.53210669505575,0.03884653660255286,0.03884653660255286,0.13125,0.11875,0.13125,0.6983690466269568,0.3016309533730433,0.8158256668440984,0.8610390393486647,0.8575478392686733,-2.756118575694322,0.0,1.0,1.0,1.0,1.0,1.0,0.875,0.9625,0.0375,security_risk,75,22.493607500999133,140.58504688124458,2.5,results/final_2026-05-12/scheme_c_holdout/configs/scenario_stress_holdoutfit.yaml
160.0,152.17131774949587,0.037842591794477826,0.037842591794477826,0.13125,0.125,0.13125,0.719649881819859,0.280350118180141,0.9510707359343492,0.6840182201978307,0.6803111006362743,-2.778606762103172,0.0,1.0,1.0,1.0,1.0,1.0,0.90625,0.95625,0.04375,security_risk,76,22.40340296100112,140.021268506257,2.5,results/final_2026-05-12/scheme_c_holdout/configs/scenario_stress_holdoutfit.yaml
160.0,152.35946455729882,0.04068970499367503,0.04068970499367503,0.1375,0.11875,0.1375,0.7168953420930524,0.2831046579069475,0.9522466534831177,0.6232715807136627,0.6209186091225307,-2.868524233550006,0.0,1.0,1.0,1.0,1.0,1.0,0.86875,0.96875,0.03125,security_risk,77,21.322201818000394,133.26376136250246,2.5,results/final_2026-05-12/scheme_c_holdout/configs/scenario_stress_holdoutfit.yaml
160.0,152.01182855392958,0.03690018611330836,0.03690018611330836,0.125,0.125,0.125,0.7100475089860045,0.28995249101399534,0.9500739284620598,0.7266849142827169,0.7217988811740768,-2.7465036105276477,0.0,1.0,1.0,1.0,1.0,1.0,0.89375,0.95625,0.04375,security_risk,78,21.08521572800055,131.78259830000343,2.5,results/final_2026-05-12/scheme_c_holdout/configs/scenario_stress_holdoutfit.yaml
160.0,163.1379904521284,0.03671586711141521,0.03671586711141521,0.125,0.125,0.125,0.7333518760499169,0.2666481239500832,1.0196124403258024,0.5040388855346872,0.501553637780739,-2.8988133368578444,0.0,1.0,1.0,1.0,1.0,1.0,0.89375,0.96875,0.03125,security_risk,79,21.25492617599957,132.84328859999732,2.5,results/final_2026-05-12/scheme_c_holdout/configs/scenario_stress_holdoutfit.yaml
160.0,148.4603328317444,0.037603396752727586,0.037603396752727586,0.13125,0.125,0.13125,0.7103748595274764,0.2896251404725235,0.9278770801984025,0.7041408741837173,0.702996819431006,-2.812713131881627,0.0,1.0,1.0,1.0,1.0,1.0,0.8875,0.96875,0.03125,security_risk,80,22.170051885999783,138.56282428749864,2.5,results/final_2026-05-12/scheme_c_holdout/configs/scenario_stress_holdoutfit.yaml
160.0,139.06997102243093,0.04094359979031835,0.04094359979031835,0.1375,0.125,0.1375,0.6912952999481452,0.30870470005185485,0.8691873188901933,0.8525744403006261,0.8430229527592792,-2.728770173079119,0.0,1.0,1.0,1.0,1.0,1.0,0.875,0.95625,0.04375,security_risk,81,22.81444211300004,142.59026320625026,2.5,results/final_2026-05-12/scheme_c_holdout/configs/scenario_stress_holdoutfit.yaml
