avg_sync_cost,avg_sync_bandwidth,sync_request_rate,avg_sync_applied,avg_pending_syncs,avg_twin_quality,avg_twin_badness,avg_secrecy_rate,avg_realized_loss,avg_margin_gap,avg_cert_slack,certified_safe_rate,certificate_violation_prob,certificate_cover_rate,prediction_violation_prob,outage_prob,success_prob,method,seed,runtime_sec,runtime_per_slot_ms,scenario,config_path
0.15,0.15,0.15,0.1333333333333333,0.15,0.8748892003832796,0.1251107996167205,1.6443341986734457,0.1135990249710086,0.1003437933603425,-1.8449996560937,0.0166666666666666,0.9833333333333332,1.0,0.7166666666666667,0.8916666666666667,0.1083333333333333,periodic,62,20.61646312599987,171.80385938333225,paper_base_holdoutfit,results/scheme_c_holdout_2026-04-23_fixrollout/configs/paper_base_holdoutfit.yaml
0.1729166666666666,0.1729166666666666,0.6833333333333333,0.65,0.6833333333333333,0.9047364981696824,0.0952635018303176,1.552241751747905,0.3196907716596183,0.3165172825470658,-1.0823529030069758,0.0583333333333333,0.9416666666666668,0.525,0.975,0.8916666666666667,0.1083333333333333,risk_adaptive_hybrid_rollout,62,328.52177427100014,2737.6814522583345,paper_base_holdoutfit,results/scheme_c_holdout_2026-04-23_fixrollout/configs/paper_base_holdoutfit.yaml
0.2333333333333333,0.2333333333333333,0.9333333333333332,0.8833333333333333,0.9333333333333332,0.8700073301872162,0.1299926698127836,1.4196252900476614,0.6744438970880385,0.6744438970880385,-0.7064232539418981,0.2416666666666666,0.7583333333333333,0.175,1.0,0.9083333333333332,0.0916666666666666,rollout_joint,62,361.74801783600014,3014.566815300001,paper_base_holdoutfit,results/scheme_c_holdout_2026-04-23_fixrollout/configs/paper_base_holdoutfit.yaml
0.2333333333333333,0.2333333333333333,0.25,0.2333333333333333,0.25,0.3633286911886875,0.6366713088113125,0.7217513923905401,1.6628616969230774,1.6529595813437108,-9.00059761257967,0.05,0.95,0.85,0.9166666666666666,0.8916666666666667,0.1083333333333333,security_margin,62,22.13238705700041,184.4365588083368,paper_base_holdoutfit,results/scheme_c_holdout_2026-04-23_fixrollout/configs/paper_base_holdoutfit.yaml
0.0366203963784716,0.0366203963784716,0.125,0.125,0.125,0.7466479237217876,0.2533520762782125,1.521449922079788,0.3522852052391203,0.3511108985657783,-2.473813527254808,0.0166666666666666,0.9833333333333332,1.0,0.9166666666666666,0.9,0.1,security_risk,62,21.66018738799994,180.50156156666617,paper_base_holdoutfit,results/scheme_c_holdout_2026-04-23_fixrollout/configs/paper_base_holdoutfit.yaml
0.15,0.15,0.15,0.125,0.15,0.8549677826769763,0.1450322173230237,1.6495406617031572,0.1779138866206648,0.1695768395631437,-1.8804359721218165,0.025,0.975,1.0,0.7583333333333333,0.8666666666666667,0.1333333333333333,periodic,63,22.495664602000037,187.4638716833336,paper_base_holdoutfit,results/scheme_c_holdout_2026-04-23_fixrollout/configs/paper_base_holdoutfit.yaml
0.1708333333333333,0.1708333333333333,0.65,0.6,0.65,0.9096466313211544,0.0903533686788456,1.5892857590182838,0.2138657547817773,0.201975750808554,-1.2057640557458114,0.0416666666666666,0.9583333333333334,0.6083333333333333,0.8333333333333334,0.8916666666666667,0.1083333333333333,risk_adaptive_hybrid_rollout,63,260.5009532329996,2170.841276941663,paper_base_holdoutfit,results/scheme_c_holdout_2026-04-23_fixrollout/configs/paper_base_holdoutfit.yaml
0.2333333333333333,0.2333333333333333,0.9083333333333332,0.8583333333333333,0.9083333333333332,0.8896775050281465,0.1103224949718535,1.5415538614681423,0.3847595290810388,0.3755384929934807,-0.9390681868945392,0.1333333333333333,0.8666666666666667,0.2916666666666667,0.85,0.9083333333333332,0.0916666666666666,rollout_joint,63,319.15453371500007,2659.6211142916677,paper_base_holdoutfit,results/scheme_c_holdout_2026-04-23_fixrollout/configs/paper_base_holdoutfit.yaml
0.2333333333333333,0.2333333333333333,0.25,0.2166666666666666,0.25,0.3541211698126039,0.645878830187396,0.909148606168132,1.9184304305583348,1.902307743149081,-8.719882858169418,0.0416666666666666,0.9583333333333334,0.8583333333333333,0.875,0.8916666666666667,0.1083333333333333,security_margin,63,22.48012059200028,187.33433826666896,paper_base_holdoutfit,results/scheme_c_holdout_2026-04-23_fixrollout/configs/paper_base_holdoutfit.yaml
0.0341958803779475,0.0341958803779475,0.1166666666666666,0.1083333333333333,0.1166666666666666,0.7260517699672585,0.2739482300327414,1.5563778049989792,0.4266972601885052,0.418680697380105,-2.4385251661671257,0.025,0.975,1.0,0.8916666666666667,0.875,0.125,security_risk,63,22.34847520099993,186.2372933416661,paper_base_holdoutfit,results/scheme_c_holdout_2026-04-23_fixrollout/configs/paper_base_holdoutfit.yaml
0.15,0.15,0.15,0.1333333333333333,0.15,0.8652131751024349,0.134786824897565,1.604230120043608,0.1821728873819488,0.1748200969579453,-1.8075452195181136,0.0083333333333333,0.9916666666666668,1.0,0.7916666666666666,0.8916666666666667,0.1083333333333333,periodic,64,18.36209587099984,153.0174655916653,paper_base_holdoutfit,results/scheme_c_holdout_2026-04-23_fixrollout/configs/paper_base_holdoutfit.yaml
0.175,0.175,0.6916666666666667,0.6583333333333333,0.6916666666666667,0.9225190232901868,0.0774809767098133,1.6344920903996007,0.1734792474444614,0.1645281585231467,-1.120630693881951,0.0583333333333333,0.9416666666666668,0.625,0.875,0.8916666666666667,0.1083333333333333,risk_adaptive_hybrid_rollout,64,270.70228025100005,2255.8523354250005,paper_base_holdoutfit,results/scheme_c_holdout_2026-04-23_fixrollout/configs/paper_base_holdoutfit.yaml
0.2333333333333333,0.2333333333333333,0.9333333333333332,0.8833333333333333,0.9333333333333332,0.8945401057148457,0.1054598942851544,1.5370564074042057,0.420635806546065,0.4176787097692215,-0.8369719896085039,0.1666666666666666,0.8333333333333334,0.2833333333333333,0.95,0.9083333333333332,0.0916666666666666,rollout_joint,64,291.38982217099965,2428.248518091664,paper_base_holdoutfit,results/scheme_c_holdout_2026-04-23_fixrollout/configs/paper_base_holdoutfit.yaml
0.2333333333333333,0.2333333333333333,0.25,0.2416666666666666,0.25,0.3681157632070073,0.6318842367929929,0.738929849308999,1.647673227566028,1.6390190690593534,-9.030112185154278,0.05,0.95,0.825,0.925,0.8916666666666667,0.1083333333333333,security_margin,64,18.316956874000425,152.6413072833369,paper_base_holdoutfit,results/scheme_c_holdout_2026-04-23_fixrollout/configs/paper_base_holdoutfit.yaml
0.0329704975073632,0.0329704975073632,0.1166666666666666,0.1083333333333333,0.1166666666666666,0.7475023929800344,0.2524976070199656,1.5196783156624174,0.4058021151674612,0.4029663124557798,-2.399020778471204,0.0,1.0,1.0,0.8583333333333333,0.8916666666666667,0.1083333333333333,security_risk,64,18.66362233699965,155.53018614166376,paper_base_holdoutfit,results/scheme_c_holdout_2026-04-23_fixrollout/configs/paper_base_holdoutfit.yaml
0.15,0.15,0.15,0.1333333333333333,0.15,0.8649617244243654,0.1350382755756345,1.6179898144095908,0.1780579927255725,0.1699160486460799,-1.802300139423888,0.0166666666666666,0.9833333333333332,1.0,0.7416666666666667,0.8833333333333333,0.1166666666666666,periodic,65,18.488306516999728,154.06922097499773,paper_base_holdoutfit,results/scheme_c_holdout_2026-04-23_fixrollout/configs/paper_base_holdoutfit.yaml
0.175,0.175,0.6583333333333333,0.6083333333333333,0.6583333333333333,0.9040001536904094,0.0959998463095905,1.5607021892995034,0.3510986367318613,0.3436623803054176,-1.0543072117657044,0.05,0.95,0.5416666666666666,0.9166666666666666,0.8916666666666667,0.1083333333333333,risk_adaptive_hybrid_rollout,65,268.1782799499997,2234.818999583331,paper_base_holdoutfit,results/scheme_c_holdout_2026-04-23_fixrollout/configs/paper_base_holdoutfit.yaml
0.2333333333333333,0.2333333333333333,0.9333333333333332,0.8666666666666667,0.9333333333333332,0.8942555321216421,0.1057444678783578,1.522662856467107,0.4859004197197744,0.4857434847724887,-0.7981988981518445,0.15,0.85,0.1916666666666666,0.975,0.9,0.1,rollout_joint,65,294.06608370900085,2450.5506975750072,paper_base_holdoutfit,results/scheme_c_holdout_2026-04-23_fixrollout/configs/paper_base_holdoutfit.yaml
0.2333333333333333,0.2333333333333333,0.2666666666666666,0.25,0.2666666666666666,0.3727879617100746,0.6272120382899253,0.7388736920178357,1.6555052590221762,1.647312735363908,-8.683807810793663,0.0416666666666666,0.9583333333333334,0.8166666666666667,0.9,0.8916666666666667,0.1083333333333333,security_margin,65,17.918122938000124,149.31769115000102,paper_base_holdoutfit,results/scheme_c_holdout_2026-04-23_fixrollout/configs/paper_base_holdoutfit.yaml
0.0353657936318833,0.0353657936318833,0.1166666666666666,0.1083333333333333,0.1166666666666666,0.7325896144464452,0.2674103855535548,1.5399620879710767,0.3733433553418455,0.3646718526935159,-2.5097036370847423,0.0083333333333333,0.9916666666666668,1.0,0.7833333333333333,0.8916666666666667,0.1083333333333333,security_risk,65,17.78266920599981,148.1889100499984,paper_base_holdoutfit,results/scheme_c_holdout_2026-04-23_fixrollout/configs/paper_base_holdoutfit.yaml
0.15,0.15,0.15,0.1333333333333333,0.15,0.8649148334597901,0.1350851665402098,1.6103102520265071,0.1899689591407573,0.1777237873447671,-1.8038197065296533,0.0083333333333333,0.9916666666666668,1.0,0.7583333333333333,0.8833333333333333,0.1166666666666666,periodic,66,18.159525711999777,151.32938093333146,paper_base_holdoutfit,results/scheme_c_holdout_2026-04-23_fixrollout/configs/paper_base_holdoutfit.yaml
0.1729166666666666,0.1729166666666666,0.6583333333333333,0.6166666666666667,0.6583333333333333,0.9203316862167692,0.0796683137832308,1.602798294031819,0.2031348201761821,0.1906789943260441,-1.1702640020128654,0.0583333333333333,0.9416666666666668,0.6583333333333333,0.8583333333333333,0.9,0.1,risk_adaptive_hybrid_rollout,66,268.9290300080001,2241.075250066668,paper_base_holdoutfit,results/scheme_c_holdout_2026-04-23_fixrollout/configs/paper_base_holdoutfit.yaml
0.2333333333333333,0.2333333333333333,0.9333333333333332,0.9,0.9333333333333332,0.839199857470102,0.1608001425298981,1.3186078379599926,0.8185143568538433,0.8081650087305569,-0.7166291893594935,0.1916666666666666,0.8083333333333333,0.225,0.9,0.9,0.1,rollout_joint,66,295.19770495299963,2459.98087460833,paper_base_holdoutfit,results/scheme_c_holdout_2026-04-23_fixrollout/configs/paper_base_holdoutfit.yaml
0.2333333333333333,0.2333333333333333,0.2416666666666666,0.2333333333333333,0.2416666666666666,0.3594935250713915,0.6405064749286086,0.7298684721726263,1.6513950980737195,1.6391860579373188,-9.045678701430056,0.05,0.95,0.85,0.9166666666666666,0.9,0.1,security_margin,66,18.622258722999504,155.1854893583292,paper_base_holdoutfit,results/scheme_c_holdout_2026-04-23_fixrollout/configs/paper_base_holdoutfit.yaml
0.0379058191582,0.0379058191582,0.1333333333333333,0.1333333333333333,0.1333333333333333,0.7487477624489124,0.2512522375510876,1.5248460825284147,0.360838268994496,0.3557046872021905,-2.4538739191882195,0.0166666666666666,0.9833333333333332,1.0,0.875,0.9,0.1,security_risk,66,18.32332503299949,152.69437527499576,paper_base_holdoutfit,results/scheme_c_holdout_2026-04-23_fixrollout/configs/paper_base_holdoutfit.yaml
0.15,0.15,0.15,0.1333333333333333,0.15,0.8709685246250135,0.1290314753749865,1.6037392615643402,0.1312631067059657,0.1228807250172375,-1.8654432852577911,0.0083333333333333,0.9916666666666668,1.0,0.725,0.9083333333333332,0.0916666666666666,periodic,67,22.490789372999643,187.42324477499704,paper_base_holdoutfit,results/scheme_c_holdout_2026-04-23_fixrollout/configs/paper_base_holdoutfit.yaml
0.1729166666666666,0.1729166666666666,0.675,0.6333333333333333,0.675,0.9103593430333852,0.0896406569666147,1.5730479669894977,0.2454956940661338,0.2315240301140066,-1.1604589473834974,0.0416666666666666,0.9583333333333334,0.5916666666666667,0.875,0.9083333333333332,0.0916666666666666,risk_adaptive_hybrid_rollout,67,331.3109408689997,2760.9245072416647,paper_base_holdoutfit,results/scheme_c_holdout_2026-04-23_fixrollout/configs/paper_base_holdoutfit.yaml
0.2333333333333333,0.2333333333333333,0.925,0.8666666666666667,0.925,0.9182088655281484,0.0817911344718515,1.5380943402541865,0.2746933208702239,0.2528578828995136,-1.024123138572448,0.0666666666666666,0.9333333333333332,0.425,0.775,0.9083333333333332,0.0916666666666666,rollout_joint,67,363.378121234,3028.151010283333,paper_base_holdoutfit,results/scheme_c_holdout_2026-04-23_fixrollout/configs/paper_base_holdoutfit.yaml
0.2333333333333333,0.2333333333333333,0.25,0.2416666666666666,0.25,0.3504139653644082,0.6495860346355918,0.6963784817887039,1.6989495804160757,1.6851081640099643,-9.379510607800404,0.0333333333333333,0.9666666666666668,0.8166666666666667,0.9333333333333332,0.9083333333333332,0.0916666666666666,security_margin,67,22.262864600000285,185.52387166666904,paper_base_holdoutfit,results/scheme_c_holdout_2026-04-23_fixrollout/configs/paper_base_holdoutfit.yaml
0.0354247385629636,0.0354247385629636,0.125,0.1166666666666666,0.125,0.7349026698693576,0.2650973301306423,1.5094199682552545,0.41364283593801,0.4109321986096399,-2.476513304489816,0.0083333333333333,0.9916666666666668,1.0,0.9083333333333332,0.9083333333333332,0.0916666666666666,security_risk,67,21.60041441099929,180.0034534249941,paper_base_holdoutfit,results/scheme_c_holdout_2026-04-23_fixrollout/configs/paper_base_holdoutfit.yaml
0.15,0.15,0.15,0.1416666666666666,0.15,0.8862912651840714,0.1137087348159284,1.6511590526102569,0.1200942734335997,0.1117484826156913,-1.7181384891189362,0.0166666666666666,0.9833333333333332,1.0,0.7666666666666667,0.8833333333333333,0.1166666666666666,periodic,68,22.51479754400043,187.62331286667023,paper_base_holdoutfit,results/scheme_c_holdout_2026-04-23_fixrollout/configs/paper_base_holdoutfit.yaml
0.175,0.175,0.675,0.6333333333333333,0.675,0.90476057468448,0.09523942531552,1.5719467230640671,0.2763770391218302,0.2620902118430489,-1.1649621388897604,0.0583333333333333,0.9416666666666668,0.6083333333333333,0.8333333333333334,0.9,0.1,risk_adaptive_hybrid_rollout,68,268.53874253400045,2237.8228544500034,paper_base_holdoutfit,results/scheme_c_holdout_2026-04-23_fixrollout/configs/paper_base_holdoutfit.yaml
0.2333333333333333,0.2333333333333333,0.9083333333333332,0.8416666666666667,0.9083333333333332,0.8953884238270063,0.1046115761729936,1.5249044843257484,0.4569129199852655,0.4510657463194704,-0.8899808492002,0.1416666666666666,0.8583333333333333,0.1583333333333333,0.9666666666666668,0.9,0.1,rollout_joint,68,319.214950093,2660.124584108333,paper_base_holdoutfit,results/scheme_c_holdout_2026-04-23_fixrollout/configs/paper_base_holdoutfit.yaml
0.2333333333333333,0.2333333333333333,0.25,0.2333333333333333,0.25,0.372564266683067,0.6274357333169329,0.9283510302173874,1.8767851635962736,1.86867266229336,-8.105681351132075,0.0583333333333333,0.9416666666666668,0.8333333333333334,0.9333333333333332,0.9,0.1,security_margin,68,22.42800834799982,186.9000695666652,paper_base_holdoutfit,results/scheme_c_holdout_2026-04-23_fixrollout/configs/paper_base_holdoutfit.yaml
0.0398149952796019,0.0398149952796019,0.1333333333333333,0.1166666666666666,0.1333333333333333,0.7280875439048564,0.2719124560951436,1.530251972222556,0.4045721142357603,0.3954962032223015,-2.483450928364682,0.025,0.975,1.0,0.825,0.875,0.125,security_risk,68,22.410911477999434,186.7575956499953,paper_base_holdoutfit,results/scheme_c_holdout_2026-04-23_fixrollout/configs/paper_base_holdoutfit.yaml
0.15,0.15,0.15,0.1416666666666666,0.15,0.8846870822781088,0.1153129177218912,1.650955893005287,0.1169368806784551,0.1109691188147291,-1.7202501591171555,0.0166666666666666,0.9833333333333332,1.0,0.775,0.8833333333333333,0.1166666666666666,periodic,69,17.98825965099968,149.90216375833066,paper_base_holdoutfit,results/scheme_c_holdout_2026-04-23_fixrollout/configs/paper_base_holdoutfit.yaml
0.1729166666666666,0.1729166666666666,0.6583333333333333,0.6166666666666667,0.6583333333333333,0.9117887862693708,0.0882112137306293,1.584071016817904,0.2616575549955883,0.246351736813153,-1.126985050550931,0.0583333333333333,0.9416666666666668,0.625,0.85,0.8833333333333333,0.1166666666666666,risk_adaptive_hybrid_rollout,69,263.0690799389995,2192.242332824996,paper_base_holdoutfit,results/scheme_c_holdout_2026-04-23_fixrollout/configs/paper_base_holdoutfit.yaml
0.2333333333333333,0.2333333333333333,0.9333333333333332,0.8833333333333333,0.9333333333333332,0.8916866391926371,0.1083133608073629,1.531733465377066,0.433339858371114,0.4314059797182463,-0.8387806621849986,0.1333333333333333,0.8666666666666667,0.2666666666666666,0.95,0.8833333333333333,0.1166666666666666,rollout_joint,69,294.5208156159997,2454.3401301333306,paper_base_holdoutfit,results/scheme_c_holdout_2026-04-23_fixrollout/configs/paper_base_holdoutfit.yaml
0.2333333333333333,0.2333333333333333,0.25,0.225,0.25,0.3605924664254281,0.6394075335745718,0.7128946818271219,1.678212437379518,1.665645539305232,-8.969665953271605,0.05,0.95,0.85,0.9,0.8833333333333333,0.1166666666666666,security_margin,69,18.77413335599977,156.45111129999805,paper_base_holdoutfit,results/scheme_c_holdout_2026-04-23_fixrollout/configs/paper_base_holdoutfit.yaml
0.0438811342764335,0.0438811342764335,0.1416666666666666,0.1166666666666666,0.1416666666666666,0.7180725489373169,0.281927451062683,1.5042889376915063,0.4782360968479102,0.4654886619893851,-2.4687948789864333,0.025,0.975,1.0,0.8,0.8833333333333333,0.1166666666666666,security_risk,69,18.09390879900002,150.78257332500016,paper_base_holdoutfit,results/scheme_c_holdout_2026-04-23_fixrollout/configs/paper_base_holdoutfit.yaml
0.15,0.15,0.15,0.1333333333333333,0.15,0.863797103745321,0.1362028962546788,1.621042563324039,0.1985683807396249,0.186197375988967,-1.7857063248960483,0.0166666666666666,0.9833333333333332,1.0,0.725,0.8833333333333333,0.1166666666666666,periodic,70,17.588775221000105,146.57312684166754,paper_base_holdoutfit,results/scheme_c_holdout_2026-04-23_fixrollout/configs/paper_base_holdoutfit.yaml
0.1729166666666666,0.1729166666666666,0.6833333333333333,0.65,0.6833333333333333,0.924577662112593,0.075422337887407,1.5872741504633543,0.192248275128143,0.1863722800700434,-1.1577096887785625,0.0666666666666666,0.9333333333333332,0.575,0.925,0.9083333333333332,0.0916666666666666,risk_adaptive_hybrid_rollout,70,269.649839232,2247.0819936,paper_base_holdoutfit,results/scheme_c_holdout_2026-04-23_fixrollout/configs/paper_base_holdoutfit.yaml
0.2333333333333333,0.2333333333333333,0.9333333333333332,0.9,0.9333333333333332,0.9057843220476032,0.0942156779523967,1.5437244780859822,0.3723964987856136,0.3642969435987749,-0.8711867891508783,0.2,0.8,0.3333333333333333,0.85,0.925,0.075,rollout_joint,70,294.01551639399986,2450.1293032833323,paper_base_holdoutfit,results/scheme_c_holdout_2026-04-23_fixrollout/configs/paper_base_holdoutfit.yaml
0.2333333333333333,0.2333333333333333,0.25,0.2416666666666666,0.25,0.3589874157772664,0.6410125842227337,0.8931698951795269,1.950545381307852,1.937974767584078,-8.342378374975022,0.05,0.95,0.7916666666666666,0.925,0.9083333333333332,0.0916666666666666,security_margin,70,18.09751184200013,150.8125986833344,paper_base_holdoutfit,results/scheme_c_holdout_2026-04-23_fixrollout/configs/paper_base_holdoutfit.yaml
0.0389573180212915,0.0389573180212915,0.125,0.0916666666666666,0.125,0.7184487801536902,0.2815512198463098,1.5305266725131577,0.4275995537134066,0.4202293981532374,-2.526083273093892,0.025,0.975,1.0,0.8166666666666667,0.8833333333333333,0.1166666666666666,security_risk,70,17.73865635399943,147.8221362833286,paper_base_holdoutfit,results/scheme_c_holdout_2026-04-23_fixrollout/configs/paper_base_holdoutfit.yaml
0.15,0.15,0.15,0.1333333333333333,0.15,0.8682425182334818,0.1317574817665182,1.626925120555359,0.1341850576368458,0.1265296277808491,-1.8369658815740824,0.0083333333333333,0.9916666666666668,1.0,0.7,0.8916666666666667,0.1083333333333333,periodic,71,18.448032026000877,153.73360021667395,paper_base_holdoutfit,results/scheme_c_holdout_2026-04-23_fixrollout/configs/paper_base_holdoutfit.yaml
0.175,0.175,0.6833333333333333,0.6583333333333333,0.6833333333333333,0.8974015626079124,0.1025984373920876,1.5186582495519203,0.4364680434194066,0.4317883282973935,-0.9796654593219573,0.0666666666666666,0.9333333333333332,0.4833333333333333,0.9666666666666668,0.9,0.1,risk_adaptive_hybrid_rollout,71,272.30317672599995,2269.1931393833324,paper_base_holdoutfit,results/scheme_c_holdout_2026-04-23_fixrollout/configs/paper_base_holdoutfit.yaml
0.2333333333333333,0.2333333333333333,0.9333333333333332,0.8916666666666667,0.9333333333333332,0.9210474314105076,0.0789525685894923,1.5764742956185769,0.2217273695796138,0.2196750654696908,-0.9910856814806248,0.1166666666666666,0.8833333333333333,0.2,0.9583333333333334,0.9,0.1,rollout_joint,71,293.214605706,2443.45504755,paper_base_holdoutfit,results/scheme_c_holdout_2026-04-23_fixrollout/configs/paper_base_holdoutfit.yaml
0.2333333333333333,0.2333333333333333,0.2416666666666666,0.225,0.2416666666666666,0.3625463969981478,0.6374536030018522,0.712672636579804,1.6515100104296627,1.6410916821647288,-9.278221900670424,0.05,0.95,0.8666666666666667,0.9,0.9083333333333332,0.0916666666666666,security_margin,71,18.22351698500006,151.86264154166716,paper_base_holdoutfit,results/scheme_c_holdout_2026-04-23_fixrollout/configs/paper_base_holdoutfit.yaml
0.0369249316948644,0.0369249316948644,0.125,0.1166666666666666,0.125,0.7328157599738137,0.2671842400261864,1.4685614846620547,0.4576782483218487,0.4518709623386457,-2.4684892688840514,0.0166666666666666,0.9833333333333332,1.0,0.8333333333333334,0.8916666666666667,0.1083333333333333,security_risk,71,17.47987710900088,145.66564257500735,paper_base_holdoutfit,results/scheme_c_holdout_2026-04-23_fixrollout/configs/paper_base_holdoutfit.yaml
0.15,0.15,0.15,0.1416666666666666,0.15,0.8880831414102592,0.1119168585897407,1.6286712090289208,0.1215416755823248,0.1108220116918631,-1.7412823239520447,0.0083333333333333,0.9916666666666668,1.0,0.7416666666666667,0.8916666666666667,0.1083333333333333,periodic,72,22.339930852999714,186.1660904416643,paper_base_holdoutfit,results/scheme_c_holdout_2026-04-23_fixrollout/configs/paper_base_holdoutfit.yaml
0.175,0.175,0.6916666666666667,0.6583333333333333,0.6916666666666667,0.9037758848889296,0.0962241151110704,1.5403009534452403,0.3456402931896682,0.3396475345501658,-1.0783634967560565,0.0583333333333333,0.9416666666666668,0.5416666666666666,0.95,0.9,0.1,risk_adaptive_hybrid_rollout,72,333.10141214600026,2775.845101216669,paper_base_holdoutfit,results/scheme_c_holdout_2026-04-23_fixrollout/configs/paper_base_holdoutfit.yaml
0.2333333333333333,0.2333333333333333,0.9333333333333332,0.8916666666666667,0.9333333333333332,0.8878179749857011,0.1121820250142988,1.4670510829282066,0.4887021671771991,0.4877156860458617,-0.8298160383871183,0.1583333333333333,0.8416666666666667,0.125,0.9833333333333332,0.9,0.1,rollout_joint,72,363.9424933989994,3032.8541116583287,paper_base_holdoutfit,results/scheme_c_holdout_2026-04-23_fixrollout/configs/paper_base_holdoutfit.yaml
0.2333333333333332,0.2333333333333332,0.25,0.25,0.25,0.3648437953001999,0.6351562046998,0.7189941128715172,1.6615135191282604,1.6513134821115902,-8.846353285589926,0.05,0.95,0.825,0.9416666666666668,0.9083333333333332,0.0916666666666666,security_margin,72,22.110827237000198,184.25689364166828,paper_base_holdoutfit,results/scheme_c_holdout_2026-04-23_fixrollout/configs/paper_base_holdoutfit.yaml
0.0417092747337296,0.0417092747337296,0.1333333333333333,0.1083333333333333,0.1333333333333333,0.7350960042500644,0.2649039957499355,1.51368935264837,0.3990139814649122,0.3961073552602086,-2.521487286195144,0.0166666666666666,0.9833333333333332,1.0,0.8833333333333333,0.9,0.1,security_risk,72,21.88009203099955,182.3341002583296,paper_base_holdoutfit,results/scheme_c_holdout_2026-04-23_fixrollout/configs/paper_base_holdoutfit.yaml
0.15,0.15,0.15,0.125,0.15,0.8630888240159034,0.1369111759840966,1.5930470783881008,0.1734116905791197,0.1691569791778916,-1.8588515377036865,0.0083333333333333,0.9916666666666668,1.0,0.8666666666666667,0.9,0.1,periodic,73,22.59497059000023,188.29142158333525,paper_base_holdoutfit,results/scheme_c_holdout_2026-04-23_fixrollout/configs/paper_base_holdoutfit.yaml
0.1770833333333333,0.1770833333333333,0.6916666666666667,0.6583333333333333,0.6916666666666667,0.9178986884821624,0.0821013115178376,1.5515766436430385,0.3074792696672412,0.3023055875803593,-1.0546656371991,0.0666666666666666,0.9333333333333332,0.5583333333333333,0.95,0.9,0.1,risk_adaptive_hybrid_rollout,73,283.94812464999995,2366.234372083333,paper_base_holdoutfit,results/scheme_c_holdout_2026-04-23_fixrollout/configs/paper_base_holdoutfit.yaml
0.2333333333333333,0.2333333333333333,0.9333333333333332,0.8666666666666667,0.9333333333333332,0.8990811944480819,0.100918805551918,1.512945182354544,0.4730252297059951,0.471913214644379,-0.8212325414348479,0.15,0.85,0.25,0.9583333333333334,0.9,0.1,rollout_joint,73,326.01580983999975,2716.7984153333314,paper_base_holdoutfit,results/scheme_c_holdout_2026-04-23_fixrollout/configs/paper_base_holdoutfit.yaml
0.2333333333333333,0.2333333333333333,0.25,0.2333333333333333,0.25,0.3713696726087283,0.6286303273912718,0.7323363602249507,1.6356142579223765,1.6222874403630756,-9.247436185884007,0.05,0.95,0.8583333333333333,0.8916666666666667,0.9,0.1,security_margin,73,22.5187249619994,187.65604134999495,paper_base_holdoutfit,results/scheme_c_holdout_2026-04-23_fixrollout/configs/paper_base_holdoutfit.yaml
0.0363769987687446,0.0363769987687446,0.125,0.1166666666666666,0.125,0.73061714169167,0.2693828583083301,1.5113538449411177,0.4051010465246655,0.4035373259839944,-2.479661590678671,0.0166666666666666,0.9833333333333332,1.0,0.875,0.9,0.1,security_risk,73,22.49470154500068,187.455846208339,paper_base_holdoutfit,results/scheme_c_holdout_2026-04-23_fixrollout/configs/paper_base_holdoutfit.yaml
0.15,0.15,0.15,0.1416666666666666,0.15,0.8866760381844192,0.1133239618155806,1.655353681418999,0.1150545242497952,0.1037185704288289,-1.721892726682763,0.0166666666666666,0.9833333333333332,1.0,0.7166666666666667,0.8833333333333333,0.1166666666666666,periodic,74,18.64384649000021,155.36538741666843,paper_base_holdoutfit,results/scheme_c_holdout_2026-04-23_fixrollout/configs/paper_base_holdoutfit.yaml
0.175,0.175,0.6833333333333333,0.6333333333333333,0.6833333333333333,0.9285463277935416,0.0714536722064585,1.642644321945079,0.1491922628458604,0.1347486327235176,-1.1694033656199423,0.0583333333333333,0.9416666666666668,0.6583333333333333,0.8583333333333333,0.9,0.1,risk_adaptive_hybrid_rollout,74,272.5486751689996,2271.238959741663,paper_base_holdoutfit,results/scheme_c_holdout_2026-04-23_fixrollout/configs/paper_base_holdoutfit.yaml
0.2333333333333333,0.2333333333333333,0.8416666666666667,0.7916666666666666,0.8416666666666667,0.8562694239501972,0.1437305760498027,1.4753766628973526,0.5452709875962825,0.5234403565986485,-1.1003426630534208,0.1583333333333333,0.8416666666666667,0.4083333333333333,0.8583333333333333,0.9,0.1,rollout_joint,74,284.8134750999998,2373.445625833332,paper_base_holdoutfit,results/scheme_c_holdout_2026-04-23_fixrollout/configs/paper_base_holdoutfit.yaml
0.2333333333333333,0.2333333333333333,0.2583333333333333,0.2333333333333333,0.2583333333333333,0.3547598281608104,0.6452401718391896,0.7092708241944162,1.6858664297631152,1.6640544423317791,-9.362525232623232,0.0333333333333333,0.9666666666666668,0.8333333333333334,0.9166666666666666,0.9,0.1,security_margin,74,18.76108591100001,156.34238259166673,paper_base_holdoutfit,results/scheme_c_holdout_2026-04-23_fixrollout/configs/paper_base_holdoutfit.yaml
0.0377183161633923,0.0377183161633923,0.125,0.1083333333333333,0.125,0.7267814436021097,0.2732185563978903,1.5435958163662582,0.4139914051205986,0.4094351209738616,-2.469900677947399,0.025,0.975,1.0,0.8833333333333333,0.8833333333333333,0.1166666666666666,security_risk,74,18.82137444699947,156.84478705832893,paper_base_holdoutfit,results/scheme_c_holdout_2026-04-23_fixrollout/configs/paper_base_holdoutfit.yaml
0.15,0.15,0.15,0.1333333333333333,0.15,0.8657889123473057,0.1342110876526943,1.6130032088416582,0.1620716980133759,0.1513007081874637,-1.8284532334594223,0.0083333333333333,0.9916666666666668,1.0,0.775,0.8916666666666667,0.1083333333333333,periodic,75,18.12261838900031,151.0218199083359,paper_base_holdoutfit,results/scheme_c_holdout_2026-04-23_fixrollout/configs/paper_base_holdoutfit.yaml
0.1729166666666666,0.1729166666666666,0.6833333333333333,0.625,0.6833333333333333,0.9055698870132116,0.0944301129867884,1.5995029621964274,0.2468629073697224,0.2406625670487087,-1.1604610965518067,0.0583333333333333,0.9416666666666668,0.65,0.875,0.8916666666666667,0.1083333333333333,risk_adaptive_hybrid_rollout,75,278.2535093609995,2318.779244674996,paper_base_holdoutfit,results/scheme_c_holdout_2026-04-23_fixrollout/configs/paper_base_holdoutfit.yaml
0.2333333333333333,0.2333333333333333,0.9333333333333332,0.8833333333333333,0.9333333333333332,0.8862704428160134,0.1137295571839864,1.5010865214700184,0.5189619184264365,0.5134499139064812,-0.7859026143487362,0.1166666666666666,0.8833333333333333,0.2666666666666666,0.9166666666666666,0.9083333333333332,0.0916666666666666,rollout_joint,75,304.80370834099995,2540.0309028416664,paper_base_holdoutfit,results/scheme_c_holdout_2026-04-23_fixrollout/configs/paper_base_holdoutfit.yaml
0.2333333333333333,0.2333333333333333,0.2583333333333333,0.225,0.2583333333333333,0.3814382555320078,0.6185617444679923,0.934092158885112,1.78969314671442,1.7791434068169871,-8.352647096997886,0.05,0.95,0.9083333333333332,0.875,0.8916666666666667,0.1083333333333333,security_margin,75,17.937290120999933,149.47741767499943,paper_base_holdoutfit,results/scheme_c_holdout_2026-04-23_fixrollout/configs/paper_base_holdoutfit.yaml
0.0380041448520028,0.0380041448520028,0.125,0.1166666666666666,0.125,0.7397633683526149,0.2602366316473851,1.5330390917346903,0.358554319487289,0.3535582127338897,-2.507303713169364,0.0166666666666666,0.9833333333333332,1.0,0.875,0.9,0.1,security_risk,75,18.28812453199953,152.40103776666274,paper_base_holdoutfit,results/scheme_c_holdout_2026-04-23_fixrollout/configs/paper_base_holdoutfit.yaml
0.15,0.15,0.15,0.1416666666666666,0.15,0.8845118579039375,0.1154881420960627,1.6631839652780225,0.1254835689022123,0.1135495980954984,-1.7075852431676128,0.025,0.975,1.0,0.7,0.875,0.125,periodic,76,19.063978240000324,158.86648533333604,paper_base_holdoutfit,results/scheme_c_holdout_2026-04-23_fixrollout/configs/paper_base_holdoutfit.yaml
0.175,0.175,0.6833333333333333,0.65,0.6833333333333333,0.9049293435939496,0.0950706564060505,1.589354415647225,0.3132344374658759,0.3040225183426633,-1.059084277910817,0.0583333333333333,0.9416666666666668,0.55,0.925,0.8833333333333333,0.1166666666666666,risk_adaptive_hybrid_rollout,76,272.15368407000005,2267.9473672500008,paper_base_holdoutfit,results/scheme_c_holdout_2026-04-23_fixrollout/configs/paper_base_holdoutfit.yaml
0.2333333333333333,0.2333333333333333,0.9333333333333332,0.8833333333333333,0.9333333333333332,0.8803263583286614,0.1196736416713385,1.467629865077105,0.6097125974250799,0.6095171882819,-0.7253659125885396,0.1916666666666666,0.8083333333333333,0.0666666666666666,0.9916666666666668,0.8833333333333333,0.1166666666666666,rollout_joint,76,299.9538948849995,2499.6157907083293,paper_base_holdoutfit,results/scheme_c_holdout_2026-04-23_fixrollout/configs/paper_base_holdoutfit.yaml
0.2333333333333333,0.2333333333333333,0.2583333333333333,0.2583333333333333,0.2583333333333333,0.3814382579786425,0.6185617420213575,0.769592497743285,1.6323128345515054,1.6264003119353876,-8.599510497969066,0.0583333333333333,0.9416666666666668,0.8083333333333333,0.9416666666666668,0.8833333333333333,0.1166666666666666,security_margin,76,19.27931692200036,160.66097435000302,paper_base_holdoutfit,results/scheme_c_holdout_2026-04-23_fixrollout/configs/paper_base_holdoutfit.yaml
0.037034510759808,0.037034510759808,0.1333333333333333,0.125,0.1333333333333333,0.7320225967838666,0.2679774032161334,1.5226689378626024,0.4093437344587896,0.4028938665143988,-2.439978759234504,0.0166666666666666,0.9833333333333332,1.0,0.875,0.8833333333333333,0.1166666666666666,security_risk,76,19.04689417699956,158.72411814166298,paper_base_holdoutfit,results/scheme_c_holdout_2026-04-23_fixrollout/configs/paper_base_holdoutfit.yaml
0.15,0.15,0.15,0.1166666666666666,0.15,0.8390292896653281,0.1609707103346719,1.5843514953721607,0.2094163229677163,0.2004692661070276,-2.021736429420024,0.0083333333333333,0.9916666666666668,1.0,0.7333333333333333,0.9,0.1,periodic,77,22.725099559000228,189.3758296583352,paper_base_holdoutfit,results/scheme_c_holdout_2026-04-23_fixrollout/configs/paper_base_holdoutfit.yaml
0.175,0.175,0.6833333333333333,0.6416666666666667,0.6833333333333333,0.91809703411387,0.0819029658861299,1.585420862910634,0.2383008313317682,0.2290761519778398,-1.1475099756987712,0.0666666666666666,0.9333333333333332,0.6,0.8333333333333334,0.8916666666666667,0.1083333333333333,risk_adaptive_hybrid_rollout,77,340.0625621319996,2833.85468443333,paper_base_holdoutfit,results/scheme_c_holdout_2026-04-23_fixrollout/configs/paper_base_holdoutfit.yaml
0.2333333333333333,0.2333333333333333,0.9333333333333332,0.8833333333333333,0.9333333333333332,0.8809415919015683,0.1190584080984317,1.4641433204988288,0.5804858227683631,0.5804858227683631,-0.7534064377734472,0.125,0.875,0.0666666666666666,1.0,0.9,0.1,rollout_joint,77,370.0867558709997,3084.056298924997,paper_base_holdoutfit,results/scheme_c_holdout_2026-04-23_fixrollout/configs/paper_base_holdoutfit.yaml
0.2333333333333333,0.2333333333333333,0.25,0.2416666666666666,0.25,0.3655123568171138,0.6344876431828863,0.7181154268630341,1.6681443129322495,1.6545168730700652,-8.954870804202683,0.05,0.95,0.825,0.925,0.9,0.1,security_margin,77,22.6819177819998,189.015981516665,paper_base_holdoutfit,results/scheme_c_holdout_2026-04-23_fixrollout/configs/paper_base_holdoutfit.yaml
0.0387845083808763,0.0387845083808763,0.1333333333333333,0.125,0.1333333333333333,0.7445704011119739,0.255429598888026,1.5191493498182718,0.368513483836424,0.3648535176071215,-2.467761296974128,0.0,1.0,1.0,0.8583333333333333,0.9,0.1,security_risk,77,22.21703694899952,185.141974574996,paper_base_holdoutfit,results/scheme_c_holdout_2026-04-23_fixrollout/configs/paper_base_holdoutfit.yaml
0.15,0.15,0.15,0.1416666666666666,0.15,0.8843541778215546,0.1156458221784455,1.6672804981582452,0.1266862021017988,0.1155441548516992,-1.699643237410831,0.025,0.975,1.0,0.8083333333333333,0.875,0.125,periodic,78,22.95198418199925,191.26653484999372,paper_base_holdoutfit,results/scheme_c_holdout_2026-04-23_fixrollout/configs/paper_base_holdoutfit.yaml
0.1791666666666666,0.1791666666666666,0.6833333333333333,0.6583333333333333,0.6833333333333333,0.9087152655575618,0.0912847344424383,1.5772389987576672,0.3278490146682628,0.3108471893510221,-1.0187150523424762,0.0583333333333333,0.9416666666666668,0.5583333333333333,0.8833333333333333,0.8833333333333333,0.1166666666666666,risk_adaptive_hybrid_rollout,78,279.6121489880006,2330.101241566672,paper_base_holdoutfit,results/scheme_c_holdout_2026-04-23_fixrollout/configs/paper_base_holdoutfit.yaml
0.2333333333333333,0.2333333333333333,0.9333333333333332,0.8916666666666667,0.9333333333333332,0.8744217113618643,0.1255782886381357,1.4789540131917325,0.5543926474659239,0.5543926474659239,-0.7630723961114804,0.1416666666666666,0.8583333333333333,0.1583333333333333,1.0,0.8916666666666667,0.1083333333333333,rollout_joint,78,326.28434095099965,2719.036174591664,paper_base_holdoutfit,results/scheme_c_holdout_2026-04-23_fixrollout/configs/paper_base_holdoutfit.yaml
0.2327840911547518,0.2327840911547518,0.2583333333333333,0.25,0.2583333333333333,0.3750492154804734,0.6249507845195266,0.7635926734244348,1.640872005764585,1.633970873695022,-8.744096290202274,0.05,0.95,0.8,0.95,0.8916666666666667,0.1083333333333333,security_margin,78,22.949046882999937,191.2420573583328,paper_base_holdoutfit,results/scheme_c_holdout_2026-04-23_fixrollout/configs/paper_base_holdoutfit.yaml
0.0351028910552993,0.0351028910552993,0.1166666666666666,0.1083333333333333,0.1166666666666666,0.7392973948540909,0.2607026051459091,1.5567769909360298,0.3690601465535045,0.3594969794863611,-2.499484977110517,0.025,0.975,1.0,0.85,0.875,0.125,security_risk,78,22.71165739699973,189.2638116416644,paper_base_holdoutfit,results/scheme_c_holdout_2026-04-23_fixrollout/configs/paper_base_holdoutfit.yaml
0.15,0.15,0.15,0.1416666666666666,0.15,0.8858658821873127,0.1141341178126873,1.6522101193761076,0.1191213680293883,0.1102420085840839,-1.7195573277054097,0.0083333333333333,0.9916666666666668,1.0,0.8,0.8833333333333333,0.1166666666666666,periodic,79,18.399872256999515,153.3322688083293,paper_base_holdoutfit,results/scheme_c_holdout_2026-04-23_fixrollout/configs/paper_base_holdoutfit.yaml
0.175,0.175,0.675,0.6333333333333333,0.675,0.9214666092936132,0.0785333907063867,1.5973534112692132,0.2161756249201383,0.2064962465532911,-1.15395040547046,0.0666666666666666,0.9333333333333332,0.6333333333333333,0.825,0.9,0.1,risk_adaptive_hybrid_rollout,79,273.48558411700014,2279.0465343083347,paper_base_holdoutfit,results/scheme_c_holdout_2026-04-23_fixrollout/configs/paper_base_holdoutfit.yaml
0.2333333333333333,0.2333333333333333,0.925,0.8333333333333334,0.925,0.905216945035015,0.094783054964985,1.54405877942349,0.3969953467850994,0.3927130187451562,-0.8907605250343072,0.0916666666666666,0.9083333333333332,0.25,0.95,0.9,0.1,rollout_joint,79,296.60786757200003,2471.732229766667,paper_base_holdoutfit,results/scheme_c_holdout_2026-04-23_fixrollout/configs/paper_base_holdoutfit.yaml
0.2333333333333333,0.2333333333333333,0.25,0.2333333333333333,0.25,0.3610731570363931,0.6389268429636068,0.7172251783276982,1.6727155810730836,1.6601126826769388,-8.972461578097827,0.05,0.95,0.85,0.9083333333333332,0.9,0.1,security_margin,79,18.734596275000516,156.12163562500427,paper_base_holdoutfit,results/scheme_c_holdout_2026-04-23_fixrollout/configs/paper_base_holdoutfit.yaml
0.0336400759604561,0.0336400759604561,0.1166666666666666,0.1166666666666666,0.1166666666666666,0.7400395594228214,0.2599604405771786,1.5271674503654766,0.3836916405378025,0.3794723400013867,-2.4577759911031856,0.0166666666666666,0.9833333333333332,1.0,0.8166666666666667,0.8916666666666667,0.1083333333333333,security_risk,79,18.311650478000047,152.59708731666706,paper_base_holdoutfit,results/scheme_c_holdout_2026-04-23_fixrollout/configs/paper_base_holdoutfit.yaml
0.15,0.15,0.15,0.1416666666666666,0.15,0.8852605481470099,0.11473945185299,1.6393682364011322,0.1244916410738166,0.1161029667925595,-1.727822900207874,0.0083333333333333,0.9916666666666668,1.0,0.7,0.8833333333333333,0.1166666666666666,periodic,80,18.169486879999567,151.41239066666307,paper_base_holdoutfit,results/scheme_c_holdout_2026-04-23_fixrollout/configs/paper_base_holdoutfit.yaml
0.1791666666666666,0.1791666666666666,0.675,0.65,0.675,0.9165629004032044,0.0834370995967956,1.589969305725988,0.2699058017233383,0.2538697255583884,-1.0670629596166017,0.0666666666666666,0.9333333333333332,0.5916666666666667,0.8416666666666667,0.8916666666666667,0.1083333333333333,risk_adaptive_hybrid_rollout,80,279.595067022,2329.95889185,paper_base_holdoutfit,results/scheme_c_holdout_2026-04-23_fixrollout/configs/paper_base_holdoutfit.yaml
0.2333333333333333,0.2333333333333333,0.925,0.8916666666666667,0.925,0.8543170419902317,0.1456829580097682,1.402380208483776,0.768560813750038,0.7683488484572714,-0.6497579597840565,0.175,0.825,0.1083333333333333,0.9833333333333332,0.9,0.1,rollout_joint,80,301.6150076389995,2513.4583969916625,paper_base_holdoutfit,results/scheme_c_holdout_2026-04-23_fixrollout/configs/paper_base_holdoutfit.yaml
0.2333333333333333,0.2333333333333333,0.2583333333333333,0.2583333333333333,0.2583333333333333,0.3742522020424162,0.6257477979575836,0.7455348411050386,1.6494203668159944,1.6405053645762606,-8.821879121719004,0.05,0.95,0.7916666666666666,0.9166666666666666,0.8916666666666667,0.1083333333333333,security_margin,80,18.67410909199953,155.61757576666272,paper_base_holdoutfit,results/scheme_c_holdout_2026-04-23_fixrollout/configs/paper_base_holdoutfit.yaml
0.0344315261336141,0.0344315261336141,0.1166666666666666,0.1166666666666666,0.1166666666666666,0.7430792953062143,0.2569207046937858,1.5267000468812837,0.3744992322353119,0.3723932455486152,-2.435278965251568,0.0083333333333333,0.9916666666666668,1.0,0.8916666666666667,0.8916666666666667,0.1083333333333333,security_risk,80,18.13480898499984,151.12340820833197,paper_base_holdoutfit,results/scheme_c_holdout_2026-04-23_fixrollout/configs/paper_base_holdoutfit.yaml
0.15,0.15,0.15,0.1416666666666666,0.15,0.8875129272433163,0.1124870727566837,1.6419079736289135,0.1208512339443367,0.1080965339229001,-1.7335743106685837,0.0166666666666666,0.9833333333333332,1.0,0.7666666666666667,0.8916666666666667,0.1083333333333333,periodic,81,17.92224129999977,149.3520108333314,paper_base_holdoutfit,results/scheme_c_holdout_2026-04-23_fixrollout/configs/paper_base_holdoutfit.yaml
0.16875,0.16875,0.6333333333333333,0.5833333333333334,0.6333333333333333,0.8961141247137071,0.1038858752862928,1.5627528410932507,0.3255127180707145,0.3122751718319628,-1.1458173507805942,0.0333333333333333,0.9666666666666668,0.5833333333333334,0.825,0.8833333333333333,0.1166666666666666,risk_adaptive_hybrid_rollout,81,252.9321718900001,2107.7680990833337,paper_base_holdoutfit,results/scheme_c_holdout_2026-04-23_fixrollout/configs/paper_base_holdoutfit.yaml
0.2333333333333333,0.2333333333333333,0.8666666666666667,0.8083333333333333,0.8666666666666667,0.8827452743577281,0.1172547256422718,1.536319108036225,0.418391443199387,0.4023954418761022,-1.0534476427572976,0.1166666666666666,0.8833333333333333,0.4333333333333333,0.825,0.8833333333333333,0.1166666666666666,rollout_joint,81,288.2555747389997,2402.1297894916643,paper_base_holdoutfit,results/scheme_c_holdout_2026-04-23_fixrollout/configs/paper_base_holdoutfit.yaml
0.2333333333333333,0.2333333333333333,0.2666666666666666,0.2333333333333333,0.2666666666666666,0.3669629023574062,0.6330370976425939,0.7503280288134,1.645767728882197,1.6352932629309858,-8.894552010562029,0.0333333333333333,0.9666666666666668,0.85,0.875,0.8833333333333333,0.1166666666666666,security_margin,81,18.825991261000127,156.8832605083344,paper_base_holdoutfit,results/scheme_c_holdout_2026-04-23_fixrollout/configs/paper_base_holdoutfit.yaml
0.0348629556377631,0.0348629556377631,0.1166666666666666,0.1166666666666666,0.1166666666666666,0.7423165819410625,0.2576834180589374,1.55145086359037,0.3473682300885798,0.3408677619640981,-2.4906377266334405,0.025,0.975,1.0,0.875,0.8833333333333333,0.1166666666666666,security_risk,81,18.542234499000187,154.51862082500156,paper_base_holdoutfit,results/scheme_c_holdout_2026-04-23_fixrollout/configs/paper_base_holdoutfit.yaml
0.1571428571428571,0.1571428571428571,0.1571428571428571,0.15,0.1571428571428571,0.7835765103389637,0.2164234896610362,1.3102541684740214,0.4781075051507359,0.4684286358658587,-2.6058123949494987,0.0071428571428571,0.9928571428571428,1.0,0.7857142857142857,0.95,0.05,periodic,62,26.5515889950002,189.6542071071443,paper_hard_holdoutfit,results/scheme_c_holdout_2026-04-23_fixrollout/configs/paper_hard_holdoutfit.yaml
0.1571428571428571,0.1571428571428571,0.6285714285714286,0.5642857142857143,0.6285714285714286,0.91492227231381,0.0850777276861899,1.382757700490595,0.2861038312840659,0.2860345474279251,-1.4684096575462708,0.0214285714285714,0.9785714285714284,0.6571428571428571,0.9785714285714284,0.9642857142857144,0.0357142857142857,risk_adaptive_hybrid_rollout,62,365.999795746,2614.284255328572,paper_hard_holdoutfit,results/scheme_c_holdout_2026-04-23_fixrollout/configs/paper_hard_holdoutfit.yaml
0.1571428571428571,0.1571428571428571,0.6285714285714286,0.5928571428571429,0.6285714285714286,0.6533333054308677,0.3466666945691324,1.0366443635833,1.1387408233270917,1.13793853682356,-3.306732426629712,0.05,0.95,0.4285714285714285,0.9785714285714284,0.9785714285714284,0.0214285714285714,rollout_joint,62,353.12497522800004,2522.321251628572,paper_hard_holdoutfit,results/scheme_c_holdout_2026-04-23_fixrollout/configs/paper_hard_holdoutfit.yaml
0.1571428571428571,0.1571428571428571,0.1714285714285714,0.1642857142857142,0.1714285714285714,0.2948183623875948,0.7051816376124052,0.4570674545339062,1.5908843150805931,1.5748865268114949,-15.323956720170068,0.0142857142857142,0.9857142857142858,0.8857142857142857,0.9642857142857144,0.9642857142857144,0.0357142857142857,security_margin,62,26.436887202000435,188.8349085857174,paper_hard_holdoutfit,results/scheme_c_holdout_2026-04-23_fixrollout/configs/paper_hard_holdoutfit.yaml
0.0402376298744478,0.0402376298744478,0.1285714285714285,0.1214285714285714,0.1285714285714285,0.7211682794154931,0.278831720584507,1.2509733249178143,0.4905781202451797,0.4888429350915791,-2.8823081412253275,0.0,1.0,1.0,0.9285714285714286,0.95,0.05,security_risk,62,26.02725749399997,185.90898209999975,paper_hard_holdoutfit,results/scheme_c_holdout_2026-04-23_fixrollout/configs/paper_hard_holdoutfit.yaml
0.1571428571428571,0.1571428571428571,0.1571428571428571,0.1571428571428571,0.1571428571428571,0.7926711421653713,0.2073288578346287,1.349039499246216,0.4230528768212589,0.4141430265270739,-2.566262662670639,0.0071428571428571,0.9928571428571428,1.0,0.7285714285714285,0.9285714285714286,0.0714285714285714,periodic,63,26.80579503199988,191.46996451428484,paper_hard_holdoutfit,results/scheme_c_holdout_2026-04-23_fixrollout/configs/paper_hard_holdoutfit.yaml
0.1571428571428571,0.1571428571428571,0.6142857142857143,0.5785714285714286,0.6142857142857143,0.911571899275222,0.088428100724778,1.373820646666975,0.2777098651553805,0.2749334663571404,-1.553775769100914,0.0142857142857142,0.9857142857142858,0.7285714285714285,0.9,0.95,0.05,risk_adaptive_hybrid_rollout,63,290.6474124240003,2076.052945885717,paper_hard_holdoutfit,results/scheme_c_holdout_2026-04-23_fixrollout/configs/paper_hard_holdoutfit.yaml
0.1571428571428571,0.1571428571428571,0.5928571428571429,0.55,0.5928571428571429,0.649843845530112,0.350156154469888,1.1183738999774846,0.9699611185267876,0.9595401827109354,-3.947789456992867,0.0571428571428571,0.9428571428571428,0.6928571428571428,0.8714285714285714,0.95,0.05,rollout_joint,63,296.1092699810006,2115.0662141500043,paper_hard_holdoutfit,results/scheme_c_holdout_2026-04-23_fixrollout/configs/paper_hard_holdoutfit.yaml
0.1571428571428571,0.1571428571428571,0.1642857142857142,0.1428571428571428,0.1642857142857142,0.3014478177919042,0.6985521822080957,0.5168659483613751,1.5241734448887765,1.5014221092125757,-15.950978815964104,0.0142857142857142,0.9857142857142858,0.9642857142857144,0.9071428571428573,0.95,0.05,security_margin,63,26.67740671000047,190.55290507143192,paper_hard_holdoutfit,results/scheme_c_holdout_2026-04-23_fixrollout/configs/paper_hard_holdoutfit.yaml
0.0379117642230279,0.0379117642230279,0.1214285714285714,0.1142857142857142,0.1214285714285714,0.7153781267296893,0.2846218732703107,1.3014662709421088,0.5034982147406626,0.496079101849035,-2.841256634263488,0.0071428571428571,0.9928571428571428,1.0,0.9,0.9357142857142856,0.0642857142857142,security_risk,63,26.723283995999736,190.88059997142668,paper_hard_holdoutfit,results/scheme_c_holdout_2026-04-23_fixrollout/configs/paper_hard_holdoutfit.yaml
0.1571428571428571,0.1571428571428571,0.1571428571428571,0.15,0.1571428571428571,0.7980863469495556,0.2019136530504443,1.3579613656106442,0.3394742255247813,0.3347418568635695,-2.6797723822509703,0.0,1.0,1.0,0.8142857142857143,0.9428571428571428,0.0571428571428571,periodic,64,21.51248796100026,153.660628292859,paper_hard_holdoutfit,results/scheme_c_holdout_2026-04-23_fixrollout/configs/paper_hard_holdoutfit.yaml
0.1571428571428571,0.1571428571428571,0.6142857142857143,0.5928571428571429,0.6142857142857143,0.8679233249253835,0.1320766750746165,1.3200275461492226,0.4467354286062978,0.4432910132462925,-1.5926693843724438,0.0285714285714285,0.9714285714285714,0.6571428571428571,0.8928571428571429,0.9571428571428572,0.0428571428571428,risk_adaptive_hybrid_rollout,64,290.83160750500065,2077.368625035719,paper_hard_holdoutfit,results/scheme_c_holdout_2026-04-23_fixrollout/configs/paper_hard_holdoutfit.yaml
0.1571428571428571,0.1571428571428571,0.6285714285714286,0.5928571428571429,0.6285714285714286,0.6407524097162294,0.3592475902837706,1.0147526699768266,1.3644733444349777,1.364087918101226,-3.150178384731881,0.1214285714285714,0.8785714285714286,0.5285714285714286,0.9928571428571428,0.9642857142857144,0.0357142857142857,rollout_joint,64,282.5450077059995,2018.178626471425,paper_hard_holdoutfit,results/scheme_c_holdout_2026-04-23_fixrollout/configs/paper_hard_holdoutfit.yaml
0.1571428571428571,0.1571428571428571,0.1714285714285714,0.1642857142857142,0.1714285714285714,0.3223511911582604,0.6776488088417395,0.5443708604313066,1.4958277337979138,1.48146487937717,-14.82498455729199,0.0285714285714285,0.9714285714285714,0.9142857142857144,0.9357142857142856,0.9571428571428572,0.0428571428571428,security_margin,64,21.14454691699939,151.03247797856707,paper_hard_holdoutfit,results/scheme_c_holdout_2026-04-23_fixrollout/configs/paper_hard_holdoutfit.yaml
0.0370610728606324,0.0370610728606324,0.1214285714285714,0.1142857142857142,0.1214285714285714,0.7247712709328602,0.2752287290671397,1.2990148436968838,0.4691243787511485,0.4666490873122172,-2.848165629217004,0.0,1.0,1.0,0.8928571428571429,0.9357142857142856,0.0642857142857142,security_risk,64,21.76228717399954,155.444908385711,paper_hard_holdoutfit,results/scheme_c_holdout_2026-04-23_fixrollout/configs/paper_hard_holdoutfit.yaml
0.1571428571428571,0.1571428571428571,0.1571428571428571,0.1571428571428571,0.1571428571428571,0.78043347111539,0.21956652888461,1.27534059311034,0.5374119820839539,0.5315378031355984,-2.513358416350952,0.0,1.0,1.0,0.8214285714285714,0.95,0.05,periodic,65,21.609069469999667,154.35049621428334,paper_hard_holdoutfit,results/scheme_c_holdout_2026-04-23_fixrollout/configs/paper_hard_holdoutfit.yaml
0.1571428571428571,0.1571428571428571,0.6142857142857143,0.5357142857142857,0.6142857142857143,0.9334611456112,0.0665388543887999,1.4307761490290294,0.1737001227196947,0.1707209391395258,-1.5221079297509172,0.0214285714285714,0.9785714285714284,0.7785714285714286,0.9357142857142856,0.95,0.05,risk_adaptive_hybrid_rollout,65,285.5612980059996,2039.723557185711,paper_hard_holdoutfit,results/scheme_c_holdout_2026-04-23_fixrollout/configs/paper_hard_holdoutfit.yaml
0.1571428571428571,0.1571428571428571,0.6285714285714286,0.5428571428571428,0.6285714285714286,0.663991414785262,0.3360085852147381,1.095811374552211,1.135434743717617,1.135267118168419,-3.2438625875033087,0.0714285714285714,0.9285714285714286,0.6285714285714286,0.9857142857142858,0.95,0.05,rollout_joint,65,283.78409082100006,2027.0292201500004,paper_hard_holdoutfit,results/scheme_c_holdout_2026-04-23_fixrollout/configs/paper_hard_holdoutfit.yaml
0.1571428571428571,0.1571428571428571,0.1642857142857142,0.1357142857142857,0.1642857142857142,0.3049601486835967,0.6950398513164034,0.5186748416913851,1.512605201455431,1.4942564759227313,-15.818017992603624,0.0142857142857142,0.9857142857142858,0.9714285714285714,0.9,0.95,0.05,security_margin,65,21.86373961800018,156.1695687000013,paper_hard_holdoutfit,results/scheme_c_holdout_2026-04-23_fixrollout/configs/paper_hard_holdoutfit.yaml
0.0332510364066712,0.0332510364066712,0.1142857142857142,0.1142857142857142,0.1142857142857142,0.7399512656268229,0.2600487343731771,1.3028572780523269,0.4428405689686254,0.4403609567922533,-2.788176631299844,0.0,1.0,0.9928571428571428,0.9285714285714286,0.9428571428571428,0.0571428571428571,security_risk,65,21.233654537000803,151.66896097857716,paper_hard_holdoutfit,results/scheme_c_holdout_2026-04-23_fixrollout/configs/paper_hard_holdoutfit.yaml
0.1571428571428571,0.1571428571428571,0.1571428571428571,0.15,0.1571428571428571,0.7592854062457483,0.2407145937542518,1.2664975696035097,0.6357318372084625,0.6237391408867716,-2.524367599506065,0.0,1.0,1.0,0.7785714285714286,0.95,0.05,periodic,66,21.767033037000147,155.4788074071439,paper_hard_holdoutfit,results/scheme_c_holdout_2026-04-23_fixrollout/configs/paper_hard_holdoutfit.yaml
0.1571428571428571,0.1571428571428571,0.6142857142857143,0.5857142857142857,0.6142857142857143,0.917855652039078,0.082144347960922,1.3661717619161748,0.313973466830148,0.3114655241037837,-1.408614761320849,0.0214285714285714,0.9785714285714284,0.6857142857142857,0.9642857142857144,0.95,0.05,risk_adaptive_hybrid_rollout,66,267.25118394699984,1908.937028192856,paper_hard_holdoutfit,results/scheme_c_holdout_2026-04-23_fixrollout/configs/paper_hard_holdoutfit.yaml
0.1571428571428571,0.1571428571428571,0.6214285714285714,0.5857142857142857,0.6214285714285714,0.649471065347147,0.3505289346528529,1.026919308253617,1.2056071427780033,1.200130209671296,-3.31438983489809,0.0428571428571428,0.9571428571428572,0.5928571428571429,0.9071428571428573,0.9571428571428572,0.0428571428571428,rollout_joint,66,283.2216470029998,2023.0117643071412,paper_hard_holdoutfit,results/scheme_c_holdout_2026-04-23_fixrollout/configs/paper_hard_holdoutfit.yaml
0.1558674511121152,0.1558674511121152,0.1642857142857142,0.15,0.1642857142857142,0.298904158029381,0.701095841970619,0.5258954767428281,1.5175267850865752,1.498904885600254,-15.881312568909724,0.0142857142857142,0.9857142857142858,0.9428571428571428,0.9071428571428573,0.95,0.05,security_margin,66,20.887360049000563,149.19542892143258,paper_hard_holdoutfit,results/scheme_c_holdout_2026-04-23_fixrollout/configs/paper_hard_holdoutfit.yaml
0.036926636739774,0.036926636739774,0.1285714285714285,0.1285714285714285,0.1285714285714285,0.7353499832529987,0.2646500167470013,1.2431228250521136,0.5245565549710894,0.5214777971598796,-2.752366622949036,0.0,1.0,1.0,0.9214285714285714,0.95,0.05,security_risk,66,22.03501339400009,157.39295281428636,paper_hard_holdoutfit,results/scheme_c_holdout_2026-04-23_fixrollout/configs/paper_hard_holdoutfit.yaml
0.1571428571428571,0.1571428571428571,0.1571428571428571,0.1571428571428571,0.1571428571428571,0.779146295160637,0.2208537048393629,1.2630743193801424,0.5542516764177191,0.5462433977232041,-2.52839071588793,0.0,1.0,1.0,0.7857142857142857,0.9714285714285714,0.0285714285714285,periodic,67,26.41800195399992,188.7000139571423,paper_hard_holdoutfit,results/scheme_c_holdout_2026-04-23_fixrollout/configs/paper_hard_holdoutfit.yaml
0.1571428571428571,0.1571428571428571,0.5928571428571429,0.5428571428571428,0.5928571428571429,0.8075106188048898,0.1924893811951103,1.269455658633036,0.4734876928437624,0.4649114426842843,-2.303678508588952,0.0071428571428571,0.9928571428571428,0.8285714285714286,0.9142857142857144,0.9642857142857144,0.0357142857142857,risk_adaptive_hybrid_rollout,67,355.2915361509995,2537.796686792853,paper_hard_holdoutfit,results/scheme_c_holdout_2026-04-23_fixrollout/configs/paper_hard_holdoutfit.yaml
0.1571428571428571,0.1571428571428571,0.6071428571428571,0.55,0.6071428571428571,0.6416864586774692,0.3583135413225307,1.046068285927653,1.2610163709214153,1.249641439832003,-3.482824606961704,0.0071428571428571,0.9928571428571428,0.7142857142857143,0.8785714285714286,0.9642857142857144,0.0357142857142857,rollout_joint,67,346.48368923699945,2474.883494549996,paper_hard_holdoutfit,results/scheme_c_holdout_2026-04-23_fixrollout/configs/paper_hard_holdoutfit.yaml
0.1571428571428571,0.1571428571428571,0.1642857142857142,0.1428571428571428,0.1642857142857142,0.2734820579204702,0.7265179420795297,0.4705327038365038,1.562942108968994,1.5338429596926666,-16.46606711794408,0.0,1.0,0.9357142857142856,0.9357142857142856,0.9642857142857144,0.0357142857142857,security_margin,67,26.343714991000525,188.1693927928609,paper_hard_holdoutfit,results/scheme_c_holdout_2026-04-23_fixrollout/configs/paper_hard_holdoutfit.yaml
0.0400557017550247,0.0400557017550247,0.1285714285714285,0.0928571428571428,0.1285714285714285,0.6958422578833398,0.3041577421166602,1.1908096172130886,0.6223246811742744,0.6198262349622685,-2.927443572995825,0.0,1.0,1.0,0.9142857142857144,0.9571428571428572,0.0428571428571428,security_risk,67,25.82625398599976,184.47324275714112,paper_hard_holdoutfit,results/scheme_c_holdout_2026-04-23_fixrollout/configs/paper_hard_holdoutfit.yaml
0.1571428571428571,0.1571428571428571,0.1571428571428571,0.1571428571428571,0.1571428571428571,0.7731130507549849,0.226886949245015,1.2941852712197393,0.5971757119975015,0.5907927802645466,-2.444877856147608,0.0071428571428571,0.9928571428571428,1.0,0.7571428571428571,0.9357142857142856,0.0642857142857142,periodic,68,26.924697082999955,192.31926487857112,paper_hard_holdoutfit,results/scheme_c_holdout_2026-04-23_fixrollout/configs/paper_hard_holdoutfit.yaml
0.1571428571428571,0.1571428571428571,0.6142857142857143,0.5857142857142857,0.6142857142857143,0.8735324195546113,0.1264675804453887,1.3433102555678929,0.4107386943929402,0.4037968519944286,-1.6102654659453175,0.0357142857142857,0.9642857142857144,0.6357142857142857,0.95,0.95,0.05,risk_adaptive_hybrid_rollout,68,299.3907075070001,2138.5050536214294,paper_hard_holdoutfit,results/scheme_c_holdout_2026-04-23_fixrollout/configs/paper_hard_holdoutfit.yaml
0.1571428571428571,0.1571428571428571,0.6071428571428571,0.5642857142857143,0.6071428571428571,0.6608531306532104,0.3391468693467896,1.1225158735418108,0.9886074367742316,0.9821790532597656,-3.684500673292968,0.0714285714285714,0.9285714285714286,0.5785714285714286,0.9357142857142856,0.9571428571428572,0.0428571428571428,rollout_joint,68,305.3078469360007,2180.770335257148,paper_hard_holdoutfit,results/scheme_c_holdout_2026-04-23_fixrollout/configs/paper_hard_holdoutfit.yaml
0.1571428571428571,0.1571428571428571,0.1785714285714285,0.1785714285714285,0.1785714285714285,0.307716589589787,0.6922834104102129,0.5162535248183631,1.555093685479182,1.5420879879784557,-14.782709396126114,0.0214285714285714,0.9785714285714284,0.8857142857142857,0.95,0.9571428571428572,0.0428571428571428,security_margin,68,26.910104579999825,192.2150327142845,paper_hard_holdoutfit,results/scheme_c_holdout_2026-04-23_fixrollout/configs/paper_hard_holdoutfit.yaml
0.0389591636936232,0.0389591636936232,0.1285714285714285,0.1142857142857142,0.1285714285714285,0.7044514272491875,0.2955485727508124,1.2754331749529346,0.549126269919206,0.5413447290437741,-2.8551578329308014,0.0,1.0,1.0,0.8714285714285714,0.9357142857142856,0.0642857142857142,security_risk,68,26.878526507999595,191.98947505714,paper_hard_holdoutfit,results/scheme_c_holdout_2026-04-23_fixrollout/configs/paper_hard_holdoutfit.yaml
0.1571428571428571,0.1571428571428571,0.1571428571428571,0.1357142857142857,0.1571428571428571,0.7774223800544713,0.2225776199455287,1.2983947365330586,0.3973095518942251,0.3907177772859258,-2.780662863159471,0.0,1.0,1.0,0.7928571428571428,0.95,0.05,periodic,69,21.661093016999985,154.7220929785713,paper_hard_holdoutfit,results/scheme_c_holdout_2026-04-23_fixrollout/configs/paper_hard_holdoutfit.yaml
0.1571428571428571,0.1571428571428571,0.6142857142857143,0.5785714285714286,0.6142857142857143,0.8973542260261371,0.1026457739738628,1.3945028574605574,0.258008771528494,0.2504515617638214,-1.665184542668141,0.0285714285714285,0.9714285714285714,0.7428571428571429,0.9071428571428573,0.9428571428571428,0.0571428571428571,risk_adaptive_hybrid_rollout,69,290.8529339759998,2077.5209569714275,paper_hard_holdoutfit,results/scheme_c_holdout_2026-04-23_fixrollout/configs/paper_hard_holdoutfit.yaml
0.1571428571428571,0.1571428571428571,0.5857142857142857,0.5214285714285715,0.5857142857142857,0.6720610514435017,0.3279389485564984,1.17585108379809,0.7454745260609658,0.7355736542611269,-4.242762084961028,0.05,0.95,0.7357142857142858,0.8928571428571429,0.95,0.05,rollout_joint,69,278.3291261479999,1988.065186771428,paper_hard_holdoutfit,results/scheme_c_holdout_2026-04-23_fixrollout/configs/paper_hard_holdoutfit.yaml
0.1571428571428571,0.1571428571428571,0.1714285714285714,0.1571428571428571,0.1714285714285714,0.3041201201589646,0.6958798798410353,0.5687536472851651,1.459567812289185,1.4458258268330937,-14.8378399970519,0.0285714285714285,0.9714285714285714,0.9357142857142856,0.9071428571428573,0.9428571428571428,0.0571428571428571,security_margin,69,21.828956743000163,155.9211195928583,paper_hard_holdoutfit,results/scheme_c_holdout_2026-04-23_fixrollout/configs/paper_hard_holdoutfit.yaml
0.037291931399805,0.037291931399805,0.1285714285714285,0.1,0.1285714285714285,0.7360967442339669,0.2639032557660331,1.2598126118383914,0.4918906006268531,0.4811600011745934,-2.8315435986201423,0.0,1.0,1.0,0.8071428571428572,0.9357142857142856,0.0642857142857142,security_risk,69,22.18329709200043,158.45212208571735,paper_hard_holdoutfit,results/scheme_c_holdout_2026-04-23_fixrollout/configs/paper_hard_holdoutfit.yaml
0.1571428571428571,0.1571428571428571,0.1571428571428571,0.15,0.1571428571428571,0.777764331054171,0.222235668945829,1.2963846677888855,0.5216590815217172,0.5105130836804201,-2.561808525076798,0.0,1.0,1.0,0.7357142857142858,0.9428571428571428,0.0571428571428571,periodic,70,22.059815767000146,157.57011262142962,paper_hard_holdoutfit,results/scheme_c_holdout_2026-04-23_fixrollout/configs/paper_hard_holdoutfit.yaml
0.1571428571428571,0.1571428571428571,0.6285714285714286,0.5928571428571429,0.6285714285714286,0.919114512001182,0.0808854879988181,1.3927366545558255,0.205426064496057,0.2028937470858963,-1.577231923986248,0.0357142857142857,0.9642857142857144,0.7357142857142858,0.95,0.9857142857142858,0.0142857142857142,risk_adaptive_hybrid_rollout,70,296.1304049800001,2115.2171784285724,paper_hard_holdoutfit,results/scheme_c_holdout_2026-04-23_fixrollout/configs/paper_hard_holdoutfit.yaml
0.1571428571428571,0.1571428571428571,0.6285714285714286,0.5785714285714286,0.6285714285714286,0.6403837548111534,0.3596162451888465,1.0209310766950974,1.3419910086293376,1.341586567729907,-3.091322938159039,0.15,0.85,0.6428571428571429,0.9857142857142858,1.0,0.0,rollout_joint,70,290.2768831230005,2073.4063080214323,paper_hard_holdoutfit,results/scheme_c_holdout_2026-04-23_fixrollout/configs/paper_hard_holdoutfit.yaml
0.1571428571428571,0.1571428571428571,0.1785714285714285,0.1785714285714285,0.1785714285714285,0.3039195192453032,0.6960804807546968,0.464453624685101,1.5975090821674662,1.5853176255492196,-15.07021987830506,0.0142857142857142,0.9857142857142858,0.85,0.9714285714285714,0.9785714285714284,0.0214285714285714,security_margin,70,22.196133798999654,158.54381284999752,paper_hard_holdoutfit,results/scheme_c_holdout_2026-04-23_fixrollout/configs/paper_hard_holdoutfit.yaml
0.0388162240152338,0.0388162240152338,0.1285714285714285,0.1142857142857142,0.1285714285714285,0.7159033215741919,0.284096678425808,1.2194328305763695,0.5953382163689034,0.5893662773709716,-2.8299694218956275,0.0,1.0,1.0,0.8642857142857143,0.9357142857142856,0.0642857142857142,security_risk,70,21.730274247000125,155.21624462142947,paper_hard_holdoutfit,results/scheme_c_holdout_2026-04-23_fixrollout/configs/paper_hard_holdoutfit.yaml
0.1571428571428571,0.1571428571428571,0.1571428571428571,0.1428571428571428,0.1571428571428571,0.790593712528731,0.2094062874712689,1.2972387426840004,0.4083461265011287,0.4007808080725443,-2.715403191269154,0.0,1.0,1.0,0.8142857142857143,0.95,0.05,periodic,71,21.82134581399987,155.86675581428477,paper_hard_holdoutfit,results/scheme_c_holdout_2026-04-23_fixrollout/configs/paper_hard_holdoutfit.yaml
0.1571428571428571,0.1571428571428571,0.6214285714285714,0.5785714285714286,0.6214285714285714,0.85555702673896,0.14444297326104,1.289477974884046,0.4744814150900983,0.472834279481084,-1.7435253176539878,0.0142857142857142,0.9857142857142858,0.6642857142857143,0.9642857142857144,0.9642857142857144,0.0357142857142857,risk_adaptive_hybrid_rollout,71,267.598106253,1911.4150446642852,paper_hard_holdoutfit,results/scheme_c_holdout_2026-04-23_fixrollout/configs/paper_hard_holdoutfit.yaml
0.1571428571428571,0.1571428571428571,0.6285714285714286,0.5928571428571429,0.6285714285714286,0.6548238888225496,0.3451761111774505,1.0787612644617224,1.1653979566380486,1.160382393666775,-3.2111136463154875,0.0142857142857142,0.9857142857142858,0.5642857142857143,0.9214285714285714,0.9642857142857144,0.0357142857142857,rollout_joint,71,286.60023955199995,2047.1445682285712,paper_hard_holdoutfit,results/scheme_c_holdout_2026-04-23_fixrollout/configs/paper_hard_holdoutfit.yaml
0.1571428571428571,0.1571428571428571,0.1714285714285714,0.15,0.1714285714285714,0.2916149872847483,0.7083850127152516,0.6542863153949983,1.8267375011773108,1.8122693265980967,-14.873253338911368,0.0214285714285714,0.9785714285714284,0.9285714285714286,0.9071428571428573,0.9642857142857144,0.0357142857142857,security_margin,71,21.504994255000383,153.6071018214313,paper_hard_holdoutfit,results/scheme_c_holdout_2026-04-23_fixrollout/configs/paper_hard_holdoutfit.yaml
0.0386753145746859,0.0386753145746859,0.1285714285714285,0.1214285714285714,0.1285714285714285,0.7322822125430256,0.2677177874569745,1.281635758761961,0.4532741855512258,0.4480403669172209,-2.8551254277271263,0.0,1.0,1.0,0.8785714285714286,0.95,0.05,security_risk,71,21.56318079599987,154.02271997142765,paper_hard_holdoutfit,results/scheme_c_holdout_2026-04-23_fixrollout/configs/paper_hard_holdoutfit.yaml
0.1571428571428571,0.1571428571428571,0.1571428571428571,0.15,0.1571428571428571,0.7683691355043997,0.2316308644956004,1.270440699703954,0.591554346445444,0.5803091263420068,-2.5225148301936504,0.0,1.0,1.0,0.7428571428571429,0.95,0.05,periodic,72,26.528362142000333,189.48830101428808,paper_hard_holdoutfit,results/scheme_c_holdout_2026-04-23_fixrollout/configs/paper_hard_holdoutfit.yaml
0.1571428571428571,0.1571428571428571,0.6071428571428571,0.5785714285714286,0.6071428571428571,0.9038166499119464,0.0961833500880535,1.353188523804027,0.3456018288990934,0.3369058731184751,-1.451088385907148,0.0214285714285714,0.9785714285714284,0.6428571428571429,0.9571428571428572,0.9571428571428572,0.0428571428571428,risk_adaptive_hybrid_rollout,72,363.639898548,2597.427846771429,paper_hard_holdoutfit,results/scheme_c_holdout_2026-04-23_fixrollout/configs/paper_hard_holdoutfit.yaml
0.1571428571428571,0.1571428571428571,0.6285714285714286,0.5928571428571429,0.6285714285714286,0.6243667546598937,0.3756332453401063,0.9909703197215588,1.465660199864821,1.465660199864821,-3.1114746740635577,0.0642857142857142,0.9357142857142856,0.45,1.0,0.9571428571428572,0.0428571428571428,rollout_joint,72,350.6428334270004,2504.591667335717,paper_hard_holdoutfit,results/scheme_c_holdout_2026-04-23_fixrollout/configs/paper_hard_holdoutfit.yaml
0.1571428571428571,0.1571428571428571,0.1714285714285714,0.1642857142857142,0.1714285714285714,0.2967915097132995,0.7032084902867004,0.4934064559081719,1.5626681199809986,1.5365516287215424,-15.226960870679273,0.0142857142857142,0.9857142857142858,0.8928571428571429,0.9285714285714286,0.9571428571428572,0.0428571428571428,security_margin,72,26.41396599700056,188.67118569286117,paper_hard_holdoutfit,results/scheme_c_holdout_2026-04-23_fixrollout/configs/paper_hard_holdoutfit.yaml
0.0396738942692639,0.0396738942692639,0.1285714285714285,0.1142857142857142,0.1285714285714285,0.7223813348999139,0.2776186651000863,1.2375689720695784,0.5473127480160204,0.5431600169360152,-2.8669398700922284,0.0,1.0,1.0,0.9071428571428573,0.95,0.05,security_risk,72,26.128806333000284,186.63433095000204,paper_hard_holdoutfit,results/scheme_c_holdout_2026-04-23_fixrollout/configs/paper_hard_holdoutfit.yaml
0.1571428571428571,0.1571428571428571,0.1571428571428571,0.1428571428571428,0.1571428571428571,0.7697982924198208,0.2302017075801792,1.2581839759353524,0.5812341115778036,0.5765777783443805,-2.5696429303764354,0.0,1.0,1.0,0.8428571428571429,0.9642857142857144,0.0357142857142857,periodic,73,26.7448008600004,191.0342918571457,paper_hard_holdoutfit,results/scheme_c_holdout_2026-04-23_fixrollout/configs/paper_hard_holdoutfit.yaml
0.1571428571428571,0.1571428571428571,0.6285714285714286,0.5642857142857143,0.6285714285714286,0.8528112566684986,0.1471887433315014,1.2945959642216125,0.4556513086524827,0.4555189164815827,-1.766552471185444,0.0214285714285714,0.9785714285714284,0.6,0.9785714285714284,0.9714285714285714,0.0285714285714285,risk_adaptive_hybrid_rollout,73,295.68831761300044,2112.059411521432,paper_hard_holdoutfit,results/scheme_c_holdout_2026-04-23_fixrollout/configs/paper_hard_holdoutfit.yaml
0.1571428571428571,0.1571428571428571,0.6285714285714286,0.5928571428571429,0.6285714285714286,0.6323427954883112,0.3676572045116887,0.997591930527356,1.4216901601958023,1.4211372730236818,-3.025342616646045,0.0642857142857142,0.9357142857142856,0.45,0.9642857142857144,0.9785714285714284,0.0214285714285714,rollout_joint,73,304.4336500549998,2174.526071821427,paper_hard_holdoutfit,results/scheme_c_holdout_2026-04-23_fixrollout/configs/paper_hard_holdoutfit.yaml
0.1571428571428571,0.1571428571428571,0.2,0.1928571428571428,0.2,0.3258890698068554,0.6741109301931447,0.5105794723924569,1.560937805087678,1.5518465653559788,-14.215610553769803,0.0142857142857142,0.9857142857142858,0.8214285714285714,0.9714285714285714,0.9642857142857144,0.0357142857142857,security_margin,73,26.703234450999844,190.7373889357132,paper_hard_holdoutfit,results/scheme_c_holdout_2026-04-23_fixrollout/configs/paper_hard_holdoutfit.yaml
0.0385201242046166,0.0385201242046166,0.1285714285714285,0.1285714285714285,0.1285714285714285,0.7370081903348517,0.2629918096651484,1.270959547871825,0.4550255828330088,0.4538586269161015,-2.8146896689479184,0.0,1.0,1.0,0.95,0.95,0.05,security_risk,73,26.67022036599974,190.50157404285528,paper_hard_holdoutfit,results/scheme_c_holdout_2026-04-23_fixrollout/configs/paper_hard_holdoutfit.yaml
0.1571428571428571,0.1571428571428571,0.1571428571428571,0.1428571428571428,0.1571428571428571,0.7610570655272427,0.2389429344727571,1.2996864105190522,0.6074855639234958,0.5987309363299175,-2.534045332398944,0.0071428571428571,0.9928571428571428,1.0,0.7357142857142858,0.9357142857142856,0.0642857142857142,periodic,74,21.90308505800021,156.4506075571444,paper_hard_holdoutfit,results/scheme_c_holdout_2026-04-23_fixrollout/configs/paper_hard_holdoutfit.yaml
0.1571428571428571,0.1571428571428571,0.6071428571428571,0.5714285714285714,0.6071428571428571,0.9320469361687514,0.0679530638312485,1.4395655939073009,0.1758826965307141,0.1681894876833532,-1.5176002326337303,0.0214285714285714,0.9785714285714284,0.7428571428571429,0.8928571428571429,0.95,0.05,risk_adaptive_hybrid_rollout,74,283.18502467000053,2022.7501762142892,paper_hard_holdoutfit,results/scheme_c_holdout_2026-04-23_fixrollout/configs/paper_hard_holdoutfit.yaml
0.1571428571428571,0.1571428571428571,0.6,0.55,0.6,0.6381952391999627,0.3618047608000374,1.1204436986297253,1.1868462811279377,1.1725023715712382,-3.6032902597941217,0.0357142857142857,0.9642857142857144,0.7071428571428572,0.8785714285714286,0.95,0.05,rollout_joint,74,277.3828252409994,1981.3058945785672,paper_hard_holdoutfit,results/scheme_c_holdout_2026-04-23_fixrollout/configs/paper_hard_holdoutfit.yaml
0.1571428571428571,0.1571428571428571,0.1714285714285714,0.1642857142857142,0.1714285714285714,0.2963746239071099,0.7036253760928901,0.5148483913935739,1.5437149919385216,1.5146194094508194,-15.507367622329534,0.0142857142857142,0.9857142857142858,0.9142857142857144,0.9357142857142856,0.9428571428571428,0.0571428571428571,security_margin,74,21.17447408299995,151.24624344999964,paper_hard_holdoutfit,results/scheme_c_holdout_2026-04-23_fixrollout/configs/paper_hard_holdoutfit.yaml
0.041299904824354,0.041299904824354,0.1357142857142857,0.1214285714285714,0.1357142857142857,0.7249957073116778,0.2750042926883222,1.285032103513848,0.4624824101281051,0.4581175962578425,-2.869560528861565,0.0,1.0,1.0,0.9071428571428573,0.9428571428571428,0.0571428571428571,security_risk,74,21.358520357999623,152.5608596999973,paper_hard_holdoutfit,results/scheme_c_holdout_2026-04-23_fixrollout/configs/paper_hard_holdoutfit.yaml
0.1571428571428571,0.1571428571428571,0.1571428571428571,0.1571428571428571,0.1571428571428571,0.7817546873644661,0.218245312635534,1.3086825129937825,0.5021407891156734,0.4939633029437814,-2.520045884741257,0.0,1.0,1.0,0.7785714285714286,0.95,0.05,periodic,75,21.142553066999422,151.01823619285304,paper_hard_holdoutfit,results/scheme_c_holdout_2026-04-23_fixrollout/configs/paper_hard_holdoutfit.yaml
0.1571428571428571,0.1571428571428571,0.5714285714285714,0.5285714285714286,0.5714285714285714,0.8311917591746625,0.1688082408253375,1.3006033515020443,0.4301370276717755,0.4236754847412002,-2.0298560166623245,0.0357142857142857,0.9642857142857144,0.7,0.8928571428571429,0.95,0.05,risk_adaptive_hybrid_rollout,75,287.44353661199966,2053.1681186571404,paper_hard_holdoutfit,results/scheme_c_holdout_2026-04-23_fixrollout/configs/paper_hard_holdoutfit.yaml
0.1571428571428571,0.1571428571428571,0.6285714285714286,0.5928571428571429,0.6285714285714286,0.6193271481024232,0.3806728518975767,0.925756112607792,1.5839921710031564,1.5814666156623305,-3.0691302461168246,0.0785714285714285,0.9214285714285714,0.45,0.9142857142857144,0.9714285714285714,0.0285714285714285,rollout_joint,75,285.5040027309997,2039.314305221426,paper_hard_holdoutfit,results/scheme_c_holdout_2026-04-23_fixrollout/configs/paper_hard_holdoutfit.yaml
0.1571428571428571,0.1571428571428571,0.1642857142857142,0.15,0.1642857142857142,0.319132727175328,0.680867272824672,0.5400048975642076,1.512768781307968,1.4923061969173712,-14.9942643715545,0.0285714285714285,0.9714285714285714,0.9428571428571428,0.9142857142857144,0.9571428571428572,0.0428571428571428,security_margin,75,21.37592096500066,152.6851497500047,paper_hard_holdoutfit,results/scheme_c_holdout_2026-04-23_fixrollout/configs/paper_hard_holdoutfit.yaml
0.0376538957096509,0.0376538957096509,0.1214285714285714,0.1142857142857142,0.1214285714285714,0.7292205463439363,0.2707794536560637,1.2654044613672226,0.4754650853477553,0.4699137407328952,-2.8387788277437007,0.0,1.0,1.0,0.85,0.95,0.05,security_risk,75,20.938978391999623,149.5641313714259,paper_hard_holdoutfit,results/scheme_c_holdout_2026-04-23_fixrollout/configs/paper_hard_holdoutfit.yaml
0.1571428571428571,0.1571428571428571,0.1571428571428571,0.15,0.1571428571428571,0.7812313363956006,0.2187686636043992,1.3217418692996663,0.4588196174409819,0.4424398405748506,-2.5965128180873,0.0071428571428571,0.9928571428571428,1.0,0.7928571428571428,0.9428571428571428,0.0571428571428571,periodic,76,21.870411704000617,156.21722645714726,paper_hard_holdoutfit,results/scheme_c_holdout_2026-04-23_fixrollout/configs/paper_hard_holdoutfit.yaml
0.1571428571428571,0.1571428571428571,0.6142857142857143,0.5857142857142857,0.6142857142857143,0.921318133449507,0.0786818665504929,1.4216306425780691,0.2795393975902251,0.2742017734523086,-1.4198224785597586,0.0214285714285714,0.9785714285714284,0.6714285714285714,0.9571428571428572,0.9428571428571428,0.0571428571428571,risk_adaptive_hybrid_rollout,76,268.58688062500005,1918.4777187500003,paper_hard_holdoutfit,results/scheme_c_holdout_2026-04-23_fixrollout/configs/paper_hard_holdoutfit.yaml
0.1571428571428571,0.1571428571428571,0.6285714285714286,0.6,0.6285714285714286,0.610008383668303,0.3899916163316969,0.939393316245934,1.593695999428002,1.593540117327254,-2.939301377261561,0.1,0.9,0.3428571428571428,0.9928571428571428,0.95,0.05,rollout_joint,76,287.07455918399955,2050.532565599997,paper_hard_holdoutfit,results/scheme_c_holdout_2026-04-23_fixrollout/configs/paper_hard_holdoutfit.yaml
0.1571428571428571,0.1571428571428571,0.1857142857142857,0.1785714285714285,0.1857142857142857,0.3039844343717074,0.6960155656282925,0.5485307681520479,1.5238534227331544,1.50504839000889,-14.727260797537369,0.0142857142857142,0.9857142857142858,0.9,0.9357142857142856,0.9357142857142856,0.0642857142857142,security_margin,76,21.743874257999774,155.31338755714128,paper_hard_holdoutfit,results/scheme_c_holdout_2026-04-23_fixrollout/configs/paper_hard_holdoutfit.yaml
0.0356483106595154,0.0356483106595154,0.1214285714285714,0.1214285714285714,0.1214285714285714,0.7338381528929552,0.2661618471070448,1.3089637003976025,0.4471957129016264,0.441036512028387,-2.82084732311052,0.0,1.0,1.0,0.8857142857142857,0.9357142857142856,0.0642857142857142,security_risk,76,22.07680144000005,157.69143885714325,paper_hard_holdoutfit,results/scheme_c_holdout_2026-04-23_fixrollout/configs/paper_hard_holdoutfit.yaml
0.1571428571428571,0.1571428571428571,0.1571428571428571,0.1428571428571428,0.1571428571428571,0.7707356418638824,0.2292643581361176,1.2826209619135236,0.487643508756651,0.4789315169601957,-2.660585136631726,0.0,1.0,1.0,0.7428571428571429,0.9571428571428572,0.0428571428571428,periodic,77,25.73664737799936,183.83319555713828,paper_hard_holdoutfit,results/scheme_c_holdout_2026-04-23_fixrollout/configs/paper_hard_holdoutfit.yaml
0.1571428571428571,0.1571428571428571,0.6142857142857143,0.5785714285714286,0.6142857142857143,0.9136241005327188,0.0863758994672812,1.3781318337055788,0.2511263195017058,0.2447309486241112,-1.5670998624354189,0.0285714285714285,0.9714285714285714,0.7071428571428572,0.9571428571428572,0.9571428571428572,0.0428571428571428,risk_adaptive_hybrid_rollout,77,351.3661128780004,2509.757949128574,paper_hard_holdoutfit,results/scheme_c_holdout_2026-04-23_fixrollout/configs/paper_hard_holdoutfit.yaml
0.1571428571428571,0.1571428571428571,0.6285714285714286,0.5857142857142857,0.6285714285714286,0.6442366218573586,0.3557633781426413,1.066136372755262,1.1074539975178472,1.1066858920073674,-3.5558195915106827,0.0642857142857142,0.9357142857142856,0.4428571428571428,0.9785714285714284,0.9642857142857144,0.0357142857142857,rollout_joint,77,343.85374563300047,2456.0981830928604,paper_hard_holdoutfit,results/scheme_c_holdout_2026-04-23_fixrollout/configs/paper_hard_holdoutfit.yaml
0.1571428571428571,0.1571428571428571,0.1714285714285714,0.1714285714285714,0.1714285714285714,0.319654148221183,0.680345851778817,0.5383272901304476,1.520692873054798,1.5074000532525336,-14.750520400996756,0.0285714285714285,0.9714285714285714,0.9,0.95,0.9571428571428572,0.0428571428571428,security_margin,77,25.937829083,185.27020773571425,paper_hard_holdoutfit,results/scheme_c_holdout_2026-04-23_fixrollout/configs/paper_hard_holdoutfit.yaml
0.0356539991681581,0.0356539991681581,0.1214285714285714,0.1142857142857142,0.1214285714285714,0.7396732392261965,0.2603267607738034,1.2815867434024,0.4319645722534207,0.4288007442273161,-2.80204281224164,0.0,1.0,1.0,0.8714285714285714,0.95,0.05,security_risk,77,25.48036487399986,182.00260624285616,paper_hard_holdoutfit,results/scheme_c_holdout_2026-04-23_fixrollout/configs/paper_hard_holdoutfit.yaml
0.1571428571428571,0.1571428571428571,0.1571428571428571,0.1428571428571428,0.1571428571428571,0.7437925453447759,0.256207454655224,1.2686427022268845,0.6527228868699103,0.6381245760990557,-2.805196503080184,0.0071428571428571,0.9928571428571428,1.0,0.8071428571428572,0.9285714285714286,0.0714285714285714,periodic,78,26.17049188100009,186.93208486428637,paper_hard_holdoutfit,results/scheme_c_holdout_2026-04-23_fixrollout/configs/paper_hard_holdoutfit.yaml
0.1571428571428571,0.1571428571428571,0.6142857142857143,0.6071428571428571,0.6142857142857143,0.8873749135212828,0.1126250864787173,1.33220851599005,0.419858477686787,0.4137642545250976,-1.4540646519176268,0.0357142857142857,0.9642857142857144,0.5785714285714286,0.9714285714285714,0.95,0.05,risk_adaptive_hybrid_rollout,78,296.4477265579999,2117.4837611285707,paper_hard_holdoutfit,results/scheme_c_holdout_2026-04-23_fixrollout/configs/paper_hard_holdoutfit.yaml
0.1571428571428571,0.1571428571428571,0.6285714285714286,0.6071428571428571,0.6285714285714286,0.6123899283819114,0.3876100716180886,0.9774710832564352,1.4923379525213856,1.4923379525213856,-2.9950675668986286,0.0714285714285714,0.9285714285714286,0.3928571428571428,1.0,0.9642857142857144,0.0357142857142857,rollout_joint,78,306.48804604,2189.2003288571427,paper_hard_holdoutfit,results/scheme_c_holdout_2026-04-23_fixrollout/configs/paper_hard_holdoutfit.yaml
0.1571428571428571,0.1571428571428571,0.1857142857142857,0.1857142857142857,0.1857142857142857,0.3127680122409684,0.6872319877590317,0.5338851712908883,1.537685850450895,1.5252195342989714,-14.240820253448758,0.0285714285714285,0.9714285714285714,0.8714285714285714,0.9642857142857144,0.9571428571428572,0.0428571428571428,security_margin,78,26.266521820999515,187.61801300713935,paper_hard_holdoutfit,results/scheme_c_holdout_2026-04-23_fixrollout/configs/paper_hard_holdoutfit.yaml
0.0372932016686484,0.0372932016686484,0.1285714285714285,0.1285714285714285,0.1285714285714285,0.7464775857034598,0.2535224142965402,1.336752271933642,0.4232000904259887,0.4118297984423266,-2.765853104987383,0.0,1.0,1.0,0.8285714285714286,0.9285714285714286,0.0714285714285714,security_risk,78,25.98298048000015,185.5927177142868,paper_hard_holdoutfit,results/scheme_c_holdout_2026-04-23_fixrollout/configs/paper_hard_holdoutfit.yaml
0.1571428571428571,0.1571428571428571,0.1571428571428571,0.15,0.1571428571428571,0.7718861279190995,0.2281138720809003,1.287978841470519,0.5186981980551111,0.5114356856660449,-2.585881775009707,0.0,1.0,1.0,0.7642857142857142,0.95,0.05,periodic,79,21.98893645299995,157.06383180714252,paper_hard_holdoutfit,results/scheme_c_holdout_2026-04-23_fixrollout/configs/paper_hard_holdoutfit.yaml
0.1571428571428571,0.1571428571428571,0.6,0.5357142857142857,0.6,0.8817397281624358,0.1182602718375642,1.3870051084090531,0.3258140730963226,0.3076747584901443,-1.6821140532110617,0.0285714285714285,0.9714285714285714,0.7428571428571429,0.9214285714285714,0.9642857142857144,0.0357142857142857,risk_adaptive_hybrid_rollout,79,287.8368609989993,2055.977578564281,paper_hard_holdoutfit,results/scheme_c_holdout_2026-04-23_fixrollout/configs/paper_hard_holdoutfit.yaml
0.1571428571428571,0.1571428571428571,0.6214285714285714,0.5571428571428572,0.6214285714285714,0.6645254419821033,0.3354745580178966,1.0766201757284315,1.0440248453467047,1.040320426849745,-3.4741122952106407,0.0571428571428571,0.9428571428571428,0.5571428571428572,0.9714285714285714,0.9785714285714284,0.0214285714285714,rollout_joint,79,284.0799929040004,2029.1428064571455,paper_hard_holdoutfit,results/scheme_c_holdout_2026-04-23_fixrollout/configs/paper_hard_holdoutfit.yaml
0.1571428571428571,0.1571428571428571,0.2,0.2,0.2,0.3216206244296935,0.6783793755703065,0.5009204301205912,1.5716817639803131,1.5637641695526403,-14.144306170658476,0.0142857142857142,0.9857142857142858,0.8214285714285714,0.9785714285714284,0.9642857142857144,0.0357142857142857,security_margin,79,21.972905094000453,156.94932210000323,paper_hard_holdoutfit,results/scheme_c_holdout_2026-04-23_fixrollout/configs/paper_hard_holdoutfit.yaml
0.0368315998131428,0.0368315998131428,0.1214285714285714,0.1214285714285714,0.1214285714285714,0.7352875622900034,0.2647124377099966,1.2932135359038466,0.4439492630919576,0.4399006121264878,-2.8075044466165795,0.0,1.0,1.0,0.85,0.9428571428571428,0.0571428571428571,security_risk,79,21.95009691999985,156.7864065714275,paper_hard_holdoutfit,results/scheme_c_holdout_2026-04-23_fixrollout/configs/paper_hard_holdoutfit.yaml
0.1571428571428571,0.1571428571428571,0.1571428571428571,0.15,0.1571428571428571,0.7922863597741219,0.2077136402258782,1.313165927105503,0.3938317835241313,0.3870491136425012,-2.671441852733447,0.0,1.0,1.0,0.8,0.95,0.05,periodic,80,21.787063767999825,155.6218840571416,paper_hard_holdoutfit,results/scheme_c_holdout_2026-04-23_fixrollout/configs/paper_hard_holdoutfit.yaml
0.1571428571428571,0.1571428571428571,0.6142857142857143,0.5785714285714286,0.6142857142857143,0.9051204944762392,0.0948795055237608,1.3997168160286655,0.2990835956008659,0.2925173830847087,-1.4980806168816274,0.0214285714285714,0.9785714285714284,0.6642857142857143,0.9142857142857144,0.9428571428571428,0.0571428571428571,risk_adaptive_hybrid_rollout,80,295.1259886890002,2108.042776350002,paper_hard_holdoutfit,results/scheme_c_holdout_2026-04-23_fixrollout/configs/paper_hard_holdoutfit.yaml
0.1571428571428571,0.1571428571428571,0.6142857142857143,0.5857142857142857,0.6142857142857143,0.6857754169136587,0.3142245830863412,1.1703852432098598,0.7100377990180344,0.7052394583556765,-3.810673886317733,0.0857142857142857,0.9142857142857144,0.5785714285714286,0.9714285714285714,0.95,0.05,rollout_joint,80,284.86547311899994,2034.7533794214285,paper_hard_holdoutfit,results/scheme_c_holdout_2026-04-23_fixrollout/configs/paper_hard_holdoutfit.yaml
0.1571428571428571,0.1571428571428571,0.1857142857142857,0.1785714285714285,0.1857142857142857,0.3058388406957236,0.6941611593042764,0.5382524990432234,1.5299229708812112,1.5124519412264366,-14.77928761786236,0.0142857142857142,0.9857142857142858,0.8785714285714286,0.9428571428571428,0.9428571428571428,0.0571428571428571,security_margin,80,21.07258996499968,150.51849974999772,paper_hard_holdoutfit,results/scheme_c_holdout_2026-04-23_fixrollout/configs/paper_hard_holdoutfit.yaml
0.0359338571532846,0.0359338571532846,0.1214285714285714,0.1142857142857142,0.1214285714285714,0.7400083412719212,0.2599916587280788,1.3038176047692822,0.4306183873191805,0.4272784034566673,-2.7974892905397017,0.0,1.0,1.0,0.8714285714285714,0.95,0.05,security_risk,80,21.773494903999563,155.52496359999688,paper_hard_holdoutfit,results/scheme_c_holdout_2026-04-23_fixrollout/configs/paper_hard_holdoutfit.yaml
0.1571428571428571,0.1571428571428571,0.1571428571428571,0.1357142857142857,0.1571428571428571,0.7617688431178442,0.2382311568821557,1.2950956701100895,0.5171100431958017,0.5033946955596302,-2.7071566384489465,0.0,1.0,1.0,0.7142857142857143,0.95,0.05,periodic,81,22.248305181000436,158.91646557857453,paper_hard_holdoutfit,results/scheme_c_holdout_2026-04-23_fixrollout/configs/paper_hard_holdoutfit.yaml
0.1571428571428571,0.1571428571428571,0.6142857142857143,0.5714285714285714,0.6142857142857143,0.8905798141414826,0.1094201858585173,1.3741969259534748,0.3416218817039835,0.3377307068616303,-1.6068007355114644,0.0214285714285714,0.9785714285714284,0.7428571428571429,0.9571428571428572,0.95,0.05,risk_adaptive_hybrid_rollout,81,271.1370850160001,1936.693464400001,paper_hard_holdoutfit,results/scheme_c_holdout_2026-04-23_fixrollout/configs/paper_hard_holdoutfit.yaml
0.1571428571428571,0.1571428571428571,0.6214285714285714,0.5642857142857143,0.6214285714285714,0.6736662046678499,0.3263337953321501,1.1579400208737018,0.9379052221075558,0.935883412322171,-3.495658913831226,0.0357142857142857,0.9642857142857144,0.6642857142857143,0.9357142857142856,0.95,0.05,rollout_joint,81,286.65262436600005,2047.518745471429,paper_hard_holdoutfit,results/scheme_c_holdout_2026-04-23_fixrollout/configs/paper_hard_holdoutfit.yaml
0.1562633699044099,0.1562633699044099,0.1642857142857142,0.1428571428571428,0.1642857142857142,0.3049119882232673,0.6950880117767326,0.5235680002168355,1.5229180549243784,1.48948591808234,-15.651593986504954,0.0142857142857142,0.9857142857142858,0.9642857142857144,0.8857142857142857,0.95,0.05,security_margin,81,21.50636086200029,153.61686330000208,paper_hard_holdoutfit,results/scheme_c_holdout_2026-04-23_fixrollout/configs/paper_hard_holdoutfit.yaml
0.0354571328044511,0.0354571328044511,0.1214285714285714,0.1071428571428571,0.1214285714285714,0.7246431217531046,0.2753568782468954,1.2822136832112234,0.4863536313119908,0.4798850914939891,-2.8072539437880963,0.0,1.0,1.0,0.8642857142857143,0.9357142857142856,0.0642857142857142,security_risk,81,21.63769334500012,154.55495246428654,paper_hard_holdoutfit,results/scheme_c_holdout_2026-04-23_fixrollout/configs/paper_hard_holdoutfit.yaml
0.11875,0.11875,0.11875,0.11875,0.11875,0.6748669603622319,0.325133039637768,1.001218878818321,0.8797775458303537,0.8718816882320247,-3.794564539848266,0.0,1.0,1.0,0.85625,1.0,0.0,periodic,62,29.54030780099947,184.6269237562467,scenario_stress_holdoutfit,results/scheme_c_holdout_2026-04-23_fixrollout/configs/scenario_stress_holdoutfit.yaml
0.11875,0.11875,0.475,0.45,0.475,0.4779573223480373,0.5220426776519626,0.6138515153938388,1.913830773394631,1.912787643382917,-7.083566855734172,0.0,1.0,0.63125,0.95625,1.0,0.0,risk_adaptive_hybrid_rollout,62,52.45567332199971,327.8479582624982,scenario_stress_holdoutfit,results/scheme_c_holdout_2026-04-23_fixrollout/configs/scenario_stress_holdoutfit.yaml
0.11875,0.11875,0.475,0.4375,0.475,0.5147565280701389,0.485243471929861,0.6988523966184855,1.6317165531721511,1.6304826153992054,-6.775616941744145,0.0,1.0,0.6625,0.9875,1.0,0.0,rollout_joint,62,53.57962847100043,334.8726779437527,scenario_stress_holdoutfit,results/scheme_c_holdout_2026-04-23_fixrollout/configs/scenario_stress_holdoutfit.yaml
0.11875,0.11875,0.125,0.1125,0.125,0.2586074618123214,0.7413925381876785,0.2844182843659648,1.747761781645643,1.7342094634118226,-21.68642505812816,0.0,1.0,0.89375,0.9875,1.0,0.0,security_margin,62,29.55593457000032,184.724591062502,scenario_stress_holdoutfit,results/scheme_c_holdout_2026-04-23_fixrollout/configs/scenario_stress_holdoutfit.yaml
0.0367783662171522,0.0367783662171522,0.125,0.125,0.125,0.7467333477789241,0.2532666522210759,1.0890274141808116,0.4639888894869527,0.4625766593362824,-3.005747451289091,0.0,1.0,1.0,0.93125,1.0,0.0,security_risk,62,29.053000308000264,181.58125192500165,scenario_stress_holdoutfit,results/scheme_c_holdout_2026-04-23_fixrollout/configs/scenario_stress_holdoutfit.yaml
0.11875,0.11875,0.11875,0.1125,0.11875,0.6645599792622926,0.3354400207377074,1.014685561786793,0.8993253454208829,0.8926915074004655,-3.8263620236582008,0.0,1.0,1.0,0.86875,1.0,0.0,periodic,63,29.61115330299981,185.0697081437488,scenario_stress_holdoutfit,results/scheme_c_holdout_2026-04-23_fixrollout/configs/scenario_stress_holdoutfit.yaml
0.11875,0.11875,0.475,0.41875,0.475,0.5278459099525485,0.4721540900474514,0.7938323686837248,1.3690644867383843,1.366256582392516,-7.282989706343625,0.0,1.0,0.8,0.94375,1.0,0.0,risk_adaptive_hybrid_rollout,63,52.42674328199973,327.66714551249834,scenario_stress_holdoutfit,results/scheme_c_holdout_2026-04-23_fixrollout/configs/scenario_stress_holdoutfit.yaml
0.11875,0.11875,0.475,0.425,0.475,0.5483091757317082,0.4516908242682917,0.8291201404052355,1.2866073912445064,1.2785467402853474,-7.05180448377092,0.0,1.0,0.8375,0.8875,1.0,0.0,rollout_joint,63,53.39224957599981,333.70155984999883,scenario_stress_holdoutfit,results/scheme_c_holdout_2026-04-23_fixrollout/configs/scenario_stress_holdoutfit.yaml
0.11875,0.11875,0.11875,0.1,0.11875,0.244502921355432,0.7554970786445679,0.3352481403297048,1.697788365092015,1.6769313348125632,-22.331228353248264,0.0,1.0,0.975,0.93125,1.0,0.0,security_margin,63,29.73197899800016,185.824868737501,scenario_stress_holdoutfit,results/scheme_c_holdout_2026-04-23_fixrollout/configs/scenario_stress_holdoutfit.yaml
0.0494526624111798,0.0494526624111798,0.15,0.11875,0.15,0.7069736549675161,0.293026345032484,1.0398638881523066,0.626239647223849,0.6200123642514818,-3.100369349172852,0.0,1.0,1.0,0.8875,1.0,0.0,security_risk,63,30.221486918000664,188.88429323750412,scenario_stress_holdoutfit,results/scheme_c_holdout_2026-04-23_fixrollout/configs/scenario_stress_holdoutfit.yaml
0.11875,0.11875,0.11875,0.1125,0.11875,0.671135687528768,0.3288643124712321,1.0013770872541208,0.8640861547128458,0.8584356726035848,-3.848854114627528,0.0,1.0,1.0,0.8625,1.0,0.0,periodic,64,29.801840119999724,186.26150074999828,scenario_stress_holdoutfit,results/scheme_c_holdout_2026-04-23_fixrollout/configs/scenario_stress_holdoutfit.yaml
0.11875,0.11875,0.475,0.4375,0.475,0.5349470416129701,0.4650529583870298,0.8375420357444533,1.3239712397138603,1.3234562163284114,-7.305375908012559,0.0,1.0,0.71875,0.96875,1.0,0.0,risk_adaptive_hybrid_rollout,64,53.15418795599999,332.2136747249999,scenario_stress_holdoutfit,results/scheme_c_holdout_2026-04-23_fixrollout/configs/scenario_stress_holdoutfit.yaml
0.11875,0.11875,0.475,0.44375,0.475,0.5767607372213848,0.4232392627786153,0.8117174537560599,1.088278872073838,1.0872202557467376,-7.095558797027057,0.0,1.0,0.6625,0.9875,1.0,0.0,rollout_joint,64,53.24392902599993,332.7745564124996,scenario_stress_holdoutfit,results/scheme_c_holdout_2026-04-23_fixrollout/configs/scenario_stress_holdoutfit.yaml
0.11875,0.11875,0.15,0.14375,0.15,0.2647968100534598,0.7352031899465401,0.3530767944936864,1.7091610135421456,1.7091610135421456,-20.28750206257037,0.0,1.0,0.88125,1.0,1.0,0.0,security_margin,64,29.75976663300025,185.9985414562516,scenario_stress_holdoutfit,results/scheme_c_holdout_2026-04-23_fixrollout/configs/scenario_stress_holdoutfit.yaml
0.0378833564135689,0.0378833564135689,0.13125,0.125,0.13125,0.7195146404141302,0.2804853595858698,0.8783671896710568,0.7769893668867359,0.7758706561755792,-2.950401643308324,0.0,1.0,1.0,0.93125,1.0,0.0,security_risk,64,29.564845111999603,184.78028194999752,scenario_stress_holdoutfit,results/scheme_c_holdout_2026-04-23_fixrollout/configs/scenario_stress_holdoutfit.yaml
0.11875,0.11875,0.11875,0.1,0.11875,0.6447374766564955,0.3552625233435045,0.964241899665921,0.9790208242459072,0.971849180441526,-3.928595757171253,0.0,1.0,1.0,0.86875,1.0,0.0,periodic,65,29.82759933600028,186.42249585000167,scenario_stress_holdoutfit,results/scheme_c_holdout_2026-04-23_fixrollout/configs/scenario_stress_holdoutfit.yaml
0.11875,0.11875,0.475,0.4,0.475,0.6469819637184671,0.3530180362815328,1.145736837666932,0.3160263746240045,0.3135247519282736,-8.244623728105633,0.0,1.0,0.825,0.9125,1.0,0.0,risk_adaptive_hybrid_rollout,65,52.58399178800028,328.6499486750017,scenario_stress_holdoutfit,results/scheme_c_holdout_2026-04-23_fixrollout/configs/scenario_stress_holdoutfit.yaml
0.11875,0.11875,0.475,0.4125,0.475,0.5133007790998513,0.4866992209001485,0.6993302960266254,1.6936329948688715,1.6895851860065183,-7.044680874550164,0.0,1.0,0.73125,0.95,1.0,0.0,rollout_joint,65,53.45474005199958,334.09212532499737,scenario_stress_holdoutfit,results/scheme_c_holdout_2026-04-23_fixrollout/configs/scenario_stress_holdoutfit.yaml
0.11875,0.11875,0.11875,0.1,0.11875,0.2537560750063242,0.7462439249936759,0.3335212388193781,1.699416953095532,1.6765192090280614,-22.131165513502573,0.0,1.0,0.96875,0.93125,1.0,0.0,security_margin,65,30.62957109099989,191.4348193187493,scenario_stress_holdoutfit,results/scheme_c_holdout_2026-04-23_fixrollout/configs/scenario_stress_holdoutfit.yaml
0.0388242380522816,0.0388242380522816,0.13125,0.11875,0.13125,0.7252710457325076,0.2747289542674925,0.975645700780289,0.6342333856794814,0.6318883311431324,-3.0114859394573616,0.0,1.0,1.0,0.90625,1.0,0.0,security_risk,65,30.421229288000177,190.1326830500011,scenario_stress_holdoutfit,results/scheme_c_holdout_2026-04-23_fixrollout/configs/scenario_stress_holdoutfit.yaml
0.11875,0.11875,0.11875,0.1125,0.11875,0.6865286729548993,0.3134713270451007,1.0363368656701095,0.7231188238079872,0.7139217187016139,-3.972356987471095,0.0,1.0,1.0,0.825,1.0,0.0,periodic,66,29.847466809999787,186.54666756249867,scenario_stress_holdoutfit,results/scheme_c_holdout_2026-04-23_fixrollout/configs/scenario_stress_holdoutfit.yaml
0.11875,0.11875,0.475,0.43125,0.475,0.5583736921866171,0.4416263078133829,0.8571548409236792,1.169560932847743,1.1641658126531222,-7.4417250986381855,0.0,1.0,0.79375,0.91875,1.0,0.0,risk_adaptive_hybrid_rollout,66,52.81722559699938,330.1076599812461,scenario_stress_holdoutfit,results/scheme_c_holdout_2026-04-23_fixrollout/configs/scenario_stress_holdoutfit.yaml
0.11875,0.11875,0.475,0.45,0.475,0.5011951156810591,0.4988048843189409,0.6848100921977853,1.7803741868582883,1.777355701011691,-6.697548957971411,0.0,1.0,0.68125,0.95625,1.0,0.0,rollout_joint,66,53.546339146999344,334.6646196687459,scenario_stress_holdoutfit,results/scheme_c_holdout_2026-04-23_fixrollout/configs/scenario_stress_holdoutfit.yaml
0.11875,0.11875,0.11875,0.10625,0.11875,0.2539435064028654,0.7460564935971346,0.329430238854796,1.700410010412685,1.6872401358876885,-21.895571695948224,0.0,1.0,0.95,0.95,1.0,0.0,security_margin,66,29.976583687999664,187.3536480499979,scenario_stress_holdoutfit,results/scheme_c_holdout_2026-04-23_fixrollout/configs/scenario_stress_holdoutfit.yaml
0.0376028270384925,0.0376028270384925,0.13125,0.125,0.13125,0.7330035543120144,0.2669964456879856,1.036188789766912,0.5629756037130554,0.5608689028081864,-2.989926797343699,0.0,1.0,1.0,0.9125,1.0,0.0,security_risk,66,29.781901441000628,186.13688400625392,scenario_stress_holdoutfit,results/scheme_c_holdout_2026-04-23_fixrollout/configs/scenario_stress_holdoutfit.yaml
0.11875,0.11875,0.11875,0.1125,0.11875,0.6645024190543173,0.3354975809456828,0.9680033308367464,0.9098041822691286,0.8962247407481334,-3.891846621051761,0.0,1.0,1.0,0.81875,1.0,0.0,periodic,67,29.6247273909994,185.15454619374623,scenario_stress_holdoutfit,results/scheme_c_holdout_2026-04-23_fixrollout/configs/scenario_stress_holdoutfit.yaml
0.11875,0.11875,0.475,0.425,0.475,0.5287134888937407,0.4712865111062592,0.8143392394601486,1.3968491071044824,1.3881045880991985,-7.27902279173139,0.0,1.0,0.85625,0.925,1.0,0.0,risk_adaptive_hybrid_rollout,67,52.931639929000085,330.8227495562505,scenario_stress_holdoutfit,results/scheme_c_holdout_2026-04-23_fixrollout/configs/scenario_stress_holdoutfit.yaml
0.11875,0.11875,0.475,0.44375,0.475,0.5079496552184123,0.4920503447815877,0.7007170583290007,1.7235111008534687,1.717564743247752,-6.8706939299290415,0.0,1.0,0.7,0.95625,1.0,0.0,rollout_joint,67,53.24973994399989,332.8108746499993,scenario_stress_holdoutfit,results/scheme_c_holdout_2026-04-23_fixrollout/configs/scenario_stress_holdoutfit.yaml
0.11875,0.11875,0.11875,0.1,0.11875,0.2500727734887817,0.7499272265112183,0.3230344149807856,1.7037816998562234,1.674704706032485,-22.19416535873443,0.0,1.0,0.975,0.9375,1.0,0.0,security_margin,67,29.721570114000315,185.759813212502,scenario_stress_holdoutfit,results/scheme_c_holdout_2026-04-23_fixrollout/configs/scenario_stress_holdoutfit.yaml
0.0413223139539821,0.0413223139539821,0.1375,0.125,0.1375,0.740895034947794,0.259104965052206,1.0807030999183926,0.483450526310211,0.4791739998331304,-3.046869084782467,0.0,1.0,1.0,0.90625,1.0,0.0,security_risk,67,29.150018053999705,182.1876128374981,scenario_stress_holdoutfit,results/scheme_c_holdout_2026-04-23_fixrollout/configs/scenario_stress_holdoutfit.yaml
0.11875,0.11875,0.11875,0.10625,0.11875,0.6894768999598485,0.3105231000401515,1.0432854511335168,0.6702444288525251,0.6656250022424606,-4.086862811926022,0.0,1.0,1.0,0.8625,1.0,0.0,periodic,68,30.034921012999803,187.7182563312488,scenario_stress_holdoutfit,results/scheme_c_holdout_2026-04-23_fixrollout/configs/scenario_stress_holdoutfit.yaml
0.11875,0.11875,0.475,0.425,0.475,0.524030679374589,0.4759693206254109,0.7843591758809192,1.509947929078571,1.4996142679393116,-7.150515593225916,0.00625,0.99375,0.81875,0.90625,1.0,0.0,risk_adaptive_hybrid_rollout,68,53.17184661200008,332.3240413250005,scenario_stress_holdoutfit,results/scheme_c_holdout_2026-04-23_fixrollout/configs/scenario_stress_holdoutfit.yaml
0.11875,0.11875,0.475,0.425,0.475,0.5897635324850083,0.4102364675149915,0.8912820252198443,1.0948724273081585,1.0919140158705312,-6.57846939304162,0.0,1.0,0.8625,0.9375,1.0,0.0,rollout_joint,68,54.59689018900008,341.2305636812505,scenario_stress_holdoutfit,results/scheme_c_holdout_2026-04-23_fixrollout/configs/scenario_stress_holdoutfit.yaml
0.11875,0.11875,0.13125,0.125,0.13125,0.2586269683089685,0.7413730316910316,0.3284038628005648,1.7280656945468436,1.7122667866702153,-20.94948468302268,0.00625,0.99375,0.9125,0.975,1.0,0.0,security_margin,68,29.893308693000108,186.83317933125068,scenario_stress_holdoutfit,results/scheme_c_holdout_2026-04-23_fixrollout/configs/scenario_stress_holdoutfit.yaml
0.039617441314215,0.039617441314215,0.1375,0.125,0.1375,0.7258855007986066,0.2741144992013934,1.0263741717731638,0.593735724406781,0.5859453312283249,-2.961987375574966,0.0,1.0,1.0,0.85625,1.0,0.0,security_risk,68,30.13689938800053,188.3556211750033,scenario_stress_holdoutfit,results/scheme_c_holdout_2026-04-23_fixrollout/configs/scenario_stress_holdoutfit.yaml
0.11875,0.11875,0.11875,0.10625,0.11875,0.6943516460209919,0.3056483539790081,1.0582365621747936,0.5928377735485159,0.5875628122836642,-4.12892366351724,0.0,1.0,1.0,0.84375,1.0,0.0,periodic,69,30.016921407000154,187.60575879375097,scenario_stress_holdoutfit,results/scheme_c_holdout_2026-04-23_fixrollout/configs/scenario_stress_holdoutfit.yaml
0.11875,0.11875,0.475,0.40625,0.475,0.5666663540308834,0.4333336459691166,0.863460536020383,1.062157645407937,1.0549943290655714,-7.749964099307464,0.0,1.0,0.85,0.88125,1.0,0.0,risk_adaptive_hybrid_rollout,69,53.07180512600007,331.69878203750045,scenario_stress_holdoutfit,results/scheme_c_holdout_2026-04-23_fixrollout/configs/scenario_stress_holdoutfit.yaml
0.11875,0.11875,0.475,0.41875,0.475,0.5297325099265091,0.4702674900734909,0.7929108562352651,1.517073080358751,1.5131193513253085,-6.7513790934723685,0.0,1.0,0.8125,0.925,1.0,0.0,rollout_joint,69,53.30475927000043,333.1547454375027,scenario_stress_holdoutfit,results/scheme_c_holdout_2026-04-23_fixrollout/configs/scenario_stress_holdoutfit.yaml
0.11875,0.11875,0.14375,0.125,0.14375,0.2692318610199554,0.7307681389800444,0.3383439621387991,1.7092023681233048,1.6934649546609208,-20.695632495695,0.0,1.0,0.93125,0.9625,1.0,0.0,security_margin,69,30.01721141300004,187.60757133125023,scenario_stress_holdoutfit,results/scheme_c_holdout_2026-04-23_fixrollout/configs/scenario_stress_holdoutfit.yaml
0.0378561982467812,0.0378561982467812,0.125,0.1125,0.125,0.7024180738929537,0.2975819261070463,0.9341061734021496,0.7362936773563391,0.7320552740372446,-3.033379939815661,0.0,1.0,1.0,0.9,1.0,0.0,security_risk,69,29.93059457199979,187.0662160749987,scenario_stress_holdoutfit,results/scheme_c_holdout_2026-04-23_fixrollout/configs/scenario_stress_holdoutfit.yaml
0.11875,0.11875,0.11875,0.09375,0.11875,0.6096724906445632,0.3903275093554368,0.8857296269598421,1.09601315219004,1.0869528458088047,-4.058733156972627,0.0,1.0,1.0,0.81875,1.0,0.0,periodic,70,30.312778395999885,189.45486497499928,scenario_stress_holdoutfit,results/scheme_c_holdout_2026-04-23_fixrollout/configs/scenario_stress_holdoutfit.yaml
0.11875,0.11875,0.475,0.44375,0.475,0.5254321666427358,0.4745678333572642,0.7671213451324573,1.4450182086639765,1.4448938112353378,-7.202053498217123,0.0,1.0,0.65,0.99375,1.0,0.0,risk_adaptive_hybrid_rollout,70,53.20312498400017,332.51953115000106,scenario_stress_holdoutfit,results/scheme_c_holdout_2026-04-23_fixrollout/configs/scenario_stress_holdoutfit.yaml
0.11875,0.11875,0.475,0.4375,0.475,0.5274939478094944,0.4725060521905054,0.7299097456205179,1.6605333014381745,1.6594500945837858,-6.160961582106522,0.0,1.0,0.6875,0.9625,1.0,0.0,rollout_joint,70,54.93095558300047,343.3184723937529,scenario_stress_holdoutfit,results/scheme_c_holdout_2026-04-23_fixrollout/configs/scenario_stress_holdoutfit.yaml
0.11875,0.11875,0.13125,0.13125,0.13125,0.2677176798955842,0.7322823201044157,0.3173651768643564,1.726993989614073,1.7176117844192151,-20.73208726263621,0.0125,0.9875,0.89375,0.975,1.0,0.0,security_margin,70,30.97804255000028,193.61276593750176,scenario_stress_holdoutfit,results/scheme_c_holdout_2026-04-23_fixrollout/configs/scenario_stress_holdoutfit.yaml
0.0390699253616792,0.0390699253616792,0.13125,0.125,0.13125,0.73729690802676,0.26270309197324,1.0214843917501728,0.6152730005032673,0.6120428351737277,-2.9506426824369347,0.0,1.0,1.0,0.9125,1.0,0.0,security_risk,70,30.950794913999744,193.4424682124984,scenario_stress_holdoutfit,results/scheme_c_holdout_2026-04-23_fixrollout/configs/scenario_stress_holdoutfit.yaml
0.11875,0.11875,0.11875,0.1,0.11875,0.637768280201479,0.3622317197985209,0.9350839619162848,0.9404773936434784,0.93376006649682,-4.041295597988074,0.0,1.0,1.0,0.81875,1.0,0.0,periodic,71,30.14563066499977,188.41019165624857,scenario_stress_holdoutfit,results/scheme_c_holdout_2026-04-23_fixrollout/configs/scenario_stress_holdoutfit.yaml
0.11875,0.11875,0.475,0.425,0.475,0.5135703254669933,0.4864296745330065,0.7583090936571663,1.5874074986833688,1.5797681452597927,-7.103897654798253,0.0,1.0,0.89375,0.9125,1.0,0.0,risk_adaptive_hybrid_rollout,71,52.40010771800007,327.50067323750045,scenario_stress_holdoutfit,results/scheme_c_holdout_2026-04-23_fixrollout/configs/scenario_stress_holdoutfit.yaml
0.11875,0.11875,0.475,0.4375,0.475,0.5681247610892068,0.4318752389107931,0.8577738372483358,1.1882417269758878,1.1848008104832315,-6.921617186650936,0.0,1.0,0.79375,0.925,1.0,0.0,rollout_joint,71,54.28103941599966,339.25649634999786,scenario_stress_holdoutfit,results/scheme_c_holdout_2026-04-23_fixrollout/configs/scenario_stress_holdoutfit.yaml
0.1177098116550427,0.1177098116550427,0.11875,0.1,0.11875,0.2504030027920586,0.7495969972079415,0.3055076516240974,1.7257257380441922,1.7023427752992562,-22.03854097296488,0.0,1.0,0.95625,0.95625,1.0,0.0,security_margin,71,30.17635732499912,188.60223328124448,scenario_stress_holdoutfit,results/scheme_c_holdout_2026-04-23_fixrollout/configs/scenario_stress_holdoutfit.yaml
0.0383539795516593,0.0383539795516593,0.125,0.11875,0.125,0.7168761258706475,0.2831238741293525,0.9956095161336546,0.6353483065357114,0.6326478296060054,-3.0267805438644886,0.0,1.0,1.0,0.90625,1.0,0.0,security_risk,71,30.00308764700003,187.51929779375016,scenario_stress_holdoutfit,results/scheme_c_holdout_2026-04-23_fixrollout/configs/scenario_stress_holdoutfit.yaml
0.11875,0.11875,0.11875,0.10625,0.11875,0.6790754883637388,0.3209245116362612,1.0002540113202585,0.7590111717204955,0.752850646406022,-4.00968759233021,0.0,1.0,1.0,0.84375,1.0,0.0,periodic,72,29.41828377499951,183.86427359374693,scenario_stress_holdoutfit,results/scheme_c_holdout_2026-04-23_fixrollout/configs/scenario_stress_holdoutfit.yaml
0.11875,0.11875,0.475,0.45,0.475,0.4736767406283461,0.5263232593716539,0.6232413988787519,1.927192614614424,1.9268258771612303,-6.901935937434774,0.0,1.0,0.65,0.975,1.0,0.0,risk_adaptive_hybrid_rollout,72,52.84449989300083,330.2781243312552,scenario_stress_holdoutfit,results/scheme_c_holdout_2026-04-23_fixrollout/configs/scenario_stress_holdoutfit.yaml
0.11875,0.11875,0.475,0.45625,0.475,0.4949688819103802,0.5050311180896196,0.6576827608944804,1.825724764103846,1.8226589764826329,-6.746108877269253,0.0,1.0,0.65,0.95,1.0,0.0,rollout_joint,72,53.237496491000456,332.73435306875285,scenario_stress_holdoutfit,results/scheme_c_holdout_2026-04-23_fixrollout/configs/scenario_stress_holdoutfit.yaml
0.11875,0.11875,0.13125,0.125,0.13125,0.2612156595394768,0.7387843404605232,0.3339411043234425,1.7083940457093036,1.700919459789792,-21.18087445070582,0.0,1.0,0.925,0.96875,1.0,0.0,security_margin,72,29.738296499999706,185.86435312499816,scenario_stress_holdoutfit,results/scheme_c_holdout_2026-04-23_fixrollout/configs/scenario_stress_holdoutfit.yaml
0.0376999917859646,0.0376999917859646,0.125,0.11875,0.125,0.7096519197527658,0.2903480802472343,0.9153024688755104,0.7693543342018871,0.7655998278182132,-2.9705206070215207,0.0,1.0,1.0,0.90625,1.0,0.0,security_risk,72,29.31227485599993,183.2017178499996,scenario_stress_holdoutfit,results/scheme_c_holdout_2026-04-23_fixrollout/configs/scenario_stress_holdoutfit.yaml
0.11875,0.11875,0.11875,0.10625,0.11875,0.6544496297098439,0.345550370290156,0.936292316444099,0.9777685578137076,0.9691869752165532,-3.9192980074497386,0.0,1.0,1.0,0.825,1.0,0.0,periodic,73,29.534766100000525,184.59228812500328,scenario_stress_holdoutfit,results/scheme_c_holdout_2026-04-23_fixrollout/configs/scenario_stress_holdoutfit.yaml
0.11875,0.11875,0.475,0.45,0.475,0.5774618775937728,0.4225381224062273,0.8670770942232625,0.9413715198195568,0.9412948767555552,-7.699987694389153,0.0,1.0,0.63125,0.99375,1.0,0.0,risk_adaptive_hybrid_rollout,73,52.9438098440005,330.8988115250031,scenario_stress_holdoutfit,results/scheme_c_holdout_2026-04-23_fixrollout/configs/scenario_stress_holdoutfit.yaml
0.11875,0.11875,0.475,0.44375,0.475,0.5069094927293067,0.4930905072706932,0.6840917740142286,1.7543596010994515,1.7513863535480927,-6.513707423571391,0.0,1.0,0.64375,0.95625,1.0,0.0,rollout_joint,73,53.922390574999554,337.0149410937472,scenario_stress_holdoutfit,results/scheme_c_holdout_2026-04-23_fixrollout/configs/scenario_stress_holdoutfit.yaml
0.11875,0.11875,0.13125,0.11875,0.13125,0.2602206170893318,0.7397793829106682,0.3303965133963056,1.71172264188773,1.7028892738119057,-21.376706865522035,0.0,1.0,0.93125,0.96875,1.0,0.0,security_margin,73,29.772499814000184,186.07812383750115,scenario_stress_holdoutfit,results/scheme_c_holdout_2026-04-23_fixrollout/configs/scenario_stress_holdoutfit.yaml
0.0402151363187217,0.0402151363187217,0.13125,0.11875,0.13125,0.7255395403127909,0.2744604596872091,1.0101822330817811,0.575216509900909,0.5732472208464996,-3.029189924054476,0.0,1.0,1.0,0.925,1.0,0.0,security_risk,73,30.087468456999886,188.0466778562493,scenario_stress_holdoutfit,results/scheme_c_holdout_2026-04-23_fixrollout/configs/scenario_stress_holdoutfit.yaml
0.11875,0.11875,0.11875,0.1125,0.11875,0.6859753130759831,0.3140246869240169,1.0478713738497791,0.7364901487711072,0.7262695820677585,-3.943420816141329,0.0,1.0,1.0,0.80625,1.0,0.0,periodic,74,29.727632645000085,185.79770403125053,scenario_stress_holdoutfit,results/scheme_c_holdout_2026-04-23_fixrollout/configs/scenario_stress_holdoutfit.yaml
0.11875,0.11875,0.475,0.425,0.475,0.4941714702952159,0.505828529704784,0.7138493023930175,1.7038680169713092,1.695598591733754,-7.305071968015374,0.0,1.0,0.79375,0.95,1.0,0.0,risk_adaptive_hybrid_rollout,74,53.21776226499969,332.6110141562481,scenario_stress_holdoutfit,results/scheme_c_holdout_2026-04-23_fixrollout/configs/scenario_stress_holdoutfit.yaml
0.11875,0.11875,0.475,0.4375,0.475,0.524785228905316,0.4752147710946841,0.7664647449098758,1.5283605963574622,1.5162018161278918,-6.8623860763280335,0.0,1.0,0.7125,0.95625,1.0,0.0,rollout_joint,74,53.43031482399965,333.9394676499978,scenario_stress_holdoutfit,results/scheme_c_holdout_2026-04-23_fixrollout/configs/scenario_stress_holdoutfit.yaml
0.1185292083693085,0.1185292083693085,0.11875,0.10625,0.11875,0.2429191078499793,0.7570808921500207,0.298263004161041,1.748928393216025,1.7255725174188694,-22.361951135601164,0.0,1.0,0.9375,0.975,1.0,0.0,security_margin,74,29.75189249699997,185.94932810624985,scenario_stress_holdoutfit,results/scheme_c_holdout_2026-04-23_fixrollout/configs/scenario_stress_holdoutfit.yaml
0.0344166874915316,0.0344166874915316,0.125,0.125,0.125,0.7259427003254073,0.2740572996745928,0.9343962485838482,0.6968416997803459,0.6933262403521434,-2.962644922618501,0.0,1.0,1.0,0.90625,1.0,0.0,security_risk,74,29.87953784599995,186.74711153749968,scenario_stress_holdoutfit,results/scheme_c_holdout_2026-04-23_fixrollout/configs/scenario_stress_holdoutfit.yaml
0.11875,0.11875,0.11875,0.1,0.11875,0.6503093685831591,0.3496906314168408,0.9873655776517256,0.8154938002723693,0.8066547935889936,-4.114727364724049,0.0,1.0,1.0,0.8125,1.0,0.0,periodic,75,30.04324436600018,187.77027728750116,scenario_stress_holdoutfit,results/scheme_c_holdout_2026-04-23_fixrollout/configs/scenario_stress_holdoutfit.yaml
0.11875,0.11875,0.475,0.44375,0.475,0.4856664110237325,0.5143335889762674,0.6914841652887027,1.774075272471692,1.7723880792915612,-7.002153363610255,0.0,1.0,0.675,0.9375,1.0,0.0,risk_adaptive_hybrid_rollout,75,52.98795226100083,331.1747016312552,scenario_stress_holdoutfit,results/scheme_c_holdout_2026-04-23_fixrollout/configs/scenario_stress_holdoutfit.yaml
0.11875,0.11875,0.475,0.41875,0.475,0.5394216872609227,0.4605783127390773,0.7985454265784051,1.4613933909862031,1.460153160964364,-6.6179903050255735,0.0,1.0,0.75625,0.95,1.0,0.0,rollout_joint,75,54.00427305699941,337.5267066062463,scenario_stress_holdoutfit,results/scheme_c_holdout_2026-04-23_fixrollout/configs/scenario_stress_holdoutfit.yaml
0.11875,0.11875,0.14375,0.125,0.14375,0.2674582116435577,0.7325417883564422,0.3311005297746293,1.7288944933910178,1.7167842168162732,-20.67484742170772,0.0,1.0,0.89375,0.9625,1.0,0.0,security_margin,75,30.632532608000474,191.45332880000296,scenario_stress_holdoutfit,results/scheme_c_holdout_2026-04-23_fixrollout/configs/scenario_stress_holdoutfit.yaml
0.0405738547676403,0.0405738547676403,0.13125,0.125,0.13125,0.6824012383926787,0.3175987616073213,0.8585386169003723,0.916547151499628,0.9084086447989138,-2.9618280900602514,0.0,1.0,0.9875,0.8625,1.0,0.0,security_risk,75,30.47560194099969,190.4725121312481,scenario_stress_holdoutfit,results/scheme_c_holdout_2026-04-23_fixrollout/configs/scenario_stress_holdoutfit.yaml
0.11875,0.11875,0.11875,0.10625,0.11875,0.6591147787276151,0.3408852212723848,0.976070185667646,0.939545872684634,0.9374481664200738,-3.8603741870249566,0.0,1.0,1.0,0.875,1.0,0.0,periodic,76,29.79410300100062,186.21314375625388,scenario_stress_holdoutfit,results/scheme_c_holdout_2026-04-23_fixrollout/configs/scenario_stress_holdoutfit.yaml
0.11875,0.11875,0.475,0.45,0.475,0.5400554660071956,0.4599445339928044,0.84932207776729,1.2572132639661526,1.25598653800723,-7.242927222237992,0.00625,0.99375,0.6125,0.99375,1.0,0.0,risk_adaptive_hybrid_rollout,76,53.09487321699999,331.8429576062499,scenario_stress_holdoutfit,results/scheme_c_holdout_2026-04-23_fixrollout/configs/scenario_stress_holdoutfit.yaml
0.11875,0.11875,0.475,0.45,0.475,0.5249485354340266,0.4750514645659732,0.742411501992079,1.6587908538025196,1.6580306824504596,-6.264581592116992,0.0,1.0,0.68125,0.9625,1.0,0.0,rollout_joint,76,54.54995455599965,340.9372159749978,scenario_stress_holdoutfit,results/scheme_c_holdout_2026-04-23_fixrollout/configs/scenario_stress_holdoutfit.yaml
0.11875,0.11875,0.13125,0.125,0.13125,0.2696131141791857,0.7303868858208143,0.3459062013955349,1.708489236580785,1.6938257467571989,-20.508515793522243,0.0125,0.9875,0.90625,0.975,1.0,0.0,security_margin,76,30.1657414729998,188.53588420624877,scenario_stress_holdoutfit,results/scheme_c_holdout_2026-04-23_fixrollout/configs/scenario_stress_holdoutfit.yaml
0.0394939341049854,0.0394939341049854,0.1375,0.13125,0.1375,0.7236097232979561,0.2763902767020439,1.0775322704481682,0.5684118783304333,0.563323873555204,-2.968689874837,0.0,1.0,1.0,0.875,1.0,0.0,security_risk,76,29.70593731200006,185.6621082000004,scenario_stress_holdoutfit,results/scheme_c_holdout_2026-04-23_fixrollout/configs/scenario_stress_holdoutfit.yaml
0.11875,0.11875,0.11875,0.1125,0.11875,0.6946281362227464,0.3053718637772536,1.0263163566961642,0.6773199181930234,0.668577214796714,-4.046335785280013,0.0,1.0,1.0,0.825,1.0,0.0,periodic,77,29.64198368800044,185.26239805000276,scenario_stress_holdoutfit,results/scheme_c_holdout_2026-04-23_fixrollout/configs/scenario_stress_holdoutfit.yaml
0.11875,0.11875,0.475,0.45,0.475,0.5489160622625306,0.4510839377374693,0.8304106002102827,1.256128618995725,1.2508755364393729,-7.212460417616104,0.00625,0.99375,0.7125,0.93125,1.0,0.0,risk_adaptive_hybrid_rollout,77,53.4738319449998,334.2114496562488,scenario_stress_holdoutfit,results/scheme_c_holdout_2026-04-23_fixrollout/configs/scenario_stress_holdoutfit.yaml
0.11875,0.11875,0.475,0.45625,0.475,0.5851749477961146,0.4148250522038854,0.8725568470855241,1.0626918903778535,1.0613554576220632,-6.790888865715024,0.0,1.0,0.70625,0.95,1.0,0.0,rollout_joint,77,54.46722530900024,340.4201581812515,scenario_stress_holdoutfit,results/scheme_c_holdout_2026-04-23_fixrollout/configs/scenario_stress_holdoutfit.yaml
0.11875,0.11875,0.13125,0.125,0.13125,0.2612408734373869,0.7387591265626131,0.319034409747236,1.7295337765993062,1.712472767890286,-20.847006923071994,0.0125,0.9875,0.9,0.975,1.0,0.0,security_margin,77,29.985632779999836,187.41020487499893,scenario_stress_holdoutfit,results/scheme_c_holdout_2026-04-23_fixrollout/configs/scenario_stress_holdoutfit.yaml
0.0342608800790422,0.0342608800790422,0.1125,0.1,0.1125,0.6985400232257511,0.3014599767742488,0.8751575842578763,0.824290775004972,0.8187628200737628,-2.981566795924406,0.0,1.0,1.0,0.86875,1.0,0.0,security_risk,77,29.51094738499978,184.44342115624863,scenario_stress_holdoutfit,results/scheme_c_holdout_2026-04-23_fixrollout/configs/scenario_stress_holdoutfit.yaml
0.11875,0.11875,0.11875,0.11875,0.11875,0.6724344886697937,0.3275655113302063,1.0155257108206146,0.9114288349663566,0.9034672084568108,-3.7615637681306593,0.0,1.0,1.0,0.85,1.0,0.0,periodic,78,30.24854038800004,189.05337742500024,scenario_stress_holdoutfit,results/scheme_c_holdout_2026-04-23_fixrollout/configs/scenario_stress_holdoutfit.yaml
0.11875,0.11875,0.475,0.45,0.475,0.5638726409524206,0.4361273590475793,0.853650885634712,1.17553871587176,1.1738673437547793,-7.061167406278443,0.0125,0.9875,0.69375,0.96875,1.0,0.0,risk_adaptive_hybrid_rollout,78,54.00642278299984,337.54014239374897,scenario_stress_holdoutfit,results/scheme_c_holdout_2026-04-23_fixrollout/configs/scenario_stress_holdoutfit.yaml
0.11875,0.11875,0.475,0.45,0.475,0.5448415409534438,0.455158459046556,0.802377873399126,1.506466464671013,1.5056578383012604,-6.1307999133418765,0.0,1.0,0.75,0.9625,1.0,0.0,rollout_joint,78,55.54405067300013,347.1503167062508,scenario_stress_holdoutfit,results/scheme_c_holdout_2026-04-23_fixrollout/configs/scenario_stress_holdoutfit.yaml
0.1174970149593515,0.1174970149593515,0.125,0.125,0.125,0.2626079977348325,0.7373920022651677,0.3243183967184186,1.7282264664101796,1.711245091618179,-21.15735676360024,0.0125,0.9875,0.91875,0.98125,1.0,0.0,security_margin,78,30.23720630500065,188.9825394062541,scenario_stress_holdoutfit,results/scheme_c_holdout_2026-04-23_fixrollout/configs/scenario_stress_holdoutfit.yaml
0.0408232682124421,0.0408232682124421,0.13125,0.125,0.13125,0.7039595021372271,0.2960404978627728,0.9697928966131132,0.763461586715145,0.7576822230119774,-2.9406079417328197,0.0,1.0,1.0,0.9,1.0,0.0,security_risk,78,30.23431057499965,188.96444109374784,scenario_stress_holdoutfit,results/scheme_c_holdout_2026-04-23_fixrollout/configs/scenario_stress_holdoutfit.yaml
0.11875,0.11875,0.11875,0.1125,0.11875,0.6966326443127808,0.3033673556872191,1.0486588735909117,0.6729309751811761,0.664430148807757,-4.047185675380412,0.0,1.0,1.0,0.76875,1.0,0.0,periodic,79,30.398135829999774,189.98834893749856,scenario_stress_holdoutfit,results/scheme_c_holdout_2026-04-23_fixrollout/configs/scenario_stress_holdoutfit.yaml
0.11875,0.11875,0.475,0.4375,0.475,0.5395272651547166,0.4604727348452834,0.8132706782437216,1.3181529251763755,1.3128731858594975,-7.32777999964226,0.0,1.0,0.675,0.96875,1.0,0.0,risk_adaptive_hybrid_rollout,79,54.01198426599967,337.57490166249795,scenario_stress_holdoutfit,results/scheme_c_holdout_2026-04-23_fixrollout/configs/scenario_stress_holdoutfit.yaml
0.11875,0.11875,0.475,0.4375,0.475,0.5424143282113242,0.4575856717886757,0.7944319013414595,1.4799360802307766,1.4796163128246662,-6.274436251522731,0.0,1.0,0.775,0.975,1.0,0.0,rollout_joint,79,55.0855237349997,344.2845233437481,scenario_stress_holdoutfit,results/scheme_c_holdout_2026-04-23_fixrollout/configs/scenario_stress_holdoutfit.yaml
0.11875,0.11875,0.13125,0.11875,0.13125,0.2455448561555609,0.754455143844439,0.2943982437379547,1.763628002298778,1.7483040121910656,-21.835788497676184,0.0,1.0,0.88125,0.98125,1.0,0.0,security_margin,79,30.25912110399986,189.11950689999912,scenario_stress_holdoutfit,results/scheme_c_holdout_2026-04-23_fixrollout/configs/scenario_stress_holdoutfit.yaml
0.0399256418572625,0.0399256418572625,0.13125,0.11875,0.13125,0.683302546308592,0.316697453691408,0.9310897628501582,0.8733529266517435,0.8717972043332864,-2.9029422532978386,0.0,1.0,1.0,0.9125,1.0,0.0,security_risk,79,30.317564240000134,189.4847765000009,scenario_stress_holdoutfit,results/scheme_c_holdout_2026-04-23_fixrollout/configs/scenario_stress_holdoutfit.yaml
0.11875,0.11875,0.11875,0.1125,0.11875,0.6704927665938558,0.3295072334061443,1.020249121277283,0.8581646529025744,0.8465640862660267,-3.854485284715593,0.0,1.0,1.0,0.79375,1.0,0.0,periodic,80,30.431593634999444,190.19746021874653,scenario_stress_holdoutfit,results/scheme_c_holdout_2026-04-23_fixrollout/configs/scenario_stress_holdoutfit.yaml
0.11875,0.11875,0.475,0.45,0.475,0.5063207232154341,0.493679276784566,0.7450636796940864,1.6132195702971566,1.6124916017172464,-7.147308425254058,0.0,1.0,0.68125,0.9875,1.0,0.0,risk_adaptive_hybrid_rollout,80,53.89738640299947,336.8586650187467,scenario_stress_holdoutfit,results/scheme_c_holdout_2026-04-23_fixrollout/configs/scenario_stress_holdoutfit.yaml
0.11875,0.11875,0.475,0.44375,0.475,0.5531323303913418,0.4468676696086583,0.8223982331297212,1.401036877657042,1.3996867806247848,-6.3418825345790735,0.0,1.0,0.74375,0.96875,1.0,0.0,rollout_joint,80,55.1229568789995,344.5184804937469,scenario_stress_holdoutfit,results/scheme_c_holdout_2026-04-23_fixrollout/configs/scenario_stress_holdoutfit.yaml
0.1187340829097202,0.1187340829097202,0.11875,0.1125,0.11875,0.2522456383115133,0.7477543616884865,0.31354996325087,1.7366667409544951,1.7136675266637806,-21.770353811350503,0.0,1.0,0.9375,0.96875,1.0,0.0,security_margin,80,30.877443608999783,192.98402255624865,scenario_stress_holdoutfit,results/scheme_c_holdout_2026-04-23_fixrollout/configs/scenario_stress_holdoutfit.yaml
0.0371981136495302,0.0371981136495302,0.11875,0.11875,0.11875,0.7060447639754255,0.2939552360245745,0.9185706623337416,0.7864028066979009,0.7856790242347815,-2.975023327360573,0.0,1.0,1.0,0.925,1.0,0.0,security_risk,80,31.04263625400017,194.01647658750107,scenario_stress_holdoutfit,results/scheme_c_holdout_2026-04-23_fixrollout/configs/scenario_stress_holdoutfit.yaml
0.11875,0.11875,0.11875,0.1125,0.11875,0.6661859763831117,0.3338140236168883,0.983519078545757,0.9118206492156794,0.9059730238616096,-3.8315848248660416,0.0,1.0,1.0,0.83125,1.0,0.0,periodic,81,30.240695081000013,189.00434425625008,scenario_stress_holdoutfit,results/scheme_c_holdout_2026-04-23_fixrollout/configs/scenario_stress_holdoutfit.yaml
0.11875,0.11875,0.475,0.40625,0.475,0.5895334887284431,0.4104665112715568,0.9427019313519406,0.8616382758571689,0.8601340962055227,-7.782049836692577,0.0,1.0,0.7875,0.9375,1.0,0.0,risk_adaptive_hybrid_rollout,81,50.957546548999744,318.4846659312484,scenario_stress_holdoutfit,results/scheme_c_holdout_2026-04-23_fixrollout/configs/scenario_stress_holdoutfit.yaml
0.11875,0.11875,0.475,0.4125,0.475,0.5463214438821989,0.4536785561178011,0.8013372265714338,1.3521390482007205,1.3457262039729745,-6.906393269760042,0.0,1.0,0.79375,0.925,1.0,0.0,rollout_joint,81,54.37467410999943,339.84171318749645,scenario_stress_holdoutfit,results/scheme_c_holdout_2026-04-23_fixrollout/configs/scenario_stress_holdoutfit.yaml
0.11875,0.11875,0.11875,0.1,0.11875,0.2494934997906501,0.7505065002093498,0.3170672574943374,1.7223433852161505,1.6989009435918263,-22.17340295629645,0.0,1.0,0.96875,0.95,1.0,0.0,security_margin,81,30.512674772000537,190.70421732500336,scenario_stress_holdoutfit,results/scheme_c_holdout_2026-04-23_fixrollout/configs/scenario_stress_holdoutfit.yaml
0.0402438774334747,0.0402438774334747,0.13125,0.1125,0.13125,0.7265820920696383,0.2734179079303617,1.0332186643126395,0.5401267252755331,0.5271662585385826,-3.0537668141015124,0.0,1.0,1.0,0.81875,1.0,0.0,security_risk,81,30.19020580400047,188.6887862750029,scenario_stress_holdoutfit,results/scheme_c_holdout_2026-04-23_fixrollout/configs/scenario_stress_holdoutfit.yaml
