avg_sync_cost,avg_sync_bandwidth,sync_request_rate,avg_sync_applied,avg_pending_syncs,avg_twin_quality,avg_twin_badness,avg_secrecy_rate,avg_realized_loss,avg_margin_gap,avg_cert_slack,certified_safe_rate,certificate_violation_prob,certificate_cover_rate,prediction_violation_prob,outage_prob,success_prob,method,seed,runtime_sec,runtime_per_slot_ms,scenario,config_path
0.15,0.15,0.15,0.1333333333333333,0.15,0.8748451535225852,0.1251548464774148,1.6449364282900114,0.1131818482784801,0.0998830441473121,-1.845164947212858,0.0166666666666666,0.9833333333333332,1.0,0.725,0.8916666666666667,0.1083333333333333,periodic,62,20.81119539099996,173.42662825833298,paper_base_holdoutfit,results/scheme_c_holdout_2026-04-24_rollout_vnext/configs/paper_base_holdoutfit.yaml
0.175,0.175,0.6916666666666667,0.65,0.6916666666666667,0.9078608594931608,0.0921391405068392,1.5464904921363118,0.3181460016310808,0.3149725125185283,-1.072069005843632,0.0583333333333333,0.9416666666666668,0.5333333333333333,0.975,0.8916666666666667,0.1083333333333333,risk_adaptive_hybrid_rollout,62,324.20436735600015,2701.703061300001,paper_base_holdoutfit,results/scheme_c_holdout_2026-04-24_rollout_vnext/configs/paper_base_holdoutfit.yaml
0.175,0.175,0.7,0.6833333333333333,0.7,0.9164407154692672,0.0835592845307327,1.5720619148028736,0.2890306874010392,0.2846918937801102,-1.0350633557516924,0.0583333333333333,0.9416666666666668,0.5666666666666667,0.9416666666666668,0.9,0.1,rollout_joint,62,340.0535596059999,2833.7796633833327,paper_base_holdoutfit,results/scheme_c_holdout_2026-04-24_rollout_vnext/configs/paper_base_holdoutfit.yaml
0.2333333333333333,0.2333333333333333,0.25,0.2333333333333333,0.25,0.3633286911886875,0.6366713088113125,0.7219153747793724,1.6627898374308463,1.65288772185148,-9.000534779599347,0.05,0.95,0.85,0.9166666666666666,0.8916666666666667,0.1083333333333333,security_margin,62,21.83132991299999,181.9277492749999,paper_base_holdoutfit,results/scheme_c_holdout_2026-04-24_rollout_vnext/configs/paper_base_holdoutfit.yaml
0.0366203963784716,0.0366203963784716,0.125,0.125,0.125,0.7466479237217876,0.2533520762782125,1.521449922079788,0.3522852052391203,0.3511108985657783,-2.473813527254808,0.0166666666666666,0.9833333333333332,1.0,0.9166666666666666,0.9,0.1,security_risk,62,20.786614891,173.2217907583333,paper_base_holdoutfit,results/scheme_c_holdout_2026-04-24_rollout_vnext/configs/paper_base_holdoutfit.yaml
0.15,0.15,0.15,0.125,0.15,0.8624891118922356,0.1375108881077643,1.652303275068779,0.1425402187144946,0.1346612824649521,-1.905788239253268,0.025,0.975,1.0,0.7833333333333333,0.8666666666666667,0.1333333333333333,periodic,63,21.84157723899989,182.0131436583324,paper_base_holdoutfit,results/scheme_c_holdout_2026-04-24_rollout_vnext/configs/paper_base_holdoutfit.yaml
0.175,0.175,0.6666666666666666,0.6166666666666667,0.6666666666666666,0.9181775165388882,0.0818224834611117,1.5860530302500615,0.2132408166449922,0.2013802632674969,-1.1698337620888828,0.0416666666666666,0.9583333333333334,0.6,0.825,0.8916666666666667,0.1083333333333333,risk_adaptive_hybrid_rollout,63,263.55907408099984,2196.3256173416653,paper_base_holdoutfit,results/scheme_c_holdout_2026-04-24_rollout_vnext/configs/paper_base_holdoutfit.yaml
0.175,0.175,0.6833333333333333,0.6333333333333333,0.6833333333333333,0.9363136017723128,0.0636863982276871,1.6295521614460364,0.1572017687881191,0.1451634230471134,-1.1326724150207608,0.0416666666666666,0.9583333333333334,0.6583333333333333,0.8666666666666667,0.8916666666666667,0.1083333333333333,rollout_joint,63,323.1999748160001,2693.333123466668,paper_base_holdoutfit,results/scheme_c_holdout_2026-04-24_rollout_vnext/configs/paper_base_holdoutfit.yaml
0.2333333333333333,0.2333333333333333,0.25,0.2166666666666666,0.25,0.3540929452672585,0.6459070547327416,0.909148606168132,1.918432691318864,1.90231000390961,-8.719767434458488,0.0416666666666666,0.9583333333333334,0.8583333333333333,0.875,0.8916666666666667,0.1083333333333333,security_margin,63,22.13043992800021,184.42033273333516,paper_base_holdoutfit,results/scheme_c_holdout_2026-04-24_rollout_vnext/configs/paper_base_holdoutfit.yaml
0.0341958803779475,0.0341958803779475,0.1166666666666666,0.1083333333333333,0.1166666666666666,0.7260517699672585,0.2739482300327414,1.5563778049989792,0.4266972601885052,0.418680697380105,-2.4385251661671257,0.025,0.975,1.0,0.8916666666666667,0.875,0.125,security_risk,63,21.690033649999805,180.75028041666505,paper_base_holdoutfit,results/scheme_c_holdout_2026-04-24_rollout_vnext/configs/paper_base_holdoutfit.yaml
0.15,0.15,0.15,0.1333333333333333,0.15,0.8652131751024349,0.134786824897565,1.604230120043608,0.1821728873819488,0.1748200969579453,-1.8075452195181136,0.0083333333333333,0.9916666666666668,1.0,0.7916666666666666,0.8916666666666667,0.1083333333333333,periodic,64,17.633934295000017,146.94945245833347,paper_base_holdoutfit,results/scheme_c_holdout_2026-04-24_rollout_vnext/configs/paper_base_holdoutfit.yaml
0.1729166666666666,0.1729166666666666,0.6833333333333333,0.6416666666666667,0.6833333333333333,0.9148777270106446,0.0851222729893552,1.6248171083676952,0.1743301737559339,0.1639826396690577,-1.1728687946058294,0.0583333333333333,0.9416666666666668,0.65,0.8583333333333333,0.8916666666666667,0.1083333333333333,risk_adaptive_hybrid_rollout,64,263.99066214899995,2199.9221845749994,paper_base_holdoutfit,results/scheme_c_holdout_2026-04-24_rollout_vnext/configs/paper_base_holdoutfit.yaml
0.1729166666666666,0.1729166666666666,0.6833333333333333,0.6583333333333333,0.6833333333333333,0.9190308774041543,0.0809691225958455,1.599116755522272,0.2512658656986558,0.2410883375176405,-1.061631912807211,0.0583333333333333,0.9416666666666668,0.6166666666666667,0.925,0.8916666666666667,0.1083333333333333,rollout_joint,64,277.3316585050002,2311.097154208335,paper_base_holdoutfit,results/scheme_c_holdout_2026-04-24_rollout_vnext/configs/paper_base_holdoutfit.yaml
0.2333333333333333,0.2333333333333333,0.25,0.2416666666666666,0.25,0.3681157632070073,0.6318842367929929,0.738929849308999,1.647673227566028,1.6390190690593534,-9.030112185154278,0.05,0.95,0.825,0.925,0.8916666666666667,0.1083333333333333,security_margin,64,18.627191450999817,155.22659542499846,paper_base_holdoutfit,results/scheme_c_holdout_2026-04-24_rollout_vnext/configs/paper_base_holdoutfit.yaml
0.0352147650905111,0.0352147650905111,0.125,0.1166666666666666,0.125,0.7479539029144029,0.2520460970855971,1.5166734361764966,0.4069449732324777,0.4041091705207964,-2.3904056574746546,0.0,1.0,1.0,0.8583333333333333,0.8916666666666667,0.1083333333333333,security_risk,64,17.512632449000193,145.9386037416683,paper_base_holdoutfit,results/scheme_c_holdout_2026-04-24_rollout_vnext/configs/paper_base_holdoutfit.yaml
0.15,0.15,0.15,0.1333333333333333,0.15,0.8649617244243654,0.1350382755756345,1.6179898144095908,0.1780579927255725,0.1699160486460799,-1.802300139423888,0.0166666666666666,0.9833333333333332,1.0,0.7416666666666667,0.8833333333333333,0.1166666666666666,periodic,65,17.39134867499979,144.92790562499826,paper_base_holdoutfit,results/scheme_c_holdout_2026-04-24_rollout_vnext/configs/paper_base_holdoutfit.yaml
0.175,0.175,0.6583333333333333,0.6083333333333333,0.6583333333333333,0.9040001536904094,0.0959998463095905,1.5607021892995034,0.3510986367318613,0.3436623803054176,-1.0543072117657044,0.05,0.95,0.5416666666666666,0.9166666666666666,0.8916666666666667,0.1083333333333333,risk_adaptive_hybrid_rollout,65,264.1850925680001,2201.5424380666677,paper_base_holdoutfit,results/scheme_c_holdout_2026-04-24_rollout_vnext/configs/paper_base_holdoutfit.yaml
0.1791666666666666,0.1791666666666666,0.7083333333333334,0.6416666666666667,0.7083333333333334,0.9228776417635988,0.077122358236401,1.5845563908506866,0.2680304983850683,0.2622538952169959,-1.064420149611396,0.0416666666666666,0.9583333333333334,0.5916666666666667,0.9166666666666666,0.8916666666666667,0.1083333333333333,rollout_joint,65,272.83751626899993,2273.645968908333,paper_base_holdoutfit,results/scheme_c_holdout_2026-04-24_rollout_vnext/configs/paper_base_holdoutfit.yaml
0.2333333333333333,0.2333333333333333,0.2666666666666666,0.25,0.2666666666666666,0.3727879617100746,0.6272120382899253,0.7388736920178357,1.6555052590221762,1.647312735363908,-8.683807810793663,0.0416666666666666,0.9583333333333334,0.8166666666666667,0.9,0.8916666666666667,0.1083333333333333,security_margin,65,18.013863140000012,150.11552616666677,paper_base_holdoutfit,results/scheme_c_holdout_2026-04-24_rollout_vnext/configs/paper_base_holdoutfit.yaml
0.0353702543933259,0.0353702543933259,0.1166666666666666,0.1,0.1166666666666666,0.7284432349141444,0.2715567650858556,1.5096479800810494,0.4306326178479487,0.4192372777167881,-2.5238624667901703,0.0083333333333333,0.9916666666666668,1.0,0.7166666666666667,0.8916666666666667,0.1083333333333333,security_risk,65,17.760738329000105,148.0061527416675,paper_base_holdoutfit,results/scheme_c_holdout_2026-04-24_rollout_vnext/configs/paper_base_holdoutfit.yaml
0.15,0.15,0.15,0.1333333333333333,0.15,0.8649148334597901,0.1350851665402098,1.6103102520265071,0.1899689591407573,0.1777237873447671,-1.8038197065296533,0.0083333333333333,0.9916666666666668,1.0,0.7583333333333333,0.8833333333333333,0.1166666666666666,periodic,66,18.535224992000167,154.46020826666805,paper_base_holdoutfit,results/scheme_c_holdout_2026-04-24_rollout_vnext/configs/paper_base_holdoutfit.yaml
0.1729166666666666,0.1729166666666666,0.65,0.6083333333333333,0.65,0.9136684361511448,0.0863315638488553,1.5989907036048403,0.2092096644833327,0.1928818716583702,-1.2135187915414871,0.0583333333333333,0.9416666666666668,0.6666666666666666,0.7916666666666666,0.9,0.1,risk_adaptive_hybrid_rollout,66,253.3359876909999,2111.1332307583325,paper_base_holdoutfit,results/scheme_c_holdout_2026-04-24_rollout_vnext/configs/paper_base_holdoutfit.yaml
0.1729166666666666,0.1729166666666666,0.6916666666666667,0.6666666666666666,0.6916666666666667,0.9303675240241353,0.0696324759758648,1.613493986537997,0.1873598457090929,0.175055861482952,-1.1040113964032523,0.0416666666666666,0.9583333333333334,0.6333333333333333,0.875,0.9,0.1,rollout_joint,66,284.6935152369997,2372.445960308331,paper_base_holdoutfit,results/scheme_c_holdout_2026-04-24_rollout_vnext/configs/paper_base_holdoutfit.yaml
0.2333333333333333,0.2333333333333333,0.2416666666666666,0.2333333333333333,0.2416666666666666,0.3594935250713915,0.6405064749286086,0.7298684721726263,1.6513950980737195,1.6391860579373188,-9.045678701430056,0.05,0.95,0.85,0.9166666666666666,0.9,0.1,security_margin,66,18.08162062700012,150.68017189166767,paper_base_holdoutfit,results/scheme_c_holdout_2026-04-24_rollout_vnext/configs/paper_base_holdoutfit.yaml
0.0379058191582,0.0379058191582,0.1333333333333333,0.1333333333333333,0.1333333333333333,0.7487477624489124,0.2512522375510876,1.5248460825284147,0.360838268994496,0.3557046872021905,-2.4538739191882195,0.0166666666666666,0.9833333333333332,1.0,0.875,0.9,0.1,security_risk,66,18.75570132099938,156.29751100832814,paper_base_holdoutfit,results/scheme_c_holdout_2026-04-24_rollout_vnext/configs/paper_base_holdoutfit.yaml
0.15,0.15,0.15,0.1333333333333333,0.15,0.8735161539091277,0.1264838460908723,1.599662347936118,0.126481748290284,0.1182283568177396,-1.870387351043156,0.0083333333333333,0.9916666666666668,1.0,0.7583333333333333,0.9083333333333332,0.0916666666666666,periodic,67,20.863306556999987,173.8608879749999,paper_base_holdoutfit,results/scheme_c_holdout_2026-04-24_rollout_vnext/configs/paper_base_holdoutfit.yaml
0.1729166666666666,0.1729166666666666,0.675,0.6333333333333333,0.675,0.9085396865992788,0.0914603134007211,1.5776880290087585,0.2481753939156308,0.233550156769127,-1.166457436448192,0.0416666666666666,0.9583333333333334,0.6,0.9,0.9083333333333332,0.0916666666666666,risk_adaptive_hybrid_rollout,67,318.98942900099973,2658.245241674997,paper_base_holdoutfit,results/scheme_c_holdout_2026-04-24_rollout_vnext/configs/paper_base_holdoutfit.yaml
0.175,0.175,0.6916666666666667,0.6583333333333333,0.6916666666666667,0.9245829382845654,0.0754170617154345,1.5754904878485974,0.238961529968624,0.2285950080358076,-1.0976282037071092,0.05,0.95,0.5333333333333333,0.925,0.9083333333333332,0.0916666666666666,rollout_joint,67,333.90635906199986,2782.552992183332,paper_base_holdoutfit,results/scheme_c_holdout_2026-04-24_rollout_vnext/configs/paper_base_holdoutfit.yaml
0.2333333333333333,0.2333333333333333,0.25,0.2416666666666666,0.25,0.3504139653644082,0.6495860346355918,0.6963784817887039,1.6989495804160757,1.6851081640099643,-9.378282791542528,0.0333333333333333,0.9666666666666668,0.8166666666666667,0.9333333333333332,0.9083333333333332,0.0916666666666666,security_margin,67,21.93933753199985,182.82781276666543,paper_base_holdoutfit,results/scheme_c_holdout_2026-04-24_rollout_vnext/configs/paper_base_holdoutfit.yaml
0.0354968220719226,0.0354968220719226,0.125,0.1166666666666666,0.125,0.7266625899494941,0.273337410050506,1.4623348335911033,0.4770244835388082,0.4742203091873113,-2.452543492463429,0.0083333333333333,0.9916666666666668,1.0,0.8833333333333333,0.9083333333333332,0.0916666666666666,security_risk,67,21.041239891000032,175.34366575833363,paper_base_holdoutfit,results/scheme_c_holdout_2026-04-24_rollout_vnext/configs/paper_base_holdoutfit.yaml
0.15,0.15,0.15,0.1416666666666666,0.15,0.8862912651840714,0.1137087348159284,1.6511590526102569,0.1200942734335997,0.1117484826156913,-1.7181384891189362,0.0166666666666666,0.9833333333333332,1.0,0.7666666666666667,0.8833333333333333,0.1166666666666666,periodic,68,21.387665690000176,178.23054741666814,paper_base_holdoutfit,results/scheme_c_holdout_2026-04-24_rollout_vnext/configs/paper_base_holdoutfit.yaml
0.175,0.175,0.675,0.6333333333333333,0.675,0.90476057468448,0.09523942531552,1.5719467230640671,0.2763770391218302,0.2620902118430489,-1.1649621388897604,0.0583333333333333,0.9416666666666668,0.6083333333333333,0.8333333333333334,0.9,0.1,risk_adaptive_hybrid_rollout,68,259.22505983799965,2160.20883198333,paper_base_holdoutfit,results/scheme_c_holdout_2026-04-24_rollout_vnext/configs/paper_base_holdoutfit.yaml
0.1770833333333333,0.1770833333333333,0.7,0.6666666666666666,0.7,0.9238746888689602,0.0761253111310397,1.605182632567371,0.2167640893262265,0.2062135134170589,-1.088659609840703,0.0583333333333333,0.9416666666666668,0.6,0.9083333333333332,0.9,0.1,rollout_joint,68,319.07176919799986,2658.9314099833323,paper_base_holdoutfit,results/scheme_c_holdout_2026-04-24_rollout_vnext/configs/paper_base_holdoutfit.yaml
0.2333333333333333,0.2333333333333333,0.25,0.2333333333333333,0.25,0.372564266683067,0.6274357333169329,0.9283510302173874,1.8767851635962736,1.86867266229336,-8.105681351132075,0.0583333333333333,0.9416666666666668,0.8333333333333334,0.9333333333333332,0.9,0.1,security_margin,68,21.760192173999712,181.3349347833309,paper_base_holdoutfit,results/scheme_c_holdout_2026-04-24_rollout_vnext/configs/paper_base_holdoutfit.yaml
0.0398149952796019,0.0398149952796019,0.1333333333333333,0.1166666666666666,0.1333333333333333,0.7280875439048564,0.2719124560951436,1.530251972222556,0.4045721142357603,0.3954962032223015,-2.483450928364682,0.025,0.975,1.0,0.825,0.875,0.125,security_risk,68,21.568874763000167,179.74062302500138,paper_base_holdoutfit,results/scheme_c_holdout_2026-04-24_rollout_vnext/configs/paper_base_holdoutfit.yaml
0.15,0.15,0.15,0.1416666666666666,0.15,0.8846870822781088,0.1153129177218912,1.650955893005287,0.1169368806784551,0.1109691188147291,-1.7202501591171555,0.0166666666666666,0.9833333333333332,1.0,0.775,0.8833333333333333,0.1166666666666666,periodic,69,17.645721181000226,147.04767650833523,paper_base_holdoutfit,results/scheme_c_holdout_2026-04-24_rollout_vnext/configs/paper_base_holdoutfit.yaml
0.175,0.175,0.6666666666666666,0.625,0.6666666666666666,0.911001575703735,0.088998424296265,1.587521076927762,0.2595096144652844,0.243845420973601,-1.115185829183638,0.0583333333333333,0.9416666666666668,0.6333333333333333,0.8666666666666667,0.8833333333333333,0.1166666666666666,risk_adaptive_hybrid_rollout,69,257.90000257500014,2149.166688125001,paper_base_holdoutfit,results/scheme_c_holdout_2026-04-24_rollout_vnext/configs/paper_base_holdoutfit.yaml
0.1791666666666666,0.1791666666666666,0.6916666666666667,0.65,0.6916666666666667,0.9310879063682628,0.0689120936317372,1.6164493988687274,0.1812933012628981,0.1682315814324035,-1.1218858469818267,0.0583333333333333,0.9416666666666668,0.6083333333333333,0.9083333333333332,0.8916666666666667,0.1083333333333333,rollout_joint,69,271.03647578300024,2258.637298191669,paper_base_holdoutfit,results/scheme_c_holdout_2026-04-24_rollout_vnext/configs/paper_base_holdoutfit.yaml
0.2333333333333333,0.2333333333333333,0.25,0.225,0.25,0.3605924664254281,0.6394075335745718,0.7128946818271219,1.678212437379518,1.665645539305232,-8.969665953271605,0.05,0.95,0.85,0.9,0.8833333333333333,0.1166666666666666,security_margin,69,17.933411291000084,149.44509409166736,paper_base_holdoutfit,results/scheme_c_holdout_2026-04-24_rollout_vnext/configs/paper_base_holdoutfit.yaml
0.0438811342764335,0.0438811342764335,0.1416666666666666,0.1166666666666666,0.1416666666666666,0.7180725489373169,0.281927451062683,1.5042889376915063,0.4782360968479102,0.4654886619893851,-2.4687948789864333,0.025,0.975,1.0,0.8,0.8833333333333333,0.1166666666666666,security_risk,69,17.61985605300015,146.83213377500124,paper_base_holdoutfit,results/scheme_c_holdout_2026-04-24_rollout_vnext/configs/paper_base_holdoutfit.yaml
0.15,0.15,0.15,0.1333333333333333,0.15,0.8630090133518549,0.1369909866481451,1.6234859050665849,0.1892287045574527,0.1772026443593051,-1.7927122769201924,0.0166666666666666,0.9833333333333332,1.0,0.75,0.8833333333333333,0.1166666666666666,periodic,70,17.7974013500002,148.31167791666834,paper_base_holdoutfit,results/scheme_c_holdout_2026-04-24_rollout_vnext/configs/paper_base_holdoutfit.yaml
0.175,0.175,0.6916666666666667,0.6583333333333333,0.6916666666666667,0.9280715253023454,0.0719284746976544,1.5890497503795311,0.1858664003789748,0.1800233985230453,-1.1361456926805429,0.0666666666666666,0.9333333333333332,0.575,0.9333333333333332,0.9083333333333332,0.0916666666666666,risk_adaptive_hybrid_rollout,70,263.1858533650002,2193.215444708335,paper_base_holdoutfit,results/scheme_c_holdout_2026-04-24_rollout_vnext/configs/paper_base_holdoutfit.yaml
0.16875,0.16875,0.675,0.65,0.675,0.9301836502358684,0.0698163497641315,1.587415684083754,0.2193161677625736,0.2148315490610217,-1.0998636679764393,0.05,0.95,0.625,0.95,0.9083333333333332,0.0916666666666666,rollout_joint,70,275.128776689,2292.7398057416667,paper_base_holdoutfit,results/scheme_c_holdout_2026-04-24_rollout_vnext/configs/paper_base_holdoutfit.yaml
0.2333333333333333,0.2333333333333333,0.25,0.2416666666666666,0.25,0.3589874157772664,0.6410125842227337,0.8931698951795269,1.950545381307852,1.937974767584078,-8.342378374975022,0.05,0.95,0.7916666666666666,0.925,0.9083333333333332,0.0916666666666666,security_margin,70,17.425654126000154,145.21378438333463,paper_base_holdoutfit,results/scheme_c_holdout_2026-04-24_rollout_vnext/configs/paper_base_holdoutfit.yaml
0.0366582392939528,0.0366582392939528,0.125,0.1,0.125,0.7228980229280363,0.2771019770719637,1.502468238092043,0.4662659722872478,0.4578223878298067,-2.490625266587233,0.025,0.975,1.0,0.7833333333333333,0.8833333333333333,0.1166666666666666,security_risk,70,17.35037838900007,144.58648657500058,paper_base_holdoutfit,results/scheme_c_holdout_2026-04-24_rollout_vnext/configs/paper_base_holdoutfit.yaml
0.15,0.15,0.15,0.1333333333333333,0.15,0.8682425182334818,0.1317574817665182,1.626925120555359,0.1341850576368458,0.1265296277808491,-1.8369658815740824,0.0083333333333333,0.9916666666666668,1.0,0.7,0.8916666666666667,0.1083333333333333,periodic,71,17.68756690700002,147.3963908916668,paper_base_holdoutfit,results/scheme_c_holdout_2026-04-24_rollout_vnext/configs/paper_base_holdoutfit.yaml
0.175,0.175,0.6833333333333333,0.6583333333333333,0.6833333333333333,0.8974015626079124,0.1025984373920876,1.5186582495519203,0.4364680434194066,0.4317883282973935,-0.9796654593219573,0.0666666666666666,0.9333333333333332,0.4833333333333333,0.9666666666666668,0.9,0.1,risk_adaptive_hybrid_rollout,71,263.44824262099974,2195.4020218416645,paper_base_holdoutfit,results/scheme_c_holdout_2026-04-24_rollout_vnext/configs/paper_base_holdoutfit.yaml
0.1729166666666666,0.1729166666666666,0.6916666666666667,0.6583333333333333,0.6916666666666667,0.9125097397448731,0.0874902602551267,1.5541989335386233,0.3212534299079807,0.3160639058737208,-1.0543019461344645,0.0583333333333333,0.9416666666666668,0.6083333333333333,0.95,0.9,0.1,rollout_joint,71,271.50417452199963,2262.5347876833303,paper_base_holdoutfit,results/scheme_c_holdout_2026-04-24_rollout_vnext/configs/paper_base_holdoutfit.yaml
0.2333333333333333,0.2333333333333333,0.2416666666666666,0.225,0.2416666666666666,0.3625463969981478,0.6374536030018522,0.712672636579804,1.6515100104296627,1.6410916821647288,-9.2790571276376,0.05,0.95,0.8666666666666667,0.9,0.9083333333333332,0.0916666666666666,security_margin,71,17.147957654000038,142.89964711666698,paper_base_holdoutfit,results/scheme_c_holdout_2026-04-24_rollout_vnext/configs/paper_base_holdoutfit.yaml
0.0369249316948644,0.0369249316948644,0.125,0.1166666666666666,0.125,0.7328157599738137,0.2671842400261864,1.4685614846620547,0.4576782483218487,0.4518709623386457,-2.4684892688840514,0.0166666666666666,0.9833333333333332,1.0,0.8333333333333334,0.8916666666666667,0.1083333333333333,security_risk,71,17.296107443999972,144.13422869999977,paper_base_holdoutfit,results/scheme_c_holdout_2026-04-24_rollout_vnext/configs/paper_base_holdoutfit.yaml
0.15,0.15,0.15,0.1416666666666666,0.15,0.8880831414102592,0.1119168585897407,1.6286712090289208,0.1215416755823248,0.1108220116918631,-1.7412823239520447,0.0083333333333333,0.9916666666666668,1.0,0.7416666666666667,0.8916666666666667,0.1083333333333333,periodic,72,20.805461200999844,173.37884334166537,paper_base_holdoutfit,results/scheme_c_holdout_2026-04-24_rollout_vnext/configs/paper_base_holdoutfit.yaml
0.175,0.175,0.6916666666666667,0.6583333333333333,0.6916666666666667,0.9037758848889296,0.0962241151110704,1.5403009534452403,0.3456402931896682,0.3396475345501658,-1.0783634967560565,0.0583333333333333,0.9416666666666668,0.5416666666666666,0.95,0.9,0.1,risk_adaptive_hybrid_rollout,72,318.9747716679999,2658.123097233333,paper_base_holdoutfit,results/scheme_c_holdout_2026-04-24_rollout_vnext/configs/paper_base_holdoutfit.yaml
0.1770833333333333,0.1770833333333333,0.7083333333333334,0.675,0.7083333333333334,0.9122023025962052,0.0877976974037947,1.560646764128908,0.2894085765165555,0.2852552978047757,-1.060066914278992,0.05,0.95,0.4916666666666666,0.9583333333333334,0.9083333333333332,0.0916666666666666,rollout_joint,72,335.51732254500007,2795.9776878750004,paper_base_holdoutfit,results/scheme_c_holdout_2026-04-24_rollout_vnext/configs/paper_base_holdoutfit.yaml
0.2333333333333332,0.2333333333333332,0.25,0.25,0.25,0.3648437953001999,0.6351562046998,0.7189941128715172,1.6615135191282604,1.6513134821115902,-8.846353285589926,0.05,0.95,0.825,0.9416666666666668,0.9083333333333332,0.0916666666666666,security_margin,72,21.853281903999918,182.11068253333264,paper_base_holdoutfit,results/scheme_c_holdout_2026-04-24_rollout_vnext/configs/paper_base_holdoutfit.yaml
0.0417092747337296,0.0417092747337296,0.1333333333333333,0.1083333333333333,0.1333333333333333,0.7350960042500644,0.2649039957499355,1.51368935264837,0.3990139814649122,0.3961073552602086,-2.521487286195144,0.0166666666666666,0.9833333333333332,1.0,0.8833333333333333,0.9,0.1,security_risk,72,20.835596482000028,173.6299706833336,paper_base_holdoutfit,results/scheme_c_holdout_2026-04-24_rollout_vnext/configs/paper_base_holdoutfit.yaml
0.15,0.15,0.15,0.125,0.15,0.8630888240159034,0.1369111759840966,1.5930470783881008,0.1734116905791197,0.1691569791778916,-1.8588515377036865,0.0083333333333333,0.9916666666666668,1.0,0.8666666666666667,0.9,0.1,periodic,73,21.64082047300008,180.340170608334,paper_base_holdoutfit,results/scheme_c_holdout_2026-04-24_rollout_vnext/configs/paper_base_holdoutfit.yaml
0.1770833333333333,0.1770833333333333,0.6916666666666667,0.6583333333333333,0.6916666666666667,0.9166303147831524,0.0833696852168476,1.5510422820807086,0.3057752720518646,0.3006015899649827,-1.068495632073995,0.0666666666666666,0.9333333333333332,0.5583333333333333,0.95,0.9,0.1,risk_adaptive_hybrid_rollout,73,255.9868926930003,2133.2241057750025,paper_base_holdoutfit,results/scheme_c_holdout_2026-04-24_rollout_vnext/configs/paper_base_holdoutfit.yaml
0.1770833333333333,0.1770833333333333,0.7083333333333334,0.6833333333333333,0.7083333333333334,0.9204637842339594,0.0795362157660406,1.576377561955943,0.2860046899976671,0.2815408502548637,-1.0377587872365497,0.075,0.925,0.4833333333333333,0.9666666666666668,0.9,0.1,rollout_joint,73,318.95379039399995,2657.948253283333,paper_base_holdoutfit,results/scheme_c_holdout_2026-04-24_rollout_vnext/configs/paper_base_holdoutfit.yaml
0.2333333333333333,0.2333333333333333,0.25,0.2333333333333333,0.25,0.3713696726087283,0.6286303273912718,0.7323363602249507,1.6356142579223765,1.6222874403630756,-9.247436185884007,0.05,0.95,0.8583333333333333,0.8916666666666667,0.9,0.1,security_margin,73,21.63383448500008,180.2819540416673,paper_base_holdoutfit,results/scheme_c_holdout_2026-04-24_rollout_vnext/configs/paper_base_holdoutfit.yaml
0.0363769987687446,0.0363769987687446,0.125,0.1166666666666666,0.125,0.73061714169167,0.2693828583083301,1.5113538449411177,0.4051010465246655,0.4035373259839944,-2.479661590678671,0.0166666666666666,0.9833333333333332,1.0,0.875,0.9,0.1,security_risk,73,21.39077767400022,178.25648061666848,paper_base_holdoutfit,results/scheme_c_holdout_2026-04-24_rollout_vnext/configs/paper_base_holdoutfit.yaml
0.15,0.15,0.15,0.1416666666666666,0.15,0.8866760381844192,0.1133239618155806,1.6554466167264588,0.1150545242497952,0.1037575206620562,-1.7218290000417322,0.0166666666666666,0.9833333333333332,1.0,0.7166666666666667,0.8833333333333333,0.1166666666666666,periodic,74,17.452143568999873,145.4345297416656,paper_base_holdoutfit,results/scheme_c_holdout_2026-04-24_rollout_vnext/configs/paper_base_holdoutfit.yaml
0.175,0.175,0.6833333333333333,0.6333333333333333,0.6833333333333333,0.9288715249548308,0.0711284750451693,1.6352895928052835,0.1642634745222488,0.1502223085196612,-1.1395138251058898,0.0583333333333333,0.9416666666666668,0.6583333333333333,0.8583333333333333,0.9,0.1,risk_adaptive_hybrid_rollout,74,260.13777253499984,2167.814771124999,paper_base_holdoutfit,results/scheme_c_holdout_2026-04-24_rollout_vnext/configs/paper_base_holdoutfit.yaml
0.175,0.175,0.6833333333333333,0.6166666666666667,0.6833333333333333,0.9262658629394992,0.0737341370605007,1.6188649056579654,0.191057632629548,0.1768263755230816,-1.1466482030394334,0.0416666666666666,0.9583333333333334,0.6583333333333333,0.9416666666666668,0.9,0.1,rollout_joint,74,272.8392800730003,2273.6606672750027,paper_base_holdoutfit,results/scheme_c_holdout_2026-04-24_rollout_vnext/configs/paper_base_holdoutfit.yaml
0.2333333333333333,0.2333333333333333,0.2583333333333333,0.2333333333333333,0.2583333333333333,0.3547598281608104,0.6452401718391896,0.7092708241944162,1.6858664297631152,1.6640544423317791,-9.362525232623232,0.0333333333333333,0.9666666666666668,0.8333333333333334,0.9166666666666666,0.9,0.1,security_margin,74,17.32165703999999,144.34714199999993,paper_base_holdoutfit,results/scheme_c_holdout_2026-04-24_rollout_vnext/configs/paper_base_holdoutfit.yaml
0.0371305857069825,0.0371305857069825,0.125,0.1166666666666666,0.125,0.740312413894736,0.259687586105264,1.543347741549307,0.3736644373012304,0.3689279050846922,-2.470400948688017,0.025,0.975,1.0,0.85,0.8833333333333333,0.1166666666666666,security_risk,74,17.128539268000168,142.73782723333474,paper_base_holdoutfit,results/scheme_c_holdout_2026-04-24_rollout_vnext/configs/paper_base_holdoutfit.yaml
0.15,0.15,0.15,0.1333333333333333,0.15,0.8623459056963225,0.1376540943036775,1.6142736478885518,0.16947952393202,0.1585373514020136,-1.82111211059901,0.0083333333333333,0.9916666666666668,1.0,0.7166666666666667,0.8916666666666667,0.1083333333333333,periodic,75,17.716388132000247,147.63656776666872,paper_base_holdoutfit,results/scheme_c_holdout_2026-04-24_rollout_vnext/configs/paper_base_holdoutfit.yaml
0.1708333333333333,0.1708333333333333,0.675,0.625,0.675,0.9096145845161664,0.0903854154838336,1.6004548593460168,0.2353525952097469,0.2291522548887331,-1.1493441166956504,0.0583333333333333,0.9416666666666668,0.65,0.875,0.8916666666666667,0.1083333333333333,risk_adaptive_hybrid_rollout,75,256.0625209599998,2133.8543413333314,paper_base_holdoutfit,results/scheme_c_holdout_2026-04-24_rollout_vnext/configs/paper_base_holdoutfit.yaml
0.1770833333333333,0.1770833333333333,0.7083333333333334,0.6583333333333333,0.7083333333333334,0.9339992631608652,0.0660007368391346,1.633049834683502,0.1554562194632186,0.1479945228989117,-1.1195277434633728,0.0583333333333333,0.9416666666666668,0.725,0.8833333333333333,0.8916666666666667,0.1083333333333333,rollout_joint,75,265.0524859279999,2208.770716066666,paper_base_holdoutfit,results/scheme_c_holdout_2026-04-24_rollout_vnext/configs/paper_base_holdoutfit.yaml
0.2333333333333333,0.2333333333333333,0.2583333333333333,0.225,0.2583333333333333,0.3814382555320078,0.6185617444679923,0.9375450873117972,1.7911715813042666,1.7806218414068335,-8.300179705143247,0.05,0.95,0.9083333333333332,0.875,0.8916666666666667,0.1083333333333333,security_margin,75,16.64946230300029,138.7455191916691,paper_base_holdoutfit,results/scheme_c_holdout_2026-04-24_rollout_vnext/configs/paper_base_holdoutfit.yaml
0.0375672604394346,0.0375672604394346,0.125,0.1166666666666666,0.125,0.7369406297630766,0.2630593702369235,1.5196061088143693,0.3905841599902898,0.385601822944938,-2.491067521450064,0.0166666666666666,0.9833333333333332,1.0,0.8833333333333333,0.9,0.1,security_risk,75,17.120456315999945,142.67046929999955,paper_base_holdoutfit,results/scheme_c_holdout_2026-04-24_rollout_vnext/configs/paper_base_holdoutfit.yaml
0.15,0.15,0.15,0.1416666666666666,0.15,0.8883982929444417,0.1116017070555583,1.6717998388776645,0.1136609901149792,0.101355623051886,-1.7085059248561714,0.025,0.975,1.0,0.725,0.875,0.125,periodic,76,17.90836088900005,149.23634074166708,paper_base_holdoutfit,results/scheme_c_holdout_2026-04-24_rollout_vnext/configs/paper_base_holdoutfit.yaml
0.175,0.175,0.6833333333333333,0.65,0.6833333333333333,0.906414067912266,0.0935859320877341,1.587131996864988,0.314411457210814,0.3038319627094464,-1.070039858115357,0.0583333333333333,0.9416666666666668,0.5583333333333333,0.9166666666666666,0.8833333333333333,0.1166666666666666,risk_adaptive_hybrid_rollout,76,257.35899950400017,2144.6583292000014,paper_base_holdoutfit,results/scheme_c_holdout_2026-04-24_rollout_vnext/configs/paper_base_holdoutfit.yaml
0.1791666666666666,0.1791666666666666,0.7166666666666667,0.6916666666666667,0.7166666666666667,0.9185801823828896,0.0814198176171104,1.6024350119024822,0.2709550442537845,0.2597870546396238,-1.023923623923734,0.0583333333333333,0.9416666666666668,0.55,0.9083333333333332,0.8833333333333333,0.1166666666666666,rollout_joint,76,268.77152203299966,2239.7626836083305,paper_base_holdoutfit,results/scheme_c_holdout_2026-04-24_rollout_vnext/configs/paper_base_holdoutfit.yaml
0.2333333333333333,0.2333333333333333,0.2583333333333333,0.2583333333333333,0.2583333333333333,0.3814382579786425,0.6185617420213575,0.769592497743285,1.6323128345515054,1.6264003119353876,-8.599510497969066,0.0583333333333333,0.9416666666666668,0.8083333333333333,0.9416666666666668,0.8833333333333333,0.1166666666666666,security_margin,76,17.310774205999678,144.25645171666395,paper_base_holdoutfit,results/scheme_c_holdout_2026-04-24_rollout_vnext/configs/paper_base_holdoutfit.yaml
0.0372380040538589,0.0372380040538589,0.1333333333333333,0.125,0.1333333333333333,0.7259332753249085,0.2740667246750917,1.4284980291925131,0.531146772652693,0.5245062802866871,-2.4351091871726798,0.0166666666666666,0.9833333333333332,1.0,0.85,0.8833333333333333,0.1166666666666666,security_risk,76,17.88872111899991,149.07267599166593,paper_base_holdoutfit,results/scheme_c_holdout_2026-04-24_rollout_vnext/configs/paper_base_holdoutfit.yaml
0.15,0.15,0.15,0.1166666666666666,0.15,0.8390292896653281,0.1609707103346719,1.5843514953721607,0.2094163229677163,0.2004692661070276,-2.021736429420024,0.0083333333333333,0.9916666666666668,1.0,0.7333333333333333,0.9,0.1,periodic,77,20.623608556999898,171.86340464166582,paper_base_holdoutfit,results/scheme_c_holdout_2026-04-24_rollout_vnext/configs/paper_base_holdoutfit.yaml
0.1729166666666666,0.1729166666666666,0.6666666666666666,0.6333333333333333,0.6666666666666666,0.917503149819561,0.0824968501804389,1.5975828209363387,0.2406809349349113,0.2316012473278734,-1.130276765824216,0.0666666666666666,0.9333333333333332,0.625,0.8333333333333334,0.8916666666666667,0.1083333333333333,risk_adaptive_hybrid_rollout,77,321.579678351,2679.830652925,paper_base_holdoutfit,results/scheme_c_holdout_2026-04-24_rollout_vnext/configs/paper_base_holdoutfit.yaml
0.1791666666666666,0.1791666666666666,0.7166666666666667,0.675,0.7166666666666667,0.9179575381618524,0.0820424618381476,1.597310006269287,0.265790203201482,0.2610648831906638,-1.0458701829870911,0.0583333333333333,0.9416666666666668,0.5833333333333334,0.9416666666666668,0.9,0.1,rollout_joint,77,335.35683909,2794.64032575,paper_base_holdoutfit,results/scheme_c_holdout_2026-04-24_rollout_vnext/configs/paper_base_holdoutfit.yaml
0.2333333333333333,0.2333333333333333,0.25,0.2416666666666666,0.25,0.3655123568171138,0.6344876431828863,0.7181154268630341,1.6681443129322495,1.6545168730700652,-8.954870804202683,0.05,0.95,0.825,0.925,0.9,0.1,security_margin,77,21.907715332999945,182.5642944416662,paper_base_holdoutfit,results/scheme_c_holdout_2026-04-24_rollout_vnext/configs/paper_base_holdoutfit.yaml
0.0387845083808763,0.0387845083808763,0.1333333333333333,0.125,0.1333333333333333,0.7445704011119739,0.255429598888026,1.5191493498182718,0.368513483836424,0.3648535176071215,-2.467761296974128,0.0,1.0,1.0,0.8583333333333333,0.9,0.1,security_risk,77,20.83200110200005,173.60000918333375,paper_base_holdoutfit,results/scheme_c_holdout_2026-04-24_rollout_vnext/configs/paper_base_holdoutfit.yaml
0.15,0.15,0.15,0.1416666666666666,0.15,0.8843541778215546,0.1156458221784455,1.6672804981582452,0.1266862021017988,0.1155441548516992,-1.699643237410831,0.025,0.975,1.0,0.8083333333333333,0.875,0.125,periodic,78,21.51748042899999,179.31233690833324,paper_base_holdoutfit,results/scheme_c_holdout_2026-04-24_rollout_vnext/configs/paper_base_holdoutfit.yaml
0.175,0.175,0.6666666666666666,0.6416666666666667,0.6666666666666666,0.900519991619044,0.0994800083809561,1.5725430580490831,0.3422892135453945,0.3253041041083785,-1.052551565225742,0.0583333333333333,0.9416666666666668,0.55,0.9083333333333332,0.8833333333333333,0.1166666666666666,risk_adaptive_hybrid_rollout,78,264.37866710000026,2203.155559166669,paper_base_holdoutfit,results/scheme_c_holdout_2026-04-24_rollout_vnext/configs/paper_base_holdoutfit.yaml
0.1791666666666666,0.1791666666666666,0.7,0.65,0.7,0.9149707394721814,0.0850292605278185,1.5930013731389263,0.2765593729432655,0.2641977012757445,-1.056584646391952,0.0583333333333333,0.9416666666666668,0.5416666666666666,0.9333333333333332,0.8916666666666667,0.1083333333333333,rollout_joint,78,318.66479974000003,2655.539997833334,paper_base_holdoutfit,results/scheme_c_holdout_2026-04-24_rollout_vnext/configs/paper_base_holdoutfit.yaml
0.2327840911547518,0.2327840911547518,0.2583333333333333,0.25,0.2583333333333333,0.3750492154804734,0.6249507845195266,0.7635926734244348,1.640872005764585,1.633970873695022,-8.744096290202274,0.05,0.95,0.8,0.95,0.8916666666666667,0.1083333333333333,security_margin,78,21.60041487900025,180.00345732500213,paper_base_holdoutfit,results/scheme_c_holdout_2026-04-24_rollout_vnext/configs/paper_base_holdoutfit.yaml
0.0351028910552993,0.0351028910552993,0.1166666666666666,0.1083333333333333,0.1166666666666666,0.7392973948540909,0.2607026051459091,1.5567769909360298,0.3690601465535045,0.3594969794863611,-2.499484977110517,0.025,0.975,1.0,0.85,0.875,0.125,security_risk,78,21.409145652000007,178.40954710000003,paper_base_holdoutfit,results/scheme_c_holdout_2026-04-24_rollout_vnext/configs/paper_base_holdoutfit.yaml
0.15,0.15,0.15,0.1416666666666666,0.15,0.8858658821873127,0.1141341178126873,1.6522101193761076,0.1191213680293883,0.1102420085840839,-1.7195573277054097,0.0083333333333333,0.9916666666666668,1.0,0.8,0.8833333333333333,0.1166666666666666,periodic,79,17.420985022999957,145.1748751916663,paper_base_holdoutfit,results/scheme_c_holdout_2026-04-24_rollout_vnext/configs/paper_base_holdoutfit.yaml
0.1729166666666666,0.1729166666666666,0.675,0.6416666666666667,0.675,0.9212740228456476,0.0787259771543524,1.5985604888918177,0.2327261121457225,0.2232768560315098,-1.119113102539577,0.0666666666666666,0.9333333333333332,0.6083333333333333,0.85,0.9,0.1,risk_adaptive_hybrid_rollout,79,260.9909339410001,2174.924449508334,paper_base_holdoutfit,results/scheme_c_holdout_2026-04-24_rollout_vnext/configs/paper_base_holdoutfit.yaml
0.1729166666666666,0.1729166666666666,0.6916666666666667,0.6583333333333333,0.6916666666666667,0.925712955696968,0.0742870443030319,1.5928836960934605,0.2250051412379167,0.2204486146509122,-1.1008935527571164,0.05,0.95,0.6083333333333333,0.95,0.9,0.1,rollout_joint,79,273.75198775399986,2281.2665646166656,paper_base_holdoutfit,results/scheme_c_holdout_2026-04-24_rollout_vnext/configs/paper_base_holdoutfit.yaml
0.2333333333333333,0.2333333333333333,0.25,0.2333333333333333,0.25,0.3610731570363931,0.6389268429636068,0.7172251783276982,1.6727155810730836,1.6601126826769388,-8.972461578097827,0.05,0.95,0.85,0.9083333333333332,0.9,0.1,security_margin,79,17.648992765000003,147.07493970833335,paper_base_holdoutfit,results/scheme_c_holdout_2026-04-24_rollout_vnext/configs/paper_base_holdoutfit.yaml
0.0336400759604561,0.0336400759604561,0.1166666666666666,0.1166666666666666,0.1166666666666666,0.7400395594228214,0.2599604405771786,1.5271674503654766,0.3836916405378025,0.3794723400013867,-2.4577759911031856,0.0166666666666666,0.9833333333333332,1.0,0.8166666666666667,0.8916666666666667,0.1083333333333333,security_risk,79,18.816898226000376,156.8074852166698,paper_base_holdoutfit,results/scheme_c_holdout_2026-04-24_rollout_vnext/configs/paper_base_holdoutfit.yaml
0.15,0.15,0.15,0.1416666666666666,0.15,0.8841583261203174,0.1158416738796826,1.6374278763202692,0.1238688298098882,0.1154436138721401,-1.7302156440273104,0.0083333333333333,0.9916666666666668,1.0,0.6916666666666667,0.8833333333333333,0.1166666666666666,periodic,80,17.198852091999925,143.3237674333327,paper_base_holdoutfit,results/scheme_c_holdout_2026-04-24_rollout_vnext/configs/paper_base_holdoutfit.yaml
0.1770833333333333,0.1770833333333333,0.6666666666666666,0.6416666666666667,0.6666666666666666,0.9161771852802084,0.0838228147197916,1.5863302442848095,0.2661460596132149,0.2503611062260312,-1.0982657189152047,0.0666666666666666,0.9333333333333332,0.5916666666666667,0.825,0.8916666666666667,0.1083333333333333,risk_adaptive_hybrid_rollout,80,258.28884175300027,2152.4070146083354,paper_base_holdoutfit,results/scheme_c_holdout_2026-04-24_rollout_vnext/configs/paper_base_holdoutfit.yaml
0.1729166666666666,0.1729166666666666,0.6916666666666667,0.675,0.6916666666666667,0.9162766620860746,0.0837233379139253,1.59004693596245,0.2722667921350277,0.2652147075316038,-1.0580784199055506,0.0583333333333333,0.9416666666666668,0.5916666666666667,0.9,0.9,0.1,rollout_joint,80,265.6575008340001,2213.8125069500006,paper_base_holdoutfit,results/scheme_c_holdout_2026-04-24_rollout_vnext/configs/paper_base_holdoutfit.yaml
0.2333333333333333,0.2333333333333333,0.2583333333333333,0.2583333333333333,0.2583333333333333,0.3742522020424162,0.6257477979575836,0.7455348411050386,1.6494203668159944,1.6405053645762606,-8.821879121719004,0.05,0.95,0.7916666666666666,0.9166666666666666,0.8916666666666667,0.1083333333333333,security_margin,80,17.21278742000004,143.439895166667,paper_base_holdoutfit,results/scheme_c_holdout_2026-04-24_rollout_vnext/configs/paper_base_holdoutfit.yaml
0.0344315261336141,0.0344315261336141,0.1166666666666666,0.1166666666666666,0.1166666666666666,0.7430792953062143,0.2569207046937858,1.5267000468812837,0.3744992322353119,0.3723932455486152,-2.435278965251568,0.0083333333333333,0.9916666666666668,1.0,0.8916666666666667,0.8916666666666667,0.1083333333333333,security_risk,80,16.79176235099976,139.931352924998,paper_base_holdoutfit,results/scheme_c_holdout_2026-04-24_rollout_vnext/configs/paper_base_holdoutfit.yaml
0.15,0.15,0.15,0.1416666666666666,0.15,0.885965500386665,0.1140344996133349,1.6399477504016933,0.122865802461822,0.110099549419335,-1.7333501428317648,0.0166666666666666,0.9833333333333332,1.0,0.7666666666666667,0.8916666666666667,0.1083333333333333,periodic,81,17.840117267000096,148.66764389166747,paper_base_holdoutfit,results/scheme_c_holdout_2026-04-24_rollout_vnext/configs/paper_base_holdoutfit.yaml
0.175,0.175,0.6666666666666666,0.6166666666666667,0.6666666666666666,0.9049694791868188,0.0950305208131814,1.5676062007594558,0.3134085281660146,0.3005879529580361,-1.0943151874947643,0.0333333333333333,0.9666666666666668,0.5833333333333334,0.8416666666666667,0.8833333333333333,0.1166666666666666,risk_adaptive_hybrid_rollout,81,255.64838327400048,2130.403193950004,paper_base_holdoutfit,results/scheme_c_holdout_2026-04-24_rollout_vnext/configs/paper_base_holdoutfit.yaml
0.1770833333333333,0.1770833333333333,0.6916666666666667,0.6583333333333333,0.6916666666666667,0.913361741550105,0.086638258449895,1.5909358838126029,0.283321890104501,0.2740419772778241,-1.0463070224355928,0.0333333333333333,0.9666666666666668,0.6,0.8916666666666667,0.8833333333333333,0.1166666666666666,rollout_joint,81,263.43783692199986,2195.3153076833323,paper_base_holdoutfit,results/scheme_c_holdout_2026-04-24_rollout_vnext/configs/paper_base_holdoutfit.yaml
0.2333333333333333,0.2333333333333333,0.2666666666666666,0.2333333333333333,0.2666666666666666,0.3669629023574062,0.6330370976425939,0.7503280288134,1.645767728882197,1.6352932629309858,-8.894552010562029,0.0333333333333333,0.9666666666666668,0.85,0.875,0.8833333333333333,0.1166666666666666,security_margin,81,17.103191011000035,142.52659175833364,paper_base_holdoutfit,results/scheme_c_holdout_2026-04-24_rollout_vnext/configs/paper_base_holdoutfit.yaml
0.0348629556377631,0.0348629556377631,0.1166666666666666,0.1166666666666666,0.1166666666666666,0.7423165819410625,0.2576834180589374,1.55145086359037,0.3473682300885798,0.3408677619640981,-2.4906377266334405,0.025,0.975,1.0,0.875,0.8833333333333333,0.1166666666666666,security_risk,81,16.840878932000123,140.3406577666677,paper_base_holdoutfit,results/scheme_c_holdout_2026-04-24_rollout_vnext/configs/paper_base_holdoutfit.yaml
0.1571428571428571,0.1571428571428571,0.1571428571428571,0.15,0.1571428571428571,0.7835765103389637,0.2164234896610362,1.3102541684740214,0.4781075051507359,0.4684286358658587,-2.6058123949494987,0.0071428571428571,0.9928571428571428,1.0,0.7857142857142857,0.95,0.05,periodic,62,24.694561867999937,176.389727628571,paper_hard_holdoutfit,results/scheme_c_holdout_2026-04-24_rollout_vnext/configs/paper_hard_holdoutfit.yaml
0.1571428571428571,0.1571428571428571,0.6285714285714286,0.5642857142857143,0.6285714285714286,0.91492227231381,0.0850777276861899,1.382757700490595,0.2861038312840659,0.2860345474279251,-1.4684096575462708,0.0214285714285714,0.9785714285714284,0.6571428571428571,0.9785714285714284,0.9642857142857144,0.0357142857142857,risk_adaptive_hybrid_rollout,62,350.2795959549999,2501.997113964285,paper_hard_holdoutfit,results/scheme_c_holdout_2026-04-24_rollout_vnext/configs/paper_hard_holdoutfit.yaml
0.1571428571428571,0.1571428571428571,0.6285714285714286,0.6,0.6285714285714286,0.9147190235309623,0.0852809764690376,1.3623987035580936,0.3065460336365728,0.3064987931848709,-1.408914875538998,0.0214285714285714,0.9785714285714284,0.5857142857142857,0.9928571428571428,0.9642857142857144,0.0357142857142857,rollout_joint,62,353.3998858109999,2524.2848986499994,paper_hard_holdoutfit,results/scheme_c_holdout_2026-04-24_rollout_vnext/configs/paper_hard_holdoutfit.yaml
0.1571428571428571,0.1571428571428571,0.1714285714285714,0.1642857142857142,0.1714285714285714,0.2948183623875948,0.7051816376124052,0.4570674545339062,1.5908843150805931,1.5748865268114949,-15.323956720170068,0.0142857142857142,0.9857142857142858,0.8857142857142857,0.9642857142857144,0.9642857142857144,0.0357142857142857,security_margin,62,25.315596115000066,180.82568653571477,paper_hard_holdoutfit,results/scheme_c_holdout_2026-04-24_rollout_vnext/configs/paper_hard_holdoutfit.yaml
0.0402376298744478,0.0402376298744478,0.1285714285714285,0.1214285714285714,0.1285714285714285,0.7211682794154931,0.278831720584507,1.2509733249178143,0.4905781202451797,0.4888429350915791,-2.8823081412253275,0.0,1.0,1.0,0.9285714285714286,0.95,0.05,security_risk,62,25.32637360199988,180.9026685857134,paper_hard_holdoutfit,results/scheme_c_holdout_2026-04-24_rollout_vnext/configs/paper_hard_holdoutfit.yaml
0.1571428571428571,0.1571428571428571,0.1571428571428571,0.1571428571428571,0.1571428571428571,0.7926711421653713,0.2073288578346287,1.349039499246216,0.4230528768212589,0.4141430265270739,-2.566262662670639,0.0071428571428571,0.9928571428571428,1.0,0.7285714285714285,0.9285714285714286,0.0714285714285714,periodic,63,25.579381729000037,182.7098694928574,paper_hard_holdoutfit,results/scheme_c_holdout_2026-04-24_rollout_vnext/configs/paper_hard_holdoutfit.yaml
0.1571428571428571,0.1571428571428571,0.6142857142857143,0.5785714285714286,0.6142857142857143,0.8990657949352987,0.1009342050647012,1.3402839250993006,0.3283623335046516,0.3255975469379589,-1.593641819920066,0.0142857142857142,0.9857142857142858,0.7285714285714285,0.9071428571428573,0.95,0.05,risk_adaptive_hybrid_rollout,63,276.9096811660001,1977.9262940428584,paper_hard_holdoutfit,results/scheme_c_holdout_2026-04-24_rollout_vnext/configs/paper_hard_holdoutfit.yaml
0.1571428571428571,0.1571428571428571,0.6285714285714286,0.5857142857142857,0.6285714285714286,0.9358445109642132,0.0641554890357867,1.439915397721959,0.1683991048007589,0.1646990367402214,-1.4855326423617337,0.0214285714285714,0.9785714285714284,0.8,0.9285714285714286,0.95,0.05,rollout_joint,63,318.2336328759998,2273.0973776857127,paper_hard_holdoutfit,results/scheme_c_holdout_2026-04-24_rollout_vnext/configs/paper_hard_holdoutfit.yaml
0.1571428571428571,0.1571428571428571,0.1642857142857142,0.1428571428571428,0.1642857142857142,0.3014478177919042,0.6985521822080957,0.5168659483613751,1.5241734448887765,1.5014221092125757,-15.950978815964104,0.0142857142857142,0.9857142857142858,0.9642857142857144,0.9071428571428573,0.95,0.05,security_margin,63,25.45178101800002,181.7984358428573,paper_hard_holdoutfit,results/scheme_c_holdout_2026-04-24_rollout_vnext/configs/paper_hard_holdoutfit.yaml
0.0379117642230279,0.0379117642230279,0.1214285714285714,0.1142857142857142,0.1214285714285714,0.7153781267296893,0.2846218732703107,1.3014662709421088,0.5034982147406626,0.496079101849035,-2.841256634263488,0.0071428571428571,0.9928571428571428,1.0,0.9,0.9357142857142856,0.0642857142857142,security_risk,63,25.304937214000347,180.7495515285739,paper_hard_holdoutfit,results/scheme_c_holdout_2026-04-24_rollout_vnext/configs/paper_hard_holdoutfit.yaml
0.1571428571428571,0.1571428571428571,0.1571428571428571,0.15,0.1571428571428571,0.7980863469495556,0.2019136530504443,1.3579613656106442,0.3394742255247813,0.3347418568635695,-2.6797723822509703,0.0,1.0,1.0,0.8142857142857143,0.9428571428571428,0.0571428571428571,periodic,64,20.639880231000006,147.42771593571433,paper_hard_holdoutfit,results/scheme_c_holdout_2026-04-24_rollout_vnext/configs/paper_hard_holdoutfit.yaml
0.1571428571428571,0.1571428571428571,0.6142857142857143,0.5785714285714286,0.6142857142857143,0.910065476431397,0.089934523568603,1.3727177928328216,0.2981853631561511,0.2949537369111208,-1.4726178490842252,0.0285714285714285,0.9714285714285714,0.6642857142857143,0.95,0.9571428571428572,0.0428571428571428,risk_adaptive_hybrid_rollout,64,280.9733410689996,2006.95243620714,paper_hard_holdoutfit,results/scheme_c_holdout_2026-04-24_rollout_vnext/configs/paper_hard_holdoutfit.yaml
0.1571428571428571,0.1571428571428571,0.6142857142857143,0.5714285714285714,0.6142857142857143,0.8639962086818439,0.1360037913181561,1.3246656837611612,0.441095537731054,0.4385554411651523,-1.6341454213502409,0.0214285714285714,0.9785714285714284,0.6571428571428571,0.9642857142857144,0.9571428571428572,0.0428571428571428,rollout_joint,64,280.5030633760002,2003.593309828573,paper_hard_holdoutfit,results/scheme_c_holdout_2026-04-24_rollout_vnext/configs/paper_hard_holdoutfit.yaml
0.1571428571428571,0.1571428571428571,0.1714285714285714,0.1642857142857142,0.1714285714285714,0.3223511911582604,0.6776488088417395,0.5443708604313066,1.4958277337979138,1.48146487937717,-14.82498455729199,0.0285714285714285,0.9714285714285714,0.9142857142857144,0.9357142857142856,0.9571428571428572,0.0428571428571428,security_margin,64,20.178432222999614,144.13165873571157,paper_hard_holdoutfit,results/scheme_c_holdout_2026-04-24_rollout_vnext/configs/paper_hard_holdoutfit.yaml
0.0370610728606324,0.0370610728606324,0.1214285714285714,0.1142857142857142,0.1214285714285714,0.7247712709328602,0.2752287290671397,1.2990148436968838,0.4691243787511485,0.4666490873122172,-2.848165629217004,0.0,1.0,1.0,0.8928571428571429,0.9357142857142856,0.0642857142857142,security_risk,64,20.423045837000245,145.87889883571603,paper_hard_holdoutfit,results/scheme_c_holdout_2026-04-24_rollout_vnext/configs/paper_hard_holdoutfit.yaml
0.1571428571428571,0.1571428571428571,0.1571428571428571,0.1571428571428571,0.1571428571428571,0.78043347111539,0.21956652888461,1.27534059311034,0.5374119820839539,0.5315378031355984,-2.513358416350952,0.0,1.0,1.0,0.8214285714285714,0.95,0.05,periodic,65,21.04583975600008,150.327426828572,paper_hard_holdoutfit,results/scheme_c_holdout_2026-04-24_rollout_vnext/configs/paper_hard_holdoutfit.yaml
0.1571428571428571,0.1571428571428571,0.6142857142857143,0.5357142857142857,0.6142857142857143,0.9334611456112,0.0665388543887999,1.4307761490290294,0.1737001227196947,0.1707209391395258,-1.5221079297509172,0.0214285714285714,0.9785714285714284,0.7785714285714286,0.9357142857142856,0.95,0.05,risk_adaptive_hybrid_rollout,65,277.4981838440003,1982.1298846000025,paper_hard_holdoutfit,results/scheme_c_holdout_2026-04-24_rollout_vnext/configs/paper_hard_holdoutfit.yaml
0.1571428571428571,0.1571428571428571,0.6214285714285714,0.5571428571428572,0.6214285714285714,0.9098985188036884,0.0901014811963115,1.4099595970104024,0.2621232570545831,0.2584419345338269,-1.553274428739022,0.0214285714285714,0.9785714285714284,0.7857142857142857,0.9571428571428572,0.95,0.05,rollout_joint,65,281.11117031899994,2007.9369308499995,paper_hard_holdoutfit,results/scheme_c_holdout_2026-04-24_rollout_vnext/configs/paper_hard_holdoutfit.yaml
0.1571428571428571,0.1571428571428571,0.1642857142857142,0.1357142857142857,0.1642857142857142,0.3049601486835967,0.6950398513164034,0.5186748416913851,1.512605201455431,1.4942564759227313,-15.818017992603624,0.0142857142857142,0.9857142857142858,0.9714285714285714,0.9,0.95,0.05,security_margin,65,20.281415423,144.86725302142855,paper_hard_holdoutfit,results/scheme_c_holdout_2026-04-24_rollout_vnext/configs/paper_hard_holdoutfit.yaml
0.0332510364066712,0.0332510364066712,0.1142857142857142,0.1142857142857142,0.1142857142857142,0.7399512656268229,0.2600487343731771,1.3028572780523269,0.4428405689686254,0.4403609567922533,-2.788176631299844,0.0,1.0,0.9928571428571428,0.9285714285714286,0.9428571428571428,0.0571428571428571,security_risk,65,20.63633619800021,147.4024014142872,paper_hard_holdoutfit,results/scheme_c_holdout_2026-04-24_rollout_vnext/configs/paper_hard_holdoutfit.yaml
0.1571428571428571,0.1571428571428571,0.1571428571428571,0.15,0.1571428571428571,0.7592854062457483,0.2407145937542518,1.2664975696035097,0.6357318372084625,0.6237391408867716,-2.524367599506065,0.0,1.0,1.0,0.7785714285714286,0.95,0.05,periodic,66,22.19305744400026,158.52183888571614,paper_hard_holdoutfit,results/scheme_c_holdout_2026-04-24_rollout_vnext/configs/paper_hard_holdoutfit.yaml
0.1571428571428571,0.1571428571428571,0.6142857142857143,0.5857142857142857,0.6142857142857143,0.917855652039078,0.082144347960922,1.3661717619161748,0.313973466830148,0.3114655241037837,-1.408614761320849,0.0214285714285714,0.9785714285714284,0.6857142857142857,0.9642857142857144,0.95,0.05,risk_adaptive_hybrid_rollout,66,244.7103942369995,1747.9313874071393,paper_hard_holdoutfit,results/scheme_c_holdout_2026-04-24_rollout_vnext/configs/paper_hard_holdoutfit.yaml
0.1571428571428571,0.1571428571428571,0.6214285714285714,0.5785714285714286,0.6214285714285714,0.8979938321152685,0.1020061678847313,1.3518291381507128,0.3293517562729249,0.3267702532295105,-1.5694420178656714,0.0214285714285714,0.9785714285714284,0.6785714285714286,0.9642857142857144,0.95,0.05,rollout_joint,66,286.3853028220001,2045.6093058714291,paper_hard_holdoutfit,results/scheme_c_holdout_2026-04-24_rollout_vnext/configs/paper_hard_holdoutfit.yaml
0.1558674511121152,0.1558674511121152,0.1642857142857142,0.15,0.1642857142857142,0.298904158029381,0.701095841970619,0.5258954767428281,1.5175267850865752,1.498904885600254,-15.881312568909724,0.0142857142857142,0.9857142857142858,0.9428571428571428,0.9071428571428573,0.95,0.05,security_margin,66,20.85779164399992,148.98422602857084,paper_hard_holdoutfit,results/scheme_c_holdout_2026-04-24_rollout_vnext/configs/paper_hard_holdoutfit.yaml
0.0371245473052666,0.0371245473052666,0.1285714285714285,0.1285714285714285,0.1285714285714285,0.7400856952000053,0.2599143047999947,1.2787600727160109,0.4559547747949173,0.4529093323150245,-2.7738182320561644,0.0,1.0,1.0,0.9214285714285714,0.95,0.05,security_risk,66,21.236098882999613,151.68642059285438,paper_hard_holdoutfit,results/scheme_c_holdout_2026-04-24_rollout_vnext/configs/paper_hard_holdoutfit.yaml
0.1571428571428571,0.1571428571428571,0.1571428571428571,0.1571428571428571,0.1571428571428571,0.7782689749674335,0.2217310250325665,1.2603076290416022,0.5570204595746095,0.5490121808800944,-2.528555472487174,0.0,1.0,1.0,0.7857142857142857,0.9714285714285714,0.0285714285714285,periodic,67,24.26826628799995,173.34475919999963,paper_hard_holdoutfit,results/scheme_c_holdout_2026-04-24_rollout_vnext/configs/paper_hard_holdoutfit.yaml
0.1571428571428571,0.1571428571428571,0.5928571428571429,0.5428571428571428,0.5928571428571429,0.8075106188048898,0.1924893811951103,1.2691750483304134,0.473742685137936,0.4651664349784578,-2.303704196312676,0.0071428571428571,0.9928571428571428,0.8285714285714286,0.9142857142857144,0.9642857142857144,0.0357142857142857,risk_adaptive_hybrid_rollout,67,335.5231094380001,2396.593638842858,paper_hard_holdoutfit,results/scheme_c_holdout_2026-04-24_rollout_vnext/configs/paper_hard_holdoutfit.yaml
0.1571428571428571,0.1571428571428571,0.6071428571428571,0.55,0.6071428571428571,0.9266569326061926,0.0733430673938074,1.4122005307741408,0.1664910085479764,0.1573303401973842,-1.6035378933823632,0.0071428571428571,0.9928571428571428,0.8357142857142857,0.9142857142857144,0.9642857142857144,0.0357142857142857,rollout_joint,67,337.7730276079999,2412.664482914285,paper_hard_holdoutfit,results/scheme_c_holdout_2026-04-24_rollout_vnext/configs/paper_hard_holdoutfit.yaml
0.1571428571428571,0.1571428571428571,0.1642857142857142,0.1428571428571428,0.1642857142857142,0.2723602190683712,0.7276397809316287,0.4628772469303669,1.57433769714523,1.545238547868902,-16.169884627177318,0.0,1.0,0.9357142857142856,0.9357142857142856,0.9642857142857144,0.0357142857142857,security_margin,67,24.85303432600017,177.52167375714407,paper_hard_holdoutfit,results/scheme_c_holdout_2026-04-24_rollout_vnext/configs/paper_hard_holdoutfit.yaml
0.0400557017550247,0.0400557017550247,0.1285714285714285,0.0928571428571428,0.1285714285714285,0.6958422578833398,0.3041577421166602,1.1908096172130886,0.6223246811742744,0.6198262349622685,-2.927443572995825,0.0,1.0,1.0,0.9142857142857144,0.9571428571428572,0.0428571428571428,security_risk,67,25.064930919000066,179.03522085000046,paper_hard_holdoutfit,results/scheme_c_holdout_2026-04-24_rollout_vnext/configs/paper_hard_holdoutfit.yaml
0.1571428571428571,0.1571428571428571,0.1571428571428571,0.1571428571428571,0.1571428571428571,0.7766209113172439,0.2233790886827562,1.2935920631036288,0.5777421824719297,0.5714017227083751,-2.471698547596698,0.0071428571428571,0.9928571428571428,1.0,0.7714285714285715,0.9357142857142856,0.0642857142857142,periodic,68,25.097261624999646,179.26615446428318,paper_hard_holdoutfit,results/scheme_c_holdout_2026-04-24_rollout_vnext/configs/paper_hard_holdoutfit.yaml
0.1571428571428571,0.1571428571428571,0.6142857142857143,0.5857142857142857,0.6142857142857143,0.8735324195546113,0.1264675804453887,1.3433102555678929,0.4107386943929402,0.4037968519944286,-1.6102654659453175,0.0357142857142857,0.9642857142857144,0.6357142857142857,0.95,0.95,0.05,risk_adaptive_hybrid_rollout,68,279.80297386500024,1998.5926704642875,paper_hard_holdoutfit,results/scheme_c_holdout_2026-04-24_rollout_vnext/configs/paper_hard_holdoutfit.yaml
0.1571428571428571,0.1571428571428571,0.6142857142857143,0.5714285714285714,0.6142857142857143,0.9250425215546576,0.0749574784453425,1.4216406887201325,0.2271426396884064,0.2193295039683041,-1.4852094690902378,0.0428571428571428,0.9571428571428572,0.7142857142857143,0.9571428571428572,0.95,0.05,rollout_joint,68,318.40369274299974,2274.312091021427,paper_hard_holdoutfit,results/scheme_c_holdout_2026-04-24_rollout_vnext/configs/paper_hard_holdoutfit.yaml
0.1571428571428571,0.1571428571428571,0.1785714285714285,0.1785714285714285,0.1785714285714285,0.304201663131851,0.695798336868149,0.5162535248183631,1.555659341243171,1.5426536437424443,-14.770900277235617,0.0214285714285714,0.9785714285714284,0.8857142857142857,0.95,0.9571428571428572,0.0428571428571428,security_margin,68,25.230215821,180.21582729285717,paper_hard_holdoutfit,results/scheme_c_holdout_2026-04-24_rollout_vnext/configs/paper_hard_holdoutfit.yaml
0.0389591636936232,0.0389591636936232,0.1285714285714285,0.1142857142857142,0.1285714285714285,0.7044514272491875,0.2955485727508124,1.2754331749529346,0.549126269919206,0.5413447290437741,-2.8551578329308014,0.0,1.0,1.0,0.8714285714285714,0.9357142857142856,0.0642857142857142,security_risk,68,25.318044371999804,180.8431740857129,paper_hard_holdoutfit,results/scheme_c_holdout_2026-04-24_rollout_vnext/configs/paper_hard_holdoutfit.yaml
0.1571428571428571,0.1571428571428571,0.1571428571428571,0.1357142857142857,0.1571428571428571,0.7639365182017813,0.2360634817982187,1.285213567995266,0.4851921779740377,0.4786004033657383,-2.719937084321148,0.0,1.0,1.0,0.7928571428571428,0.95,0.05,periodic,69,19.753574540000045,141.0969610000003,paper_hard_holdoutfit,results/scheme_c_holdout_2026-04-24_rollout_vnext/configs/paper_hard_holdoutfit.yaml
0.1571428571428571,0.1571428571428571,0.6142857142857143,0.5785714285714286,0.6142857142857143,0.8973542260261371,0.1026457739738628,1.3945028574605574,0.258008771528494,0.2504515617638214,-1.665184542668141,0.0285714285714285,0.9714285714285714,0.7428571428571429,0.9071428571428573,0.9428571428571428,0.0571428571428571,risk_adaptive_hybrid_rollout,69,274.8977279129999,1963.555199378571,paper_hard_holdoutfit,results/scheme_c_holdout_2026-04-24_rollout_vnext/configs/paper_hard_holdoutfit.yaml
0.1571428571428571,0.1571428571428571,0.6142857142857143,0.5785714285714286,0.6142857142857143,0.926771922297216,0.0732280777027839,1.4406703220518031,0.2000985135758647,0.1928577315157988,-1.495279605608125,0.05,0.95,0.7357142857142858,0.8857142857142857,0.9428571428571428,0.0571428571428571,rollout_joint,69,284.28293235,2030.5923739285715,paper_hard_holdoutfit,results/scheme_c_holdout_2026-04-24_rollout_vnext/configs/paper_hard_holdoutfit.yaml
0.1571428571428571,0.1571428571428571,0.1714285714285714,0.1571428571428571,0.1714285714285714,0.3007776668213999,0.6992223331786003,0.560330882287865,1.4879368937704405,1.4741949083143489,-15.27519867203901,0.0285714285714285,0.9714285714285714,0.9357142857142856,0.9071428571428573,0.9428571428571428,0.0571428571428571,security_margin,69,21.00873179400014,150.06236995714386,paper_hard_holdoutfit,results/scheme_c_holdout_2026-04-24_rollout_vnext/configs/paper_hard_holdoutfit.yaml
0.037291931399805,0.037291931399805,0.1285714285714285,0.1,0.1285714285714285,0.7360967442339669,0.2639032557660331,1.2598126118383914,0.4918906006268531,0.4811600011745934,-2.8315435986201423,0.0,1.0,1.0,0.8071428571428572,0.9357142857142856,0.0642857142857142,security_risk,69,19.82322668100005,141.5944762928575,paper_hard_holdoutfit,results/scheme_c_holdout_2026-04-24_rollout_vnext/configs/paper_hard_holdoutfit.yaml
0.1571428571428571,0.1571428571428571,0.1571428571428571,0.15,0.1571428571428571,0.777764331054171,0.222235668945829,1.2963846677888855,0.5216590815217172,0.5105130836804201,-2.561808525076798,0.0,1.0,1.0,0.7357142857142858,0.9428571428571428,0.0571428571428571,periodic,70,20.00572434700007,142.8980310500005,paper_hard_holdoutfit,results/scheme_c_holdout_2026-04-24_rollout_vnext/configs/paper_hard_holdoutfit.yaml
0.1571428571428571,0.1571428571428571,0.6285714285714286,0.5857142857142857,0.6285714285714286,0.8898240233842039,0.1101759766157961,1.368594758177165,0.3172427503256796,0.3147168468650324,-1.6327045111080047,0.0357142857142857,0.9642857142857144,0.7285714285714285,0.9571428571428572,0.9857142857142858,0.0142857142857142,risk_adaptive_hybrid_rollout,70,282.89491373099963,2020.677955221426,paper_hard_holdoutfit,results/scheme_c_holdout_2026-04-24_rollout_vnext/configs/paper_hard_holdoutfit.yaml
0.1571428571428571,0.1571428571428571,0.6285714285714286,0.5785714285714286,0.6285714285714286,0.9305091147855864,0.0694908852144136,1.4136445012451275,0.1831058074153006,0.1810858962764835,-1.5105727104867828,0.0285714285714285,0.9714285714285714,0.7285714285714285,0.9571428571428572,0.9785714285714284,0.0214285714285714,rollout_joint,70,274.262145358,1959.0153239857143,paper_hard_holdoutfit,results/scheme_c_holdout_2026-04-24_rollout_vnext/configs/paper_hard_holdoutfit.yaml
0.1571428571428571,0.1571428571428571,0.1785714285714285,0.1785714285714285,0.1785714285714285,0.3038231259281449,0.696176874071855,0.464453624685101,1.5976391184662566,1.5854476618480102,-15.070333392353987,0.0142857142857142,0.9857142857142858,0.85,0.9714285714285714,0.9785714285714284,0.0214285714285714,security_margin,70,20.07539921100033,143.39570865000238,paper_hard_holdoutfit,results/scheme_c_holdout_2026-04-24_rollout_vnext/configs/paper_hard_holdoutfit.yaml
0.0388162240152338,0.0388162240152338,0.1285714285714285,0.1142857142857142,0.1285714285714285,0.7159033215741919,0.284096678425808,1.2194328305763695,0.5953382163689034,0.5893662773709716,-2.8299694218956275,0.0,1.0,1.0,0.8642857142857143,0.9357142857142856,0.0642857142857142,security_risk,70,20.017924990999745,142.98517850714103,paper_hard_holdoutfit,results/scheme_c_holdout_2026-04-24_rollout_vnext/configs/paper_hard_holdoutfit.yaml
0.1571428571428571,0.1571428571428571,0.1571428571428571,0.1428571428571428,0.1571428571428571,0.7904641225239318,0.209535877476068,1.2978632592412347,0.4077142462072937,0.4001489277787092,-2.7164900944476424,0.0,1.0,1.0,0.8142857142857143,0.95,0.05,periodic,71,19.68939723200037,140.63855165714554,paper_hard_holdoutfit,results/scheme_c_holdout_2026-04-24_rollout_vnext/configs/paper_hard_holdoutfit.yaml
0.1571428571428571,0.1571428571428571,0.6214285714285714,0.5785714285714286,0.6214285714285714,0.85555702673896,0.14444297326104,1.289477974884046,0.4744814150900983,0.472834279481084,-1.7435253176539878,0.0142857142857142,0.9857142857142858,0.6642857142857143,0.9642857142857144,0.9642857142857144,0.0357142857142857,risk_adaptive_hybrid_rollout,71,255.55120448599973,1825.3657463285697,paper_hard_holdoutfit,results/scheme_c_holdout_2026-04-24_rollout_vnext/configs/paper_hard_holdoutfit.yaml
0.1571428571428571,0.1571428571428571,0.6285714285714286,0.5857142857142857,0.6285714285714286,0.9077027255943192,0.0922972744056808,1.3781901461743822,0.2999960958691163,0.2983684970726166,-1.498518359843391,0.0142857142857142,0.9857142857142858,0.6714285714285714,0.9785714285714284,0.9642857142857144,0.0357142857142857,rollout_joint,71,276.0037120630004,1971.4550861642888,paper_hard_holdoutfit,results/scheme_c_holdout_2026-04-24_rollout_vnext/configs/paper_hard_holdoutfit.yaml
0.1571428571428571,0.1571428571428571,0.1714285714285714,0.15,0.1714285714285714,0.2910095050553856,0.7089904949446145,0.6537420733109817,1.8250238021492775,1.810555627570064,-14.73228123306954,0.0214285714285714,0.9785714285714284,0.9285714285714286,0.9071428571428573,0.9642857142857144,0.0357142857142857,security_margin,71,20.47738071100048,146.26700507857484,paper_hard_holdoutfit,results/scheme_c_holdout_2026-04-24_rollout_vnext/configs/paper_hard_holdoutfit.yaml
0.0386753145746859,0.0386753145746859,0.1285714285714285,0.1214285714285714,0.1285714285714285,0.7322822125430256,0.2677177874569745,1.281635758761961,0.4532741855512258,0.4480403669172209,-2.8551254277271263,0.0,1.0,1.0,0.8785714285714286,0.95,0.05,security_risk,71,21.166778281000006,151.19127343571432,paper_hard_holdoutfit,results/scheme_c_holdout_2026-04-24_rollout_vnext/configs/paper_hard_holdoutfit.yaml
0.1571428571428571,0.1571428571428571,0.1571428571428571,0.15,0.1571428571428571,0.7625916804849312,0.2374083195150688,1.272343981132259,0.6356696568230098,0.6238304829067391,-2.4812543617078964,0.0,1.0,1.0,0.7357142857142858,0.95,0.05,periodic,72,24.60330755399991,175.73791109999937,paper_hard_holdoutfit,results/scheme_c_holdout_2026-04-24_rollout_vnext/configs/paper_hard_holdoutfit.yaml
0.1571428571428571,0.1571428571428571,0.6071428571428571,0.5785714285714286,0.6071428571428571,0.9038166499119464,0.0961833500880535,1.353188523804027,0.3456018288990934,0.3369058731184751,-1.451088385907148,0.0214285714285714,0.9785714285714284,0.6428571428571429,0.9571428571428572,0.9571428571428572,0.0428571428571428,risk_adaptive_hybrid_rollout,72,347.37987539400024,2481.284824242859,paper_hard_holdoutfit,results/scheme_c_holdout_2026-04-24_rollout_vnext/configs/paper_hard_holdoutfit.yaml
0.1571428571428571,0.1571428571428571,0.6142857142857143,0.5857142857142857,0.6142857142857143,0.8946443216142587,0.1053556783857413,1.3258395622357246,0.3819716638462643,0.3730975357580047,-1.4897862115703655,0.0214285714285714,0.9785714285714284,0.6214285714285714,0.9714285714285714,0.9571428571428572,0.0428571428571428,rollout_joint,72,340.3194473430001,2430.853195307144,paper_hard_holdoutfit,results/scheme_c_holdout_2026-04-24_rollout_vnext/configs/paper_hard_holdoutfit.yaml
0.1571428571428571,0.1571428571428571,0.1714285714285714,0.1642857142857142,0.1714285714285714,0.2913558675904994,0.7086441324095005,0.5043868146013777,1.543759938282627,1.5176434470231708,-15.700596321035489,0.0142857142857142,0.9857142857142858,0.8928571428571429,0.9285714285714286,0.9571428571428572,0.0428571428571428,security_margin,72,25.14127194699995,179.5805139071425,paper_hard_holdoutfit,results/scheme_c_holdout_2026-04-24_rollout_vnext/configs/paper_hard_holdoutfit.yaml
0.0396738942692639,0.0396738942692639,0.1285714285714285,0.1142857142857142,0.1285714285714285,0.7223813348999139,0.2776186651000863,1.2375689720695784,0.5473127480160204,0.5431600169360152,-2.8669398700922284,0.0,1.0,1.0,0.9071428571428573,0.95,0.05,security_risk,72,25.151857097999937,179.65612212857096,paper_hard_holdoutfit,results/scheme_c_holdout_2026-04-24_rollout_vnext/configs/paper_hard_holdoutfit.yaml
0.1571428571428571,0.1571428571428571,0.1571428571428571,0.1428571428571428,0.1571428571428571,0.7793244089137901,0.22067559108621,1.2602819620333563,0.525501025802912,0.5208388098548944,-2.607862910657263,0.0,1.0,1.0,0.85,0.9642857142857144,0.0357142857142857,periodic,73,25.50611650100018,182.1865464357156,paper_hard_holdoutfit,results/scheme_c_holdout_2026-04-24_rollout_vnext/configs/paper_hard_holdoutfit.yaml
0.1571428571428571,0.1571428571428571,0.6285714285714286,0.5857142857142857,0.6285714285714286,0.9152555815339456,0.0847444184660544,1.3617988906428642,0.2974000440972835,0.2970522659319751,-1.4641391523176588,0.0214285714285714,0.9785714285714284,0.6142857142857143,0.9571428571428572,0.9714285714285714,0.0285714285714285,risk_adaptive_hybrid_rollout,73,290.7205871309998,2076.5756223642843,paper_hard_holdoutfit,results/scheme_c_holdout_2026-04-24_rollout_vnext/configs/paper_hard_holdoutfit.yaml
0.1571428571428571,0.1571428571428571,0.6285714285714286,0.5928571428571429,0.6285714285714286,0.9108255425103052,0.0891744574896948,1.3868051881401364,0.3060354219064136,0.3059366705111778,-1.4626856485412056,0.0285714285714285,0.9714285714285714,0.6285714285714286,0.9857142857142858,0.9642857142857144,0.0357142857142857,rollout_joint,73,325.28522976600016,2323.4659269000013,paper_hard_holdoutfit,results/scheme_c_holdout_2026-04-24_rollout_vnext/configs/paper_hard_holdoutfit.yaml
0.1571428571428571,0.1571428571428571,0.2,0.1928571428571428,0.2,0.3258890698068554,0.6741109301931447,0.5105794723924569,1.560937805087678,1.5518465653559788,-14.215610553769803,0.0142857142857142,0.9857142857142858,0.8214285714285714,0.9714285714285714,0.9642857142857144,0.0357142857142857,security_margin,73,25.3739100429998,181.24221459285567,paper_hard_holdoutfit,results/scheme_c_holdout_2026-04-24_rollout_vnext/configs/paper_hard_holdoutfit.yaml
0.0385201242046166,0.0385201242046166,0.1285714285714285,0.1285714285714285,0.1285714285714285,0.7370081903348517,0.2629918096651484,1.270959547871825,0.4550255828330088,0.4538586269161015,-2.8146896689479184,0.0,1.0,1.0,0.95,0.95,0.05,security_risk,73,24.832898535000368,177.37784667857406,paper_hard_holdoutfit,results/scheme_c_holdout_2026-04-24_rollout_vnext/configs/paper_hard_holdoutfit.yaml
0.1571428571428571,0.1571428571428571,0.1571428571428571,0.1428571428571428,0.1571428571428571,0.7610570655272427,0.2389429344727571,1.2996864105190522,0.6074855639234958,0.5987309363299175,-2.534045332398944,0.0071428571428571,0.9928571428571428,1.0,0.7357142857142858,0.9357142857142856,0.0642857142857142,periodic,74,20.36299937900003,145.44999556428593,paper_hard_holdoutfit,results/scheme_c_holdout_2026-04-24_rollout_vnext/configs/paper_hard_holdoutfit.yaml
0.1571428571428571,0.1571428571428571,0.6071428571428571,0.5571428571428572,0.6071428571428571,0.8842427386780591,0.1157572613219407,1.3999920714183158,0.3148367590316605,0.3067928436299809,-1.664373069863476,0.0214285714285714,0.9785714285714284,0.7428571428571429,0.9285714285714286,0.95,0.05,risk_adaptive_hybrid_rollout,74,279.6624168919998,1997.5886920857129,paper_hard_holdoutfit,results/scheme_c_holdout_2026-04-24_rollout_vnext/configs/paper_hard_holdoutfit.yaml
0.1571428571428571,0.1571428571428571,0.6142857142857143,0.5714285714285714,0.6142857142857143,0.9308451464560678,0.0691548535439322,1.4442569584571392,0.1664243079666039,0.1583486868239031,-1.5286332368828937,0.0214285714285714,0.9785714285714284,0.7714285714285715,0.9214285714285714,0.95,0.05,rollout_joint,74,281.2267062609999,2008.7621875785708,paper_hard_holdoutfit,results/scheme_c_holdout_2026-04-24_rollout_vnext/configs/paper_hard_holdoutfit.yaml
0.1571428571428571,0.1571428571428571,0.1714285714285714,0.1642857142857142,0.1714285714285714,0.2876503784397407,0.7123496215602594,0.5194652468955808,1.5253866578527078,1.4962910753650056,-15.597062367114503,0.0142857142857142,0.9857142857142858,0.9142857142857144,0.9357142857142856,0.9428571428571428,0.0571428571428571,security_margin,74,22.20920543400007,158.63718167142906,paper_hard_holdoutfit,results/scheme_c_holdout_2026-04-24_rollout_vnext/configs/paper_hard_holdoutfit.yaml
0.0401138105610353,0.0401138105610353,0.1357142857142857,0.1214285714285714,0.1357142857142857,0.7265507512588129,0.273449248741187,1.279647964518324,0.4826327819923706,0.4783609564353849,-2.839549070531151,0.0,1.0,1.0,0.9,0.9428571428571428,0.0571428571428571,security_risk,74,20.808192640000016,148.62994742857154,paper_hard_holdoutfit,results/scheme_c_holdout_2026-04-24_rollout_vnext/configs/paper_hard_holdoutfit.yaml
0.1571428571428571,0.1571428571428571,0.1571428571428571,0.1571428571428571,0.1571428571428571,0.7853444017451396,0.2146555982548603,1.29777188068605,0.4757635511636289,0.4676124457799034,-2.5775156898743004,0.0,1.0,1.0,0.7928571428571428,0.95,0.05,periodic,75,21.197335974,151.40954267142857,paper_hard_holdoutfit,results/scheme_c_holdout_2026-04-24_rollout_vnext/configs/paper_hard_holdoutfit.yaml
0.1571428571428571,0.1571428571428571,0.5714285714285714,0.5285714285714286,0.5714285714285714,0.8329376645463586,0.1670623354536414,1.317479652628845,0.4098640929042716,0.4035965085630543,-2.035046345784962,0.0357142857142857,0.9642857142857144,0.7071428571428572,0.8714285714285714,0.95,0.05,risk_adaptive_hybrid_rollout,75,275.0258014590004,1964.4700104214317,paper_hard_holdoutfit,results/scheme_c_holdout_2026-04-24_rollout_vnext/configs/paper_hard_holdoutfit.yaml
0.1571428571428571,0.1571428571428571,0.6285714285714286,0.5928571428571429,0.6285714285714286,0.9174362885946372,0.0825637114053625,1.4051700418848876,0.2569836912056889,0.2558230306529572,-1.5057867012940125,0.0357142857142857,0.9642857142857144,0.75,0.9428571428571428,0.95,0.05,rollout_joint,75,292.19598998699985,2087.114214192856,paper_hard_holdoutfit,results/scheme_c_holdout_2026-04-24_rollout_vnext/configs/paper_hard_holdoutfit.yaml
0.1571428571428571,0.1571428571428571,0.1642857142857142,0.15,0.1642857142857142,0.3156717944995169,0.684328205500483,0.5689232935216418,1.480854641965544,1.4603920575749472,-15.325929168016716,0.0285714285714285,0.9714285714285714,0.9428571428571428,0.9142857142857144,0.9571428571428572,0.0428571428571428,security_margin,75,21.318685664999972,152.27632617857125,paper_hard_holdoutfit,results/scheme_c_holdout_2026-04-24_rollout_vnext/configs/paper_hard_holdoutfit.yaml
0.0376538957096509,0.0376538957096509,0.1214285714285714,0.1142857142857142,0.1214285714285714,0.7292205463439363,0.2707794536560637,1.2654044613672226,0.4754650853477553,0.4699137407328952,-2.8387788277437007,0.0,1.0,1.0,0.85,0.95,0.05,security_risk,75,21.50078682899993,153.57704877857097,paper_hard_holdoutfit,results/scheme_c_holdout_2026-04-24_rollout_vnext/configs/paper_hard_holdoutfit.yaml
0.1571428571428571,0.1571428571428571,0.1571428571428571,0.15,0.1571428571428571,0.7812313363956006,0.2187686636043992,1.3217418692996663,0.4588196174409819,0.4424398405748506,-2.5965128180873,0.0071428571428571,0.9928571428571428,1.0,0.7928571428571428,0.9428571428571428,0.0571428571428571,periodic,76,21.57572740500018,154.11233860714415,paper_hard_holdoutfit,results/scheme_c_holdout_2026-04-24_rollout_vnext/configs/paper_hard_holdoutfit.yaml
0.1571428571428571,0.1571428571428571,0.6142857142857143,0.5785714285714286,0.6142857142857143,0.9240825754895724,0.0759174245104277,1.4309352243978255,0.252483068108379,0.2469820655860986,-1.4253174512757958,0.0214285714285714,0.9785714285714284,0.6714285714285714,0.9357142857142856,0.9428571428571428,0.0571428571428571,risk_adaptive_hybrid_rollout,76,239.4296676739996,1710.2119119571398,paper_hard_holdoutfit,results/scheme_c_holdout_2026-04-24_rollout_vnext/configs/paper_hard_holdoutfit.yaml
0.1571428571428571,0.1571428571428571,0.6214285714285714,0.5857142857142857,0.6214285714285714,0.927319787922826,0.072680212077174,1.446938737032714,0.2419567728600105,0.2365820097565195,-1.4000852307178122,0.0214285714285714,0.9785714285714284,0.6857142857142857,0.9714285714285714,0.9357142857142856,0.0642857142857142,rollout_joint,76,294.75016509599936,2105.358322114281,paper_hard_holdoutfit,results/scheme_c_holdout_2026-04-24_rollout_vnext/configs/paper_hard_holdoutfit.yaml
0.1571428571428571,0.1571428571428571,0.1857142857142857,0.1785714285714285,0.1857142857142857,0.3036951516024382,0.6963048483975616,0.5485307681520479,1.523914183583007,1.5051091508587424,-14.730452578385204,0.0142857142857142,0.9857142857142858,0.9,0.9357142857142856,0.9357142857142856,0.0642857142857142,security_margin,76,21.01919384899975,150.13709892142677,paper_hard_holdoutfit,results/scheme_c_holdout_2026-04-24_rollout_vnext/configs/paper_hard_holdoutfit.yaml
0.0375336280145669,0.0375336280145669,0.1285714285714285,0.1285714285714285,0.1285714285714285,0.7424271987119113,0.2575728012880888,1.328224241088232,0.4173569985536814,0.4110567952044055,-2.824923333094591,0.0,1.0,1.0,0.8714285714285714,0.9357142857142856,0.0642857142857142,security_risk,76,22.060638152000134,157.57598680000098,paper_hard_holdoutfit,results/scheme_c_holdout_2026-04-24_rollout_vnext/configs/paper_hard_holdoutfit.yaml
0.1571428571428571,0.1571428571428571,0.1571428571428571,0.1428571428571428,0.1571428571428571,0.7707356418638824,0.2292643581361176,1.2826209619135236,0.487643508756651,0.4789315169601957,-2.660585136631726,0.0,1.0,1.0,0.7428571428571429,0.9571428571428572,0.0428571428571428,periodic,77,23.552415997000026,168.23154283571446,paper_hard_holdoutfit,results/scheme_c_holdout_2026-04-24_rollout_vnext/configs/paper_hard_holdoutfit.yaml
0.1571428571428571,0.1571428571428571,0.6142857142857143,0.5785714285714286,0.6142857142857143,0.913552064804802,0.086447935195198,1.3779357998494568,0.2514333686917404,0.2450379978141457,-1.5668248753466865,0.0285714285714285,0.9714285714285714,0.7071428571428572,0.9571428571428572,0.9571428571428572,0.0428571428571428,risk_adaptive_hybrid_rollout,77,332.476595485,2374.832824892857,paper_hard_holdoutfit,results/scheme_c_holdout_2026-04-24_rollout_vnext/configs/paper_hard_holdoutfit.yaml
0.1571428571428571,0.1571428571428571,0.6285714285714286,0.5785714285714286,0.6285714285714286,0.9182991542550184,0.0817008457449816,1.3981274339884882,0.2769061271012922,0.2769061271012922,-1.4385599290554043,0.0428571428571428,0.9571428571428572,0.6428571428571429,1.0,0.9571428571428572,0.0428571428571428,rollout_joint,77,338.64169267499983,2418.869233392856,paper_hard_holdoutfit,results/scheme_c_holdout_2026-04-24_rollout_vnext/configs/paper_hard_holdoutfit.yaml
0.1571428571428571,0.1571428571428571,0.1714285714285714,0.1714285714285714,0.1714285714285714,0.319654148221183,0.680345851778817,0.5383272901304476,1.520692873054798,1.5074000532525336,-14.750520400996756,0.0285714285714285,0.9714285714285714,0.9,0.95,0.9571428571428572,0.0428571428571428,security_margin,77,24.18090062400006,172.72071874285757,paper_hard_holdoutfit,results/scheme_c_holdout_2026-04-24_rollout_vnext/configs/paper_hard_holdoutfit.yaml
0.0356539991681581,0.0356539991681581,0.1214285714285714,0.1142857142857142,0.1214285714285714,0.7396732392261965,0.2603267607738034,1.2815867434024,0.4319645722534207,0.4288007442273161,-2.80204281224164,0.0,1.0,1.0,0.8714285714285714,0.95,0.05,security_risk,77,24.408075159999957,174.34339399999968,paper_hard_holdoutfit,results/scheme_c_holdout_2026-04-24_rollout_vnext/configs/paper_hard_holdoutfit.yaml
0.1571428571428571,0.1571428571428571,0.1571428571428571,0.1428571428571428,0.1571428571428571,0.7437139907476277,0.2562860092523724,1.2673936614369803,0.6540506887731296,0.639452378002275,-2.794839996670175,0.0071428571428571,0.9928571428571428,1.0,0.8071428571428572,0.9285714285714286,0.0714285714285714,periodic,78,24.391838389999972,174.2274170714284,paper_hard_holdoutfit,results/scheme_c_holdout_2026-04-24_rollout_vnext/configs/paper_hard_holdoutfit.yaml
0.1571428571428571,0.1571428571428571,0.6142857142857143,0.5928571428571429,0.6142857142857143,0.8928938995892779,0.107106100410722,1.3250388975585246,0.4044320708068407,0.3983559251938643,-1.4727174287035878,0.0357142857142857,0.9642857142857144,0.5857142857142857,0.9714285714285714,0.95,0.05,risk_adaptive_hybrid_rollout,78,270.901843054,1935.0131646714285,paper_hard_holdoutfit,results/scheme_c_holdout_2026-04-24_rollout_vnext/configs/paper_hard_holdoutfit.yaml
0.1571428571428571,0.1571428571428571,0.6214285714285714,0.6071428571428571,0.6214285714285714,0.8854131144402273,0.1145868855597727,1.363694897420407,0.3998928341425293,0.3918138442199081,-1.4851473861829323,0.0357142857142857,0.9642857142857144,0.6071428571428571,0.9357142857142856,0.95,0.05,rollout_joint,78,315.46602675500026,2253.328762535716,paper_hard_holdoutfit,results/scheme_c_holdout_2026-04-24_rollout_vnext/configs/paper_hard_holdoutfit.yaml
0.1571428571428571,0.1571428571428571,0.1857142857142857,0.1857142857142857,0.1857142857142857,0.3105545607695741,0.689445439230426,0.5362275101360646,1.531652491860957,1.5191861757090337,-14.331092074180486,0.0285714285714285,0.9714285714285714,0.8714285714285714,0.9642857142857144,0.9571428571428572,0.0428571428571428,security_margin,78,24.65475086599963,176.1053633285688,paper_hard_holdoutfit,results/scheme_c_holdout_2026-04-24_rollout_vnext/configs/paper_hard_holdoutfit.yaml
0.0372932016686484,0.0372932016686484,0.1285714285714285,0.1285714285714285,0.1285714285714285,0.7464775857034598,0.2535224142965402,1.336752271933642,0.4232000904259887,0.4118297984423266,-2.765853104987383,0.0,1.0,1.0,0.8285714285714286,0.9285714285714286,0.0714285714285714,security_risk,78,24.745977317000325,176.7569808357166,paper_hard_holdoutfit,results/scheme_c_holdout_2026-04-24_rollout_vnext/configs/paper_hard_holdoutfit.yaml
0.1571428571428571,0.1571428571428571,0.1571428571428571,0.15,0.1571428571428571,0.7718861279190995,0.2281138720809003,1.287978841470519,0.5186981980551111,0.5114356856660449,-2.585881775009707,0.0,1.0,1.0,0.7642857142857142,0.95,0.05,periodic,79,19.92986482299966,142.35617730714043,paper_hard_holdoutfit,results/scheme_c_holdout_2026-04-24_rollout_vnext/configs/paper_hard_holdoutfit.yaml
0.1571428571428571,0.1571428571428571,0.6,0.5571428571428572,0.6,0.8944955977869016,0.1055044022130985,1.3922243356424917,0.2419696451601167,0.2237894299851309,-1.7167470065629644,0.0285714285714285,0.9714285714285714,0.7428571428571429,0.9214285714285714,0.9642857142857144,0.0357142857142857,risk_adaptive_hybrid_rollout,79,268.72615781800005,1919.4725558428577,paper_hard_holdoutfit,results/scheme_c_holdout_2026-04-24_rollout_vnext/configs/paper_hard_holdoutfit.yaml
0.1571428571428571,0.1571428571428571,0.6142857142857143,0.5857142857142857,0.6142857142857143,0.9048953274828044,0.0951046725171957,1.39307976580226,0.2849425936232194,0.2801208850294581,-1.5510685718290065,0.0357142857142857,0.9642857142857144,0.7285714285714285,0.9357142857142856,0.9642857142857144,0.0357142857142857,rollout_joint,79,270.792289169,1934.2306369214289,paper_hard_holdoutfit,results/scheme_c_holdout_2026-04-24_rollout_vnext/configs/paper_hard_holdoutfit.yaml
0.1571428571428571,0.1571428571428571,0.2,0.2,0.2,0.3216206244296935,0.6783793755703065,0.5009204301205912,1.5716817639803131,1.5637641695526403,-14.144306170658476,0.0142857142857142,0.9857142857142858,0.8214285714285714,0.9785714285714284,0.9642857142857144,0.0357142857142857,security_margin,79,20.520948296999904,146.5782021214279,paper_hard_holdoutfit,results/scheme_c_holdout_2026-04-24_rollout_vnext/configs/paper_hard_holdoutfit.yaml
0.0368315998131428,0.0368315998131428,0.1214285714285714,0.1214285714285714,0.1214285714285714,0.7352875622900034,0.2647124377099966,1.2932135359038466,0.4439492630919576,0.4399006121264878,-2.8075044466165795,0.0,1.0,1.0,0.85,0.9428571428571428,0.0571428571428571,security_risk,79,19.960257244999863,142.57326603571332,paper_hard_holdoutfit,results/scheme_c_holdout_2026-04-24_rollout_vnext/configs/paper_hard_holdoutfit.yaml
0.1571428571428571,0.1571428571428571,0.1571428571428571,0.15,0.1571428571428571,0.7922863597741219,0.2077136402258782,1.313165927105503,0.3938317835241313,0.3870491136425012,-2.671441852733447,0.0,1.0,1.0,0.8,0.95,0.05,periodic,80,19.72317202899967,140.8798002071405,paper_hard_holdoutfit,results/scheme_c_holdout_2026-04-24_rollout_vnext/configs/paper_hard_holdoutfit.yaml
0.1571428571428571,0.1571428571428571,0.6142857142857143,0.5785714285714286,0.6142857142857143,0.9049801512549248,0.095019848745075,1.3996558339792835,0.2991047586188385,0.2925369278944117,-1.4980239227134604,0.0214285714285714,0.9785714285714284,0.6642857142857143,0.9142857142857144,0.9428571428571428,0.0571428571428571,risk_adaptive_hybrid_rollout,80,267.5857691299998,1911.3269223571413,paper_hard_holdoutfit,results/scheme_c_holdout_2026-04-24_rollout_vnext/configs/paper_hard_holdoutfit.yaml
0.1571428571428571,0.1571428571428571,0.6214285714285714,0.6071428571428571,0.6214285714285714,0.925046779611827,0.0749532203881728,1.4275824622798758,0.230371532126751,0.2220680861247315,-1.4414622519334952,0.0214285714285714,0.9785714285714284,0.6642857142857143,0.9142857142857144,0.9428571428571428,0.0571428571428571,rollout_joint,80,268.6762660249997,1919.116185892855,paper_hard_holdoutfit,results/scheme_c_holdout_2026-04-24_rollout_vnext/configs/paper_hard_holdoutfit.yaml
0.1571428571428571,0.1571428571428571,0.1857142857142857,0.1785714285714285,0.1857142857142857,0.3034929567667113,0.6965070432332888,0.5501224601614643,1.5124405613683454,1.4949695317135707,-15.152482713843412,0.0142857142857142,0.9857142857142858,0.8785714285714286,0.9428571428571428,0.9428571428571428,0.0571428571428571,security_margin,80,19.6071142310002,140.0508159357157,paper_hard_holdoutfit,results/scheme_c_holdout_2026-04-24_rollout_vnext/configs/paper_hard_holdoutfit.yaml
0.0359338571532846,0.0359338571532846,0.1214285714285714,0.1142857142857142,0.1214285714285714,0.7400083412719212,0.2599916587280788,1.3038176047692822,0.4306183873191805,0.4272784034566673,-2.7974892905397017,0.0,1.0,1.0,0.8714285714285714,0.95,0.05,security_risk,80,19.33881102400028,138.13436445714484,paper_hard_holdoutfit,results/scheme_c_holdout_2026-04-24_rollout_vnext/configs/paper_hard_holdoutfit.yaml
0.1571428571428571,0.1571428571428571,0.1571428571428571,0.1357142857142857,0.1571428571428571,0.7662924253940121,0.2337075746059879,1.3075009597278358,0.4972554283231521,0.483192561259902,-2.6882161189500664,0.0,1.0,1.0,0.6785714285714286,0.95,0.05,periodic,81,19.94293745800041,142.44955327143154,paper_hard_holdoutfit,results/scheme_c_holdout_2026-04-24_rollout_vnext/configs/paper_hard_holdoutfit.yaml
0.1571428571428571,0.1571428571428571,0.6142857142857143,0.55,0.6142857142857143,0.9059701891229576,0.0940298108770423,1.4069423359363336,0.2875065077058564,0.2836071655757253,-1.526858463258306,0.0214285714285714,0.9785714285714284,0.7428571428571429,0.95,0.95,0.05,risk_adaptive_hybrid_rollout,81,249.6109999930004,1782.9357142357171,paper_hard_holdoutfit,results/scheme_c_holdout_2026-04-24_rollout_vnext/configs/paper_hard_holdoutfit.yaml
0.1571428571428571,0.1571428571428571,0.6214285714285714,0.5571428571428572,0.6214285714285714,0.9252754861162832,0.0747245138837169,1.4353419217293784,0.2133870890239411,0.2089721982080523,-1.4903796674711531,0.0142857142857142,0.9857142857142858,0.7571428571428571,0.9357142857142856,0.95,0.05,rollout_joint,81,270.9241339979999,1935.1723856999995,paper_hard_holdoutfit,results/scheme_c_holdout_2026-04-24_rollout_vnext/configs/paper_hard_holdoutfit.yaml
0.1562633699044099,0.1562633699044099,0.1642857142857142,0.1428571428571428,0.1642857142857142,0.3049119882232673,0.6950880117767326,0.5235680002168355,1.5229180549243784,1.48948591808234,-15.651593986504954,0.0142857142857142,0.9857142857142858,0.9642857142857144,0.8857142857142857,0.95,0.05,security_margin,81,20.44734648899976,146.05247492142684,paper_hard_holdoutfit,results/scheme_c_holdout_2026-04-24_rollout_vnext/configs/paper_hard_holdoutfit.yaml
0.0354571328044511,0.0354571328044511,0.1214285714285714,0.1071428571428571,0.1214285714285714,0.7246431217531046,0.2753568782468954,1.2822136832112234,0.4863536313119908,0.4798850914939891,-2.8072539437880963,0.0,1.0,1.0,0.8642857142857143,0.9357142857142856,0.0642857142857142,security_risk,81,19.746003095999185,141.04287925713703,paper_hard_holdoutfit,results/scheme_c_holdout_2026-04-24_rollout_vnext/configs/paper_hard_holdoutfit.yaml
0.11875,0.11875,0.11875,0.11875,0.11875,0.6748669603622319,0.325133039637768,1.001218878818321,0.8797775458303537,0.8718816882320247,-3.794564539848266,0.0,1.0,1.0,0.85625,1.0,0.0,periodic,62,27.487200478999966,171.7950029937498,scenario_stress_holdoutfit,results/scheme_c_holdout_2026-04-24_rollout_vnext/configs/scenario_stress_holdoutfit.yaml
0.11875,0.11875,0.475,0.45,0.475,0.4779573223480373,0.5220426776519626,0.6138515153938388,1.913830773394631,1.912787643382917,-7.083566855734172,0.0,1.0,0.63125,0.95625,1.0,0.0,risk_adaptive_hybrid_rollout,62,50.97135180500004,318.57094878125025,scenario_stress_holdoutfit,results/scheme_c_holdout_2026-04-24_rollout_vnext/configs/scenario_stress_holdoutfit.yaml
0.084375,0.084375,0.3375,0.31875,0.3375,0.915658320140352,0.0843416798596481,1.2518970036568011,0.1292875366035779,0.1221629714836531,-2.107324813161689,0.0,1.0,1.0,0.89375,1.0,0.0,rollout_joint,62,70.46338939399993,440.3961837124997,scenario_stress_holdoutfit,results/scheme_c_holdout_2026-04-24_rollout_vnext/configs/scenario_stress_holdoutfit.yaml
0.11875,0.11875,0.125,0.1125,0.125,0.2586074618123214,0.7413925381876785,0.2844182843659648,1.747761781645643,1.7342094634118226,-21.68642505812816,0.0,1.0,0.89375,0.9875,1.0,0.0,security_margin,62,28.719590681,179.49744175625,scenario_stress_holdoutfit,results/scheme_c_holdout_2026-04-24_rollout_vnext/configs/scenario_stress_holdoutfit.yaml
0.0367783662171522,0.0367783662171522,0.125,0.125,0.125,0.7467333477789241,0.2532666522210759,1.0890274141808116,0.4639888894869527,0.4625766593362824,-3.005747451289091,0.0,1.0,1.0,0.93125,1.0,0.0,security_risk,62,28.513138476000226,178.2071154750014,scenario_stress_holdoutfit,results/scheme_c_holdout_2026-04-24_rollout_vnext/configs/scenario_stress_holdoutfit.yaml
0.11875,0.11875,0.11875,0.1125,0.11875,0.6645599792622926,0.3354400207377074,1.014685561786793,0.8993253454208829,0.8926915074004655,-3.8263620236582008,0.0,1.0,1.0,0.86875,1.0,0.0,periodic,63,30.802436256999957,192.5152266062497,scenario_stress_holdoutfit,results/scheme_c_holdout_2026-04-24_rollout_vnext/configs/scenario_stress_holdoutfit.yaml
0.11875,0.11875,0.475,0.41875,0.475,0.5278459099525485,0.4721540900474514,0.7938323686837248,1.3690644867383843,1.366256582392516,-7.282989706343625,0.0,1.0,0.8,0.94375,1.0,0.0,risk_adaptive_hybrid_rollout,63,52.57822357099985,328.6138973187491,scenario_stress_holdoutfit,results/scheme_c_holdout_2026-04-24_rollout_vnext/configs/scenario_stress_holdoutfit.yaml
0.084375,0.084375,0.3375,0.325,0.3375,0.9160868437729894,0.0839131562270106,1.2797932979363928,0.1368313656104726,0.1292194241071902,-2.068722893643981,0.0,1.0,1.0,0.89375,1.0,0.0,rollout_joint,63,71.88697461800007,449.2935913625004,scenario_stress_holdoutfit,results/scheme_c_holdout_2026-04-24_rollout_vnext/configs/scenario_stress_holdoutfit.yaml
0.11875,0.11875,0.11875,0.1,0.11875,0.244502921355432,0.7554970786445679,0.3352481403297048,1.697788365092015,1.6769313348125632,-22.331228353248264,0.0,1.0,0.975,0.93125,1.0,0.0,security_margin,63,29.380479253999965,183.62799533749975,scenario_stress_holdoutfit,results/scheme_c_holdout_2026-04-24_rollout_vnext/configs/scenario_stress_holdoutfit.yaml
0.0494526624111798,0.0494526624111798,0.15,0.11875,0.15,0.7069736549675161,0.293026345032484,1.0398638881523066,0.626239647223849,0.6200123642514818,-3.100369349172852,0.0,1.0,1.0,0.8875,1.0,0.0,security_risk,63,29.12045735499987,182.0028584687492,scenario_stress_holdoutfit,results/scheme_c_holdout_2026-04-24_rollout_vnext/configs/scenario_stress_holdoutfit.yaml
0.11875,0.11875,0.11875,0.1125,0.11875,0.671135687528768,0.3288643124712321,1.0013770872541208,0.8640861547128458,0.8584356726035848,-3.848854114627528,0.0,1.0,1.0,0.8625,1.0,0.0,periodic,64,29.53900155099996,184.61875969374967,scenario_stress_holdoutfit,results/scheme_c_holdout_2026-04-24_rollout_vnext/configs/scenario_stress_holdoutfit.yaml
0.11875,0.11875,0.475,0.4375,0.475,0.5349470416129701,0.4650529583870298,0.8375420357444533,1.3239712397138603,1.3234562163284114,-7.305375908012559,0.0,1.0,0.71875,0.96875,1.0,0.0,risk_adaptive_hybrid_rollout,64,51.17900799500012,319.86879996875075,scenario_stress_holdoutfit,results/scheme_c_holdout_2026-04-24_rollout_vnext/configs/scenario_stress_holdoutfit.yaml
0.0859375,0.0859375,0.34375,0.3125,0.34375,0.9127065435699336,0.0872934564300661,1.2573060044685989,0.139112203624351,0.1337212794484668,-2.1009101831963704,0.0,1.0,1.0,0.875,1.0,0.0,rollout_joint,64,72.15715048900029,450.9821905562518,scenario_stress_holdoutfit,results/scheme_c_holdout_2026-04-24_rollout_vnext/configs/scenario_stress_holdoutfit.yaml
0.11875,0.11875,0.15,0.14375,0.15,0.2647968100534598,0.7352031899465401,0.3530767944936864,1.7091610135421456,1.7091610135421456,-20.28750206257037,0.0,1.0,0.88125,1.0,1.0,0.0,security_margin,64,29.24327330899996,182.77045818124972,scenario_stress_holdoutfit,results/scheme_c_holdout_2026-04-24_rollout_vnext/configs/scenario_stress_holdoutfit.yaml
0.0378833564135689,0.0378833564135689,0.13125,0.125,0.13125,0.7195146404141302,0.2804853595858698,0.8783671896710568,0.7769893668867359,0.7758706561755792,-2.950401643308324,0.0,1.0,1.0,0.93125,1.0,0.0,security_risk,64,29.507284231000085,184.42052644375053,scenario_stress_holdoutfit,results/scheme_c_holdout_2026-04-24_rollout_vnext/configs/scenario_stress_holdoutfit.yaml
0.11875,0.11875,0.11875,0.1,0.11875,0.6447374766564955,0.3552625233435045,0.964241899665921,0.9790208242459072,0.971849180441526,-3.928595757171253,0.0,1.0,1.0,0.86875,1.0,0.0,periodic,65,29.234526334000293,182.71578958750183,scenario_stress_holdoutfit,results/scheme_c_holdout_2026-04-24_rollout_vnext/configs/scenario_stress_holdoutfit.yaml
0.11875,0.11875,0.475,0.4,0.475,0.6469819637184671,0.3530180362815328,1.145736837666932,0.3160263746240045,0.3135247519282736,-8.244623728105633,0.0,1.0,0.825,0.9125,1.0,0.0,risk_adaptive_hybrid_rollout,65,51.18466834499986,319.90417715624915,scenario_stress_holdoutfit,results/scheme_c_holdout_2026-04-24_rollout_vnext/configs/scenario_stress_holdoutfit.yaml
0.0859375,0.0859375,0.34375,0.30625,0.34375,0.9168374878637544,0.0831625121362458,1.2725002307445188,0.1234842035206813,0.1168753512073633,-2.0961907897979986,0.0,1.0,1.0,0.90625,1.0,0.0,rollout_joint,65,71.81215924800017,448.82599530000107,scenario_stress_holdoutfit,results/scheme_c_holdout_2026-04-24_rollout_vnext/configs/scenario_stress_holdoutfit.yaml
0.11875,0.11875,0.11875,0.1,0.11875,0.2537560750063242,0.7462439249936759,0.3335212388193781,1.699416953095532,1.6765192090280614,-22.131165513502573,0.0,1.0,0.96875,0.93125,1.0,0.0,security_margin,65,29.38848723800038,183.6780452375024,scenario_stress_holdoutfit,results/scheme_c_holdout_2026-04-24_rollout_vnext/configs/scenario_stress_holdoutfit.yaml
0.0388242380522816,0.0388242380522816,0.13125,0.11875,0.13125,0.7252710457325076,0.2747289542674925,0.975645700780289,0.6342333856794814,0.6318883311431324,-3.0114859394573616,0.0,1.0,1.0,0.90625,1.0,0.0,security_risk,65,29.264275803000142,182.9017237687509,scenario_stress_holdoutfit,results/scheme_c_holdout_2026-04-24_rollout_vnext/configs/scenario_stress_holdoutfit.yaml
0.11875,0.11875,0.11875,0.1125,0.11875,0.6865286729548993,0.3134713270451007,1.0363368656701095,0.7231188238079872,0.7139217187016139,-3.972356987471095,0.0,1.0,1.0,0.825,1.0,0.0,periodic,66,29.16557376699984,182.284836043749,scenario_stress_holdoutfit,results/scheme_c_holdout_2026-04-24_rollout_vnext/configs/scenario_stress_holdoutfit.yaml
0.11875,0.11875,0.475,0.43125,0.475,0.5583736921866171,0.4416263078133829,0.8571548409236792,1.169560932847743,1.1641658126531222,-7.4417250986381855,0.0,1.0,0.79375,0.91875,1.0,0.0,risk_adaptive_hybrid_rollout,66,51.07630942500009,319.22693390625057,scenario_stress_holdoutfit,results/scheme_c_holdout_2026-04-24_rollout_vnext/configs/scenario_stress_holdoutfit.yaml
0.084375,0.084375,0.3375,0.31875,0.3375,0.917954221885024,0.0820457781149758,1.275855990340086,0.1110359032485931,0.1017953568314024,-2.105222849935568,0.0,1.0,1.0,0.8625,1.0,0.0,rollout_joint,66,71.00675764000016,443.792235250001,scenario_stress_holdoutfit,results/scheme_c_holdout_2026-04-24_rollout_vnext/configs/scenario_stress_holdoutfit.yaml
0.11875,0.11875,0.11875,0.10625,0.11875,0.2539435064028654,0.7460564935971346,0.329430238854796,1.700410010412685,1.6872401358876885,-21.895571695948224,0.0,1.0,0.95,0.95,1.0,0.0,security_margin,66,28.60503538600005,178.78147116250034,scenario_stress_holdoutfit,results/scheme_c_holdout_2026-04-24_rollout_vnext/configs/scenario_stress_holdoutfit.yaml
0.0376028270384925,0.0376028270384925,0.13125,0.125,0.13125,0.7330035543120144,0.2669964456879856,1.036188789766912,0.5629756037130554,0.5608689028081864,-2.989926797343699,0.0,1.0,1.0,0.9125,1.0,0.0,security_risk,66,28.895529016000182,180.59705635000117,scenario_stress_holdoutfit,results/scheme_c_holdout_2026-04-24_rollout_vnext/configs/scenario_stress_holdoutfit.yaml
0.11875,0.11875,0.11875,0.1125,0.11875,0.6645024190543173,0.3354975809456828,0.9680033308367464,0.9098041822691286,0.8962247407481334,-3.891846621051761,0.0,1.0,1.0,0.81875,1.0,0.0,periodic,67,27.11056705399983,169.44104408749894,scenario_stress_holdoutfit,results/scheme_c_holdout_2026-04-24_rollout_vnext/configs/scenario_stress_holdoutfit.yaml
0.11875,0.11875,0.475,0.425,0.475,0.5287134888937407,0.4712865111062592,0.8143392394601486,1.3968491071044824,1.3881045880991985,-7.27902279173139,0.0,1.0,0.85625,0.925,1.0,0.0,risk_adaptive_hybrid_rollout,67,50.36719212800017,314.79495080000106,scenario_stress_holdoutfit,results/scheme_c_holdout_2026-04-24_rollout_vnext/configs/scenario_stress_holdoutfit.yaml
0.0890625,0.0890625,0.35625,0.3125,0.35625,0.9128496202059472,0.0871503797940527,1.2495962364877913,0.1376331122562563,0.1337091969537882,-2.119368087975522,0.0,1.0,1.0,0.9125,1.0,0.0,rollout_joint,67,69.14594334100002,432.1621458812501,scenario_stress_holdoutfit,results/scheme_c_holdout_2026-04-24_rollout_vnext/configs/scenario_stress_holdoutfit.yaml
0.11875,0.11875,0.11875,0.1,0.11875,0.2500727734887817,0.7499272265112183,0.3230344149807856,1.7037816998562234,1.674704706032485,-22.19416535873443,0.0,1.0,0.975,0.9375,1.0,0.0,security_margin,67,28.26483591600004,176.65522447500024,scenario_stress_holdoutfit,results/scheme_c_holdout_2026-04-24_rollout_vnext/configs/scenario_stress_holdoutfit.yaml
0.0413223139539821,0.0413223139539821,0.1375,0.125,0.1375,0.740895034947794,0.259104965052206,1.0807030999183926,0.483450526310211,0.4791739998331304,-3.046869084782467,0.0,1.0,1.0,0.90625,1.0,0.0,security_risk,67,28.346654339999983,177.16658962499992,scenario_stress_holdoutfit,results/scheme_c_holdout_2026-04-24_rollout_vnext/configs/scenario_stress_holdoutfit.yaml
0.11875,0.11875,0.11875,0.10625,0.11875,0.6894768999598485,0.3105231000401515,1.0432854511335168,0.6702444288525251,0.6656250022424606,-4.086862811926022,0.0,1.0,1.0,0.8625,1.0,0.0,periodic,68,30.089048804999948,188.05655503124967,scenario_stress_holdoutfit,results/scheme_c_holdout_2026-04-24_rollout_vnext/configs/scenario_stress_holdoutfit.yaml
0.11875,0.11875,0.475,0.425,0.475,0.524030679374589,0.4759693206254109,0.7843591758809192,1.509947929078571,1.4996142679393116,-7.150515593225916,0.00625,0.99375,0.81875,0.90625,1.0,0.0,risk_adaptive_hybrid_rollout,68,51.926310221999984,324.5394388874999,scenario_stress_holdoutfit,results/scheme_c_holdout_2026-04-24_rollout_vnext/configs/scenario_stress_holdoutfit.yaml
0.0875,0.0875,0.35,0.30625,0.35,0.9127431581195312,0.0872568418804685,1.28466780339834,0.1310762276796146,0.1241744089963956,-2.0898817411994672,0.0,1.0,1.0,0.86875,1.0,0.0,rollout_joint,68,71.09383264300004,444.3364540187503,scenario_stress_holdoutfit,results/scheme_c_holdout_2026-04-24_rollout_vnext/configs/scenario_stress_holdoutfit.yaml
0.11875,0.11875,0.13125,0.125,0.13125,0.2586269683089685,0.7413730316910316,0.3284038628005648,1.7280656945468436,1.7122667866702153,-20.94948468302268,0.00625,0.99375,0.9125,0.975,1.0,0.0,security_margin,68,28.80614652400004,180.03841577500026,scenario_stress_holdoutfit,results/scheme_c_holdout_2026-04-24_rollout_vnext/configs/scenario_stress_holdoutfit.yaml
0.039617441314215,0.039617441314215,0.1375,0.125,0.1375,0.7258855007986066,0.2741144992013934,1.0263741717731638,0.593735724406781,0.5859453312283249,-2.961987375574966,0.0,1.0,1.0,0.85625,1.0,0.0,security_risk,68,28.58459321700002,178.65370760625012,scenario_stress_holdoutfit,results/scheme_c_holdout_2026-04-24_rollout_vnext/configs/scenario_stress_holdoutfit.yaml
0.11875,0.11875,0.11875,0.10625,0.11875,0.6943516460209919,0.3056483539790081,1.0582365621747936,0.5928377735485159,0.5875628122836642,-4.12892366351724,0.0,1.0,1.0,0.84375,1.0,0.0,periodic,69,28.99543664799989,181.22147904999932,scenario_stress_holdoutfit,results/scheme_c_holdout_2026-04-24_rollout_vnext/configs/scenario_stress_holdoutfit.yaml
0.11875,0.11875,0.475,0.40625,0.475,0.5666663540308834,0.4333336459691166,0.863460536020383,1.062157645407937,1.0549943290655714,-7.749964099307464,0.0,1.0,0.85,0.88125,1.0,0.0,risk_adaptive_hybrid_rollout,69,49.816558173999965,311.3534885874998,scenario_stress_holdoutfit,results/scheme_c_holdout_2026-04-24_rollout_vnext/configs/scenario_stress_holdoutfit.yaml
0.0875,0.0875,0.35,0.31875,0.35,0.9119306555939376,0.0880693444060626,1.263267171284642,0.1410777983285779,0.1347362905965713,-2.0951074648494923,0.0,1.0,1.0,0.88125,1.0,0.0,rollout_joint,69,70.88987882499987,443.0617426562493,scenario_stress_holdoutfit,results/scheme_c_holdout_2026-04-24_rollout_vnext/configs/scenario_stress_holdoutfit.yaml
0.11875,0.11875,0.14375,0.125,0.14375,0.2692318610199554,0.7307681389800444,0.3383439621387991,1.7092023681233048,1.6934649546609208,-20.695632495695,0.0,1.0,0.93125,0.9625,1.0,0.0,security_margin,69,28.956619834000094,180.9788739625006,scenario_stress_holdoutfit,results/scheme_c_holdout_2026-04-24_rollout_vnext/configs/scenario_stress_holdoutfit.yaml
0.0378561982467812,0.0378561982467812,0.125,0.1125,0.125,0.7024180738929537,0.2975819261070463,0.9341061734021496,0.7362936773563391,0.7320552740372446,-3.033379939815661,0.0,1.0,1.0,0.9,1.0,0.0,security_risk,69,29.07022746899997,181.68892168124984,scenario_stress_holdoutfit,results/scheme_c_holdout_2026-04-24_rollout_vnext/configs/scenario_stress_holdoutfit.yaml
0.11875,0.11875,0.11875,0.09375,0.11875,0.6096724906445632,0.3903275093554368,0.8857296269598421,1.09601315219004,1.0869528458088047,-4.058733156972627,0.0,1.0,1.0,0.81875,1.0,0.0,periodic,70,28.525278368000272,178.2829898000017,scenario_stress_holdoutfit,results/scheme_c_holdout_2026-04-24_rollout_vnext/configs/scenario_stress_holdoutfit.yaml
0.11875,0.11875,0.475,0.44375,0.475,0.5254321666427358,0.4745678333572642,0.7671213451324573,1.4450182086639765,1.4448938112353378,-7.202053498217123,0.0,1.0,0.65,0.99375,1.0,0.0,risk_adaptive_hybrid_rollout,70,50.74243703899992,317.1402314937495,scenario_stress_holdoutfit,results/scheme_c_holdout_2026-04-24_rollout_vnext/configs/scenario_stress_holdoutfit.yaml
0.0890625,0.0890625,0.35625,0.30625,0.35625,0.9151239656762564,0.0848760343237434,1.259222114069107,0.1317617032971954,0.1229460230072285,-2.116252507946519,0.0,1.0,1.0,0.8875,1.0,0.0,rollout_joint,70,70.16962594200004,438.5601621375002,scenario_stress_holdoutfit,results/scheme_c_holdout_2026-04-24_rollout_vnext/configs/scenario_stress_holdoutfit.yaml
0.11875,0.11875,0.13125,0.13125,0.13125,0.2677176798955842,0.7322823201044157,0.3173651768643564,1.726993989614073,1.7176117844192151,-20.73208726263621,0.0125,0.9875,0.89375,0.975,1.0,0.0,security_margin,70,28.82498593300033,180.1561620812521,scenario_stress_holdoutfit,results/scheme_c_holdout_2026-04-24_rollout_vnext/configs/scenario_stress_holdoutfit.yaml
0.0390699253616792,0.0390699253616792,0.13125,0.125,0.13125,0.73729690802676,0.26270309197324,1.0214843917501728,0.6152730005032673,0.6120428351737277,-2.9506426824369347,0.0,1.0,1.0,0.9125,1.0,0.0,security_risk,70,28.95369381799992,180.9605863624995,scenario_stress_holdoutfit,results/scheme_c_holdout_2026-04-24_rollout_vnext/configs/scenario_stress_holdoutfit.yaml
0.11875,0.11875,0.11875,0.1,0.11875,0.637768280201479,0.3622317197985209,0.9350839619162848,0.9404773936434784,0.93376006649682,-4.041295597988074,0.0,1.0,1.0,0.81875,1.0,0.0,periodic,71,28.36402793199977,177.27517457499857,scenario_stress_holdoutfit,results/scheme_c_holdout_2026-04-24_rollout_vnext/configs/scenario_stress_holdoutfit.yaml
0.11875,0.11875,0.475,0.425,0.475,0.5135703254669933,0.4864296745330065,0.7583090936571663,1.5874074986833688,1.5797681452597927,-7.103897654798253,0.0,1.0,0.89375,0.9125,1.0,0.0,risk_adaptive_hybrid_rollout,71,50.49560682899983,315.5975426812489,scenario_stress_holdoutfit,results/scheme_c_holdout_2026-04-24_rollout_vnext/configs/scenario_stress_holdoutfit.yaml
0.084375,0.084375,0.3375,0.325,0.3375,0.9162520696189348,0.0837479303810654,1.2582928043831532,0.1304683156806806,0.1245735850927464,-2.0918145783447173,0.0,1.0,1.0,0.88125,1.0,0.0,rollout_joint,71,70.44355292,440.27220575,scenario_stress_holdoutfit,results/scheme_c_holdout_2026-04-24_rollout_vnext/configs/scenario_stress_holdoutfit.yaml
0.1177098116550427,0.1177098116550427,0.11875,0.1,0.11875,0.2504030027920586,0.7495969972079415,0.3055076516240974,1.7257257380441922,1.7023427752992562,-22.03854097296488,0.0,1.0,0.95625,0.95625,1.0,0.0,security_margin,71,28.281539995999992,176.75962497499995,scenario_stress_holdoutfit,results/scheme_c_holdout_2026-04-24_rollout_vnext/configs/scenario_stress_holdoutfit.yaml
0.0383539795516593,0.0383539795516593,0.125,0.11875,0.125,0.7168761258706475,0.2831238741293525,0.9956095161336546,0.6353483065357114,0.6326478296060054,-3.0267805438644886,0.0,1.0,1.0,0.90625,1.0,0.0,security_risk,71,28.416260255999987,177.60162659999992,scenario_stress_holdoutfit,results/scheme_c_holdout_2026-04-24_rollout_vnext/configs/scenario_stress_holdoutfit.yaml
0.11875,0.11875,0.11875,0.10625,0.11875,0.6790754883637388,0.3209245116362612,1.0002540113202585,0.7590111717204955,0.752850646406022,-4.00968759233021,0.0,1.0,1.0,0.84375,1.0,0.0,periodic,72,27.63363105000008,172.71019406250048,scenario_stress_holdoutfit,results/scheme_c_holdout_2026-04-24_rollout_vnext/configs/scenario_stress_holdoutfit.yaml
0.11875,0.11875,0.475,0.45,0.475,0.4736767406283461,0.5263232593716539,0.6232413988787519,1.927192614614424,1.9268258771612303,-6.901935937434774,0.0,1.0,0.65,0.975,1.0,0.0,risk_adaptive_hybrid_rollout,72,51.87145109499989,324.1965693437493,scenario_stress_holdoutfit,results/scheme_c_holdout_2026-04-24_rollout_vnext/configs/scenario_stress_holdoutfit.yaml
0.0875,0.0875,0.35,0.3125,0.35,0.9158552116876134,0.0841447883123867,1.2619956734821298,0.1219496676153343,0.1155062712772169,-2.111177176673832,0.0,1.0,1.0,0.89375,1.0,0.0,rollout_joint,72,71.15740154799983,444.7337596749989,scenario_stress_holdoutfit,results/scheme_c_holdout_2026-04-24_rollout_vnext/configs/scenario_stress_holdoutfit.yaml
0.11875,0.11875,0.13125,0.125,0.13125,0.2612156595394768,0.7387843404605232,0.3339411043234425,1.7083940457093036,1.700919459789792,-21.18087445070582,0.0,1.0,0.925,0.96875,1.0,0.0,security_margin,72,28.84656222800004,180.29101392500024,scenario_stress_holdoutfit,results/scheme_c_holdout_2026-04-24_rollout_vnext/configs/scenario_stress_holdoutfit.yaml
0.0376999917859646,0.0376999917859646,0.125,0.11875,0.125,0.7096519197527658,0.2903480802472343,0.9153024688755104,0.7693543342018871,0.7655998278182132,-2.9705206070215207,0.0,1.0,1.0,0.90625,1.0,0.0,security_risk,72,28.766987826000104,179.79367391250065,scenario_stress_holdoutfit,results/scheme_c_holdout_2026-04-24_rollout_vnext/configs/scenario_stress_holdoutfit.yaml
0.11875,0.11875,0.11875,0.10625,0.11875,0.6544496297098439,0.345550370290156,0.936292316444099,0.9777685578137076,0.9691869752165532,-3.9192980074497386,0.0,1.0,1.0,0.825,1.0,0.0,periodic,73,30.63672638200001,191.47953988750004,scenario_stress_holdoutfit,results/scheme_c_holdout_2026-04-24_rollout_vnext/configs/scenario_stress_holdoutfit.yaml
0.11875,0.11875,0.475,0.45,0.475,0.5774618775937728,0.4225381224062273,0.8670770942232625,0.9413715198195568,0.9412948767555552,-7.699987694389153,0.0,1.0,0.63125,0.99375,1.0,0.0,risk_adaptive_hybrid_rollout,73,52.93578178200005,330.8486361375003,scenario_stress_holdoutfit,results/scheme_c_holdout_2026-04-24_rollout_vnext/configs/scenario_stress_holdoutfit.yaml
0.084375,0.084375,0.3375,0.31875,0.3375,0.9176403445986668,0.0823596554013331,1.2693195161162598,0.1173222712306385,0.1133839900553122,-2.0994074428791256,0.0,1.0,1.0,0.9,1.0,0.0,rollout_joint,73,72.63413956800014,453.9633723000008,scenario_stress_holdoutfit,results/scheme_c_holdout_2026-04-24_rollout_vnext/configs/scenario_stress_holdoutfit.yaml
0.11875,0.11875,0.13125,0.11875,0.13125,0.2602206170893318,0.7397793829106682,0.3303965133963056,1.71172264188773,1.7028892738119057,-21.376706865522035,0.0,1.0,0.93125,0.96875,1.0,0.0,security_margin,73,29.511167527,184.44479704375,scenario_stress_holdoutfit,results/scheme_c_holdout_2026-04-24_rollout_vnext/configs/scenario_stress_holdoutfit.yaml
0.0402151363187217,0.0402151363187217,0.13125,0.11875,0.13125,0.7255395403127909,0.2744604596872091,1.0101822330817811,0.575216509900909,0.5732472208464996,-3.029189924054476,0.0,1.0,1.0,0.925,1.0,0.0,security_risk,73,29.34112642800005,183.38204017500036,scenario_stress_holdoutfit,results/scheme_c_holdout_2026-04-24_rollout_vnext/configs/scenario_stress_holdoutfit.yaml
0.11875,0.11875,0.11875,0.1125,0.11875,0.6859753130759831,0.3140246869240169,1.0478713738497791,0.7364901487711072,0.7262695820677585,-3.943420816141329,0.0,1.0,1.0,0.80625,1.0,0.0,periodic,74,29.81879802699996,186.36748766874973,scenario_stress_holdoutfit,results/scheme_c_holdout_2026-04-24_rollout_vnext/configs/scenario_stress_holdoutfit.yaml
0.11875,0.11875,0.475,0.425,0.475,0.4941714702952159,0.505828529704784,0.7138493023930175,1.7038680169713092,1.695598591733754,-7.305071968015374,0.0,1.0,0.79375,0.95,1.0,0.0,risk_adaptive_hybrid_rollout,74,51.25851634500032,320.365727156252,scenario_stress_holdoutfit,results/scheme_c_holdout_2026-04-24_rollout_vnext/configs/scenario_stress_holdoutfit.yaml
0.0875,0.0875,0.35,0.31875,0.35,0.913589518416105,0.0864104815838948,1.2784384580786978,0.1285151455169402,0.1233167958326745,-2.0901379249200103,0.0,1.0,1.0,0.8875,1.0,0.0,rollout_joint,74,72.37030897299996,452.3144310812498,scenario_stress_holdoutfit,results/scheme_c_holdout_2026-04-24_rollout_vnext/configs/scenario_stress_holdoutfit.yaml
0.1185292083693085,0.1185292083693085,0.11875,0.10625,0.11875,0.2429191078499793,0.7570808921500207,0.298263004161041,1.748928393216025,1.7255725174188694,-22.361951135601164,0.0,1.0,0.9375,0.975,1.0,0.0,security_margin,74,29.340423839000096,183.3776489937506,scenario_stress_holdoutfit,results/scheme_c_holdout_2026-04-24_rollout_vnext/configs/scenario_stress_holdoutfit.yaml
0.0344166874915316,0.0344166874915316,0.125,0.125,0.125,0.7259427003254073,0.2740572996745928,0.9343962485838482,0.6968416997803459,0.6933262403521434,-2.962644922618501,0.0,1.0,1.0,0.90625,1.0,0.0,security_risk,74,29.702186627999936,185.6386664249996,scenario_stress_holdoutfit,results/scheme_c_holdout_2026-04-24_rollout_vnext/configs/scenario_stress_holdoutfit.yaml
0.11875,0.11875,0.11875,0.1,0.11875,0.6503093685831591,0.3496906314168408,0.9873655776517256,0.8154938002723693,0.8066547935889936,-4.114727364724049,0.0,1.0,1.0,0.8125,1.0,0.0,periodic,75,29.359876373000134,183.49922733125084,scenario_stress_holdoutfit,results/scheme_c_holdout_2026-04-24_rollout_vnext/configs/scenario_stress_holdoutfit.yaml
0.11875,0.11875,0.475,0.44375,0.475,0.4856664110237325,0.5143335889762674,0.6914841652887027,1.774075272471692,1.7723880792915612,-7.002153363610255,0.0,1.0,0.675,0.9375,1.0,0.0,risk_adaptive_hybrid_rollout,75,51.18643868500021,319.9152417812513,scenario_stress_holdoutfit,results/scheme_c_holdout_2026-04-24_rollout_vnext/configs/scenario_stress_holdoutfit.yaml
0.084375,0.084375,0.3375,0.325,0.3375,0.9175737849646536,0.0824262150353465,1.2731112836255678,0.1228572560483029,0.1142884396636024,-2.0856665652408983,0.0,1.0,1.0,0.90625,1.0,0.0,rollout_joint,75,72.33851578199983,452.11572363749895,scenario_stress_holdoutfit,results/scheme_c_holdout_2026-04-24_rollout_vnext/configs/scenario_stress_holdoutfit.yaml
0.11875,0.11875,0.14375,0.125,0.14375,0.2674582116435577,0.7325417883564422,0.3311005297746293,1.7288944933910178,1.7167842168162732,-20.67484742170772,0.0,1.0,0.89375,0.9625,1.0,0.0,security_margin,75,29.49546722499963,184.34667015624768,scenario_stress_holdoutfit,results/scheme_c_holdout_2026-04-24_rollout_vnext/configs/scenario_stress_holdoutfit.yaml
0.0405738547676403,0.0405738547676403,0.13125,0.125,0.13125,0.6824012383926787,0.3175987616073213,0.8585386169003723,0.916547151499628,0.9084086447989138,-2.9618280900602514,0.0,1.0,0.9875,0.8625,1.0,0.0,security_risk,75,29.750741262000247,185.94213288750157,scenario_stress_holdoutfit,results/scheme_c_holdout_2026-04-24_rollout_vnext/configs/scenario_stress_holdoutfit.yaml
0.11875,0.11875,0.11875,0.10625,0.11875,0.6591147787276151,0.3408852212723848,0.976070185667646,0.939545872684634,0.9374481664200738,-3.8603741870249566,0.0,1.0,1.0,0.875,1.0,0.0,periodic,76,29.455195265000384,184.0949704062524,scenario_stress_holdoutfit,results/scheme_c_holdout_2026-04-24_rollout_vnext/configs/scenario_stress_holdoutfit.yaml
0.11875,0.11875,0.475,0.45,0.475,0.5400554660071956,0.4599445339928044,0.84932207776729,1.2572132639661526,1.25598653800723,-7.242927222237992,0.00625,0.99375,0.6125,0.99375,1.0,0.0,risk_adaptive_hybrid_rollout,76,50.37443029999986,314.8401893749991,scenario_stress_holdoutfit,results/scheme_c_holdout_2026-04-24_rollout_vnext/configs/scenario_stress_holdoutfit.yaml
0.0859375,0.0859375,0.34375,0.31875,0.34375,0.9121611195437446,0.0878388804562554,1.2697589469690065,0.1448370838749685,0.1385793803950166,-2.07934991830223,0.0,1.0,1.0,0.9,1.0,0.0,rollout_joint,76,72.1104709909996,450.6904436937475,scenario_stress_holdoutfit,results/scheme_c_holdout_2026-04-24_rollout_vnext/configs/scenario_stress_holdoutfit.yaml
0.11875,0.11875,0.13125,0.125,0.13125,0.2696131141791857,0.7303868858208143,0.3459062013955349,1.708489236580785,1.6938257467571989,-20.508515793522243,0.0125,0.9875,0.90625,0.975,1.0,0.0,security_margin,76,28.80809908399988,180.05061927499924,scenario_stress_holdoutfit,results/scheme_c_holdout_2026-04-24_rollout_vnext/configs/scenario_stress_holdoutfit.yaml
0.0394939341049854,0.0394939341049854,0.1375,0.13125,0.1375,0.7236097232979561,0.2763902767020439,1.0775322704481682,0.5684118783304333,0.563323873555204,-2.968689874837,0.0,1.0,1.0,0.875,1.0,0.0,security_risk,76,28.591965749000337,178.6997859312521,scenario_stress_holdoutfit,results/scheme_c_holdout_2026-04-24_rollout_vnext/configs/scenario_stress_holdoutfit.yaml
0.11875,0.11875,0.11875,0.1125,0.11875,0.6946281362227464,0.3053718637772536,1.0263163566961642,0.6773199181930234,0.668577214796714,-4.046335785280013,0.0,1.0,1.0,0.825,1.0,0.0,periodic,77,27.67072004600004,172.94200028750026,scenario_stress_holdoutfit,results/scheme_c_holdout_2026-04-24_rollout_vnext/configs/scenario_stress_holdoutfit.yaml
0.11875,0.11875,0.475,0.45,0.475,0.5489160622625306,0.4510839377374693,0.8304106002102827,1.256128618995725,1.2508755364393729,-7.212460417616104,0.00625,0.99375,0.7125,0.93125,1.0,0.0,risk_adaptive_hybrid_rollout,77,50.89696209899989,318.10601311874933,scenario_stress_holdoutfit,results/scheme_c_holdout_2026-04-24_rollout_vnext/configs/scenario_stress_holdoutfit.yaml
0.0890625,0.0890625,0.35625,0.3,0.35625,0.9127913390907632,0.0872086609092365,1.2654276562439393,0.1294242180288187,0.1243770149247644,-2.1184756157280926,0.0,1.0,1.0,0.91875,1.0,0.0,rollout_joint,77,70.49786924199998,440.6116827624999,scenario_stress_holdoutfit,results/scheme_c_holdout_2026-04-24_rollout_vnext/configs/scenario_stress_holdoutfit.yaml
0.11875,0.11875,0.13125,0.125,0.13125,0.2612408734373869,0.7387591265626131,0.319034409747236,1.7295337765993062,1.712472767890286,-20.847006923071994,0.0125,0.9875,0.9,0.975,1.0,0.0,security_margin,77,28.637805814000103,178.98628633750064,scenario_stress_holdoutfit,results/scheme_c_holdout_2026-04-24_rollout_vnext/configs/scenario_stress_holdoutfit.yaml
0.0342608800790422,0.0342608800790422,0.1125,0.1,0.1125,0.6985400232257511,0.3014599767742488,0.8751575842578763,0.824290775004972,0.8187628200737628,-2.981566795924406,0.0,1.0,1.0,0.86875,1.0,0.0,security_risk,77,28.504265540999995,178.15165963124997,scenario_stress_holdoutfit,results/scheme_c_holdout_2026-04-24_rollout_vnext/configs/scenario_stress_holdoutfit.yaml
0.11875,0.11875,0.11875,0.11875,0.11875,0.6724344886697937,0.3275655113302063,1.0155257108206146,0.9114288349663566,0.9034672084568108,-3.7615637681306593,0.0,1.0,1.0,0.85,1.0,0.0,periodic,78,30.51507169800016,190.71919811250095,scenario_stress_holdoutfit,results/scheme_c_holdout_2026-04-24_rollout_vnext/configs/scenario_stress_holdoutfit.yaml
0.11875,0.11875,0.475,0.45,0.475,0.5638726409524206,0.4361273590475793,0.853650885634712,1.17553871587176,1.1738673437547793,-7.061167406278443,0.0125,0.9875,0.69375,0.96875,1.0,0.0,risk_adaptive_hybrid_rollout,78,52.40313513299998,327.51959458124986,scenario_stress_holdoutfit,results/scheme_c_holdout_2026-04-24_rollout_vnext/configs/scenario_stress_holdoutfit.yaml
0.084375,0.084375,0.3375,0.325,0.3375,0.9168557670952828,0.0831442329047169,1.279719604516094,0.128409652462156,0.1247349603682455,-2.0727855871969987,0.0,1.0,1.0,0.91875,1.0,0.0,rollout_joint,78,71.42413158,446.4008223749999,scenario_stress_holdoutfit,results/scheme_c_holdout_2026-04-24_rollout_vnext/configs/scenario_stress_holdoutfit.yaml
0.1174970149593515,0.1174970149593515,0.125,0.125,0.125,0.2626079977348325,0.7373920022651677,0.3243183967184186,1.7282264664101796,1.711245091618179,-21.15735676360024,0.0125,0.9875,0.91875,0.98125,1.0,0.0,security_margin,78,28.91605533699999,180.72534585624996,scenario_stress_holdoutfit,results/scheme_c_holdout_2026-04-24_rollout_vnext/configs/scenario_stress_holdoutfit.yaml
0.0408232682124421,0.0408232682124421,0.13125,0.125,0.13125,0.7039595021372271,0.2960404978627728,0.9697928966131132,0.763461586715145,0.7576822230119774,-2.9406079417328197,0.0,1.0,1.0,0.9,1.0,0.0,security_risk,78,28.857952867999984,180.3622054249999,scenario_stress_holdoutfit,results/scheme_c_holdout_2026-04-24_rollout_vnext/configs/scenario_stress_holdoutfit.yaml
0.11875,0.11875,0.11875,0.1125,0.11875,0.6966326443127808,0.3033673556872191,1.0486588735909117,0.6729309751811761,0.664430148807757,-4.047185675380412,0.0,1.0,1.0,0.76875,1.0,0.0,periodic,79,29.069015014000115,181.68134383750072,scenario_stress_holdoutfit,results/scheme_c_holdout_2026-04-24_rollout_vnext/configs/scenario_stress_holdoutfit.yaml
0.11875,0.11875,0.475,0.4375,0.475,0.5395272651547166,0.4604727348452834,0.8132706782437216,1.3181529251763755,1.3128731858594975,-7.32777999964226,0.0,1.0,0.675,0.96875,1.0,0.0,risk_adaptive_hybrid_rollout,79,50.71237747500027,316.95235921875167,scenario_stress_holdoutfit,results/scheme_c_holdout_2026-04-24_rollout_vnext/configs/scenario_stress_holdoutfit.yaml
0.0890625,0.0890625,0.35625,0.30625,0.35625,0.9143005023085348,0.0856994976914651,1.2634588439531715,0.1298041318262556,0.1253408908568608,-2.1091131594480266,0.0,1.0,1.0,0.93125,1.0,0.0,rollout_joint,79,71.52035719300011,447.0022324562507,scenario_stress_holdoutfit,results/scheme_c_holdout_2026-04-24_rollout_vnext/configs/scenario_stress_holdoutfit.yaml
0.11875,0.11875,0.13125,0.11875,0.13125,0.2455448561555609,0.754455143844439,0.2943982437379547,1.763628002298778,1.7483040121910656,-21.835788497676184,0.0,1.0,0.88125,0.98125,1.0,0.0,security_margin,79,29.31998319099989,183.24989494374933,scenario_stress_holdoutfit,results/scheme_c_holdout_2026-04-24_rollout_vnext/configs/scenario_stress_holdoutfit.yaml
0.0399256418572625,0.0399256418572625,0.13125,0.11875,0.13125,0.683302546308592,0.316697453691408,0.9310897628501582,0.8733529266517435,0.8717972043332864,-2.9029422532978386,0.0,1.0,1.0,0.9125,1.0,0.0,security_risk,79,29.27490942700001,182.96818391875007,scenario_stress_holdoutfit,results/scheme_c_holdout_2026-04-24_rollout_vnext/configs/scenario_stress_holdoutfit.yaml
0.11875,0.11875,0.11875,0.1125,0.11875,0.6704927665938558,0.3295072334061443,1.020249121277283,0.8581646529025744,0.8465640862660267,-3.854485284715593,0.0,1.0,1.0,0.79375,1.0,0.0,periodic,80,28.438151516999824,177.7384469812489,scenario_stress_holdoutfit,results/scheme_c_holdout_2026-04-24_rollout_vnext/configs/scenario_stress_holdoutfit.yaml
0.11875,0.11875,0.475,0.45,0.475,0.5063207232154341,0.493679276784566,0.7450636796940864,1.6132195702971566,1.6124916017172464,-7.147308425254058,0.0,1.0,0.68125,0.9875,1.0,0.0,risk_adaptive_hybrid_rollout,80,50.65586142100028,316.59913388125176,scenario_stress_holdoutfit,results/scheme_c_holdout_2026-04-24_rollout_vnext/configs/scenario_stress_holdoutfit.yaml
0.084375,0.084375,0.3375,0.325,0.3375,0.9172089503558436,0.0827910496441564,1.266405357627039,0.1294031719170926,0.1251186442673451,-2.0817992655500293,0.0,1.0,1.0,0.89375,1.0,0.0,rollout_joint,80,71.40886218600008,446.3053886625004,scenario_stress_holdoutfit,results/scheme_c_holdout_2026-04-24_rollout_vnext/configs/scenario_stress_holdoutfit.yaml
0.1187340829097202,0.1187340829097202,0.11875,0.1125,0.11875,0.2522456383115133,0.7477543616884865,0.31354996325087,1.7366667409544951,1.7136675266637806,-21.770353811350503,0.0,1.0,0.9375,0.96875,1.0,0.0,security_margin,80,29.098493150000195,181.8655821875012,scenario_stress_holdoutfit,results/scheme_c_holdout_2026-04-24_rollout_vnext/configs/scenario_stress_holdoutfit.yaml
0.0371981136495302,0.0371981136495302,0.11875,0.11875,0.11875,0.7060447639754255,0.2939552360245745,0.9185706623337416,0.7864028066979009,0.7856790242347815,-2.975023327360573,0.0,1.0,1.0,0.925,1.0,0.0,security_risk,80,28.97038566399988,181.06491039999923,scenario_stress_holdoutfit,results/scheme_c_holdout_2026-04-24_rollout_vnext/configs/scenario_stress_holdoutfit.yaml
0.11875,0.11875,0.11875,0.1125,0.11875,0.6661859763831117,0.3338140236168883,0.983519078545757,0.9118206492156794,0.9059730238616096,-3.8315848248660416,0.0,1.0,1.0,0.83125,1.0,0.0,periodic,81,28.66580681100004,179.16129256875024,scenario_stress_holdoutfit,results/scheme_c_holdout_2026-04-24_rollout_vnext/configs/scenario_stress_holdoutfit.yaml
0.11875,0.11875,0.475,0.40625,0.475,0.5895334887284431,0.4104665112715568,0.9427019313519406,0.8616382758571689,0.8601340962055227,-7.782049836692577,0.0,1.0,0.7875,0.9375,1.0,0.0,risk_adaptive_hybrid_rollout,81,51.12012018399992,319.5007511499995,scenario_stress_holdoutfit,results/scheme_c_holdout_2026-04-24_rollout_vnext/configs/scenario_stress_holdoutfit.yaml
0.0859375,0.0859375,0.34375,0.31875,0.34375,0.9159233512172712,0.0840766487827286,1.2608834025198608,0.1363880018469788,0.1329783078933565,-2.087257578397028,0.0,1.0,1.0,0.89375,1.0,0.0,rollout_joint,81,70.35485933300015,439.7178708312509,scenario_stress_holdoutfit,results/scheme_c_holdout_2026-04-24_rollout_vnext/configs/scenario_stress_holdoutfit.yaml
0.11875,0.11875,0.11875,0.1,0.11875,0.2494934997906501,0.7505065002093498,0.3170672574943374,1.7223433852161505,1.6989009435918263,-22.17340295629645,0.0,1.0,0.96875,0.95,1.0,0.0,security_margin,81,28.49575294999977,178.09845593749856,scenario_stress_holdoutfit,results/scheme_c_holdout_2026-04-24_rollout_vnext/configs/scenario_stress_holdoutfit.yaml
0.0402438774334747,0.0402438774334747,0.13125,0.1125,0.13125,0.7265820920696383,0.2734179079303617,1.0332186643126395,0.5401267252755331,0.5271662585385826,-3.0537668141015124,0.0,1.0,1.0,0.81875,1.0,0.0,security_risk,81,28.731503621999764,179.57189763749852,scenario_stress_holdoutfit,results/scheme_c_holdout_2026-04-24_rollout_vnext/configs/scenario_stress_holdoutfit.yaml
