episode_length,total_secrecy_rate,avg_sync_cost,avg_sync_bandwidth,sync_request_rate,avg_sync_applied,avg_pending_syncs,avg_twin_quality,avg_twin_badness,avg_secrecy_rate,avg_realized_loss,avg_margin_gap,avg_cert_slack,certified_safe_rate,certificate_violation_prob,certificate_cover_rate,certificate_empirical_cover_rate,certificate_margin_cover_rate,prediction_violation_prob,outage_prob,success_prob,scenario,train_episode,seed
120.0,9.855611982053682,0.23333333333333334,0.23333333333333334,0.4,0.38333333333333336,0.4,0.8592155977151552,0.14078440228484468,0.08213009985044735,0.011680418699260293,0.011439206267179904,-2.43325761690318,0.0,1.0,0.8083333333333333,0.8083333333333333,0.8083333333333333,0.24166666666666667,1.0,0.0,paper_base,0,200
120.0,39.70383918990572,0.23333333333333334,0.23333333333333334,0.375,0.35,0.375,0.8192672814898584,0.18073271851014178,0.3308653265825477,0.03504104516294606,0.027745664815063718,-2.0318979169419373,0.0,1.0,0.5916666666666667,0.5916666666666667,0.5916666666666667,0.5,1.0,0.0,paper_base,1,201
120.0,0.23709196293150114,0.23333333333333334,0.23333333333333334,0.375,0.36666666666666664,0.375,0.8691279380828938,0.1308720619171063,0.0019757663577625096,0.04139764663851894,0.04099682245640414,-2.52173118656301,0.0,1.0,0.9083333333333333,0.9083333333333333,0.9083333333333333,0.10833333333333334,1.0,0.0,paper_base,2,202
120.0,2.3156546034979826,0.23333333333333334,0.23333333333333334,0.38333333333333336,0.375,0.38333333333333336,0.9030616742017089,0.09693832579829108,0.019297121695816523,0.03155885594662979,0.03155885594662979,-2.4899968238526573,0.0,1.0,0.8583333333333333,0.8583333333333333,0.8583333333333333,0.15,1.0,0.0,paper_base,3,203
120.0,1.2930112788262424,0.23333333333333334,0.23333333333333334,0.35833333333333334,0.3333333333333333,0.35833333333333334,0.9346771005844126,0.06532289941558742,0.010775093990218688,0.0,-0.0005379016119904646,-2.5775686456607363,0.0,1.0,1.0,1.0,1.0,0.0,1.0,0.0,paper_base,4,204
120.0,8.090745185643028,0.23333333333333334,0.23333333333333334,0.3416666666666667,0.31666666666666665,0.3416666666666667,0.7516389296861251,0.24836107031387494,0.06742287654702524,0.30449415327702917,0.30374398878242687,-2.178727909846154,0.0,1.0,0.4666666666666667,0.4666666666666667,0.4666666666666667,0.5666666666666667,1.0,0.0,paper_base,5,205
120.0,0.7551070629025106,0.23333333333333334,0.23333333333333334,0.3416666666666667,0.3333333333333333,0.3416666666666667,0.8302362282772864,0.16976377172271367,0.006292558857520922,0.021095885687376973,0.021089855309088867,-2.5933668993087866,0.0,1.0,0.9416666666666667,0.9416666666666667,0.9416666666666667,0.1,1.0,0.0,paper_base,6,206
120.0,1.6027956844917035,0.23333333333333334,0.23333333333333334,0.35,0.3333333333333333,0.35,0.9348805784868813,0.06511942151311866,0.01335663070409753,0.0005572150679686934,-0.0007859943362768666,-2.573040158794484,0.0,1.0,0.9583333333333334,0.9583333333333334,0.9583333333333334,0.05,1.0,0.0,paper_base,7,207
120.0,0.575982477973561,0.23333333333333334,0.23333333333333334,0.3416666666666667,0.31666666666666665,0.3416666666666667,0.724129651364293,0.2758703486357072,0.004799853983113008,0.14558022791764474,0.14558022791764474,-2.395583467529193,0.0,1.0,0.7666666666666667,0.7666666666666667,0.7666666666666667,0.26666666666666666,1.0,0.0,paper_base,8,208
120.0,12.85825377045031,0.23333333333333334,0.23333333333333334,0.3416666666666667,0.3416666666666667,0.3416666666666667,0.8286623134291679,0.17133768657083204,0.10715211475375258,0.047022970761323064,0.04674392370243884,-2.3054419403692394,0.0,1.0,0.7166666666666667,0.7166666666666667,0.7166666666666667,0.325,1.0,0.0,paper_base,9,209
120.0,0.9087481370915098,0.23333333333333334,0.23333333333333334,0.3416666666666667,0.325,0.3416666666666667,0.7133770458053561,0.2866229541946438,0.007572901142429248,0.301122951374116,0.30105316782588043,-2.283830151355214,0.0,1.0,0.7333333333333333,0.7333333333333333,0.7333333333333333,0.2833333333333333,1.0,0.0,paper_base,10,210
120.0,34.84071061077015,0.23333333333333334,0.23333333333333334,0.3333333333333333,0.31666666666666665,0.3333333333333333,0.6801392411715538,0.3198607588284463,0.2903392550897513,0.6285272000037746,0.6236254790265029,-1.4875672835963505,0.15,0.85,0.475,0.475,0.475,0.5333333333333333,1.0,0.0,paper_base,11,211
120.0,0.946491238452885,0.23333333333333334,0.23333333333333334,0.3333333333333333,0.325,0.3333333333333333,0.8017349204403679,0.19826507955963202,0.007887426987107374,0.018843760069535438,0.01866827394435309,-2.578387215947627,0.0,1.0,0.9416666666666667,0.9416666666666667,0.9416666666666667,0.06666666666666667,1.0,0.0,paper_base,12,212
120.0,23.326279766323275,0.23333333333333334,0.23333333333333334,0.3333333333333333,0.3333333333333333,0.3333333333333333,0.7467169805510923,0.25328301944890763,0.1943856647193606,0.3558199077034965,0.35389957713694215,-1.907470519962043,0.0,1.0,0.5833333333333334,0.5833333333333334,0.5833333333333334,0.45,1.0,0.0,paper_base,13,213
120.0,11.616034334257675,0.23333333333333334,0.23333333333333334,0.3333333333333333,0.31666666666666665,0.3333333333333333,0.7190147966442367,0.2809852033557634,0.09680028611881396,0.3782082116592539,0.3746627022633709,-2.0956323708035147,0.0,1.0,0.6416666666666667,0.6416666666666667,0.6416666666666667,0.4,1.0,0.0,paper_base,14,214
120.0,5.214319324847719,0.23333333333333334,0.23333333333333334,0.325,0.31666666666666665,0.325,0.7125833601436303,0.2874166398563697,0.04345266104039766,0.06673203166241573,0.06661200826153056,-2.4536261174483958,0.0,1.0,0.7333333333333333,0.7333333333333333,0.7333333333333333,0.39166666666666666,1.0,0.0,paper_base,15,215
120.0,27.65530468741911,0.23333333333333334,0.23333333333333334,0.31666666666666665,0.31666666666666665,0.31666666666666665,0.6928822825996144,0.30711771740038557,0.23046087239515925,0.260178600635785,0.2589391827202308,-2.029043882359416,0.0,1.0,0.5333333333333333,0.5333333333333333,0.5333333333333333,0.5583333333333333,1.0,0.0,paper_base,16,216
120.0,26.271581035133572,0.23333333333333334,0.23333333333333334,0.35,0.31666666666666665,0.35,0.7907087944636171,0.20929120553638286,0.21892984195944643,0.05352274592413719,0.04222645897838633,-2.17502829904404,0.0,1.0,0.7333333333333333,0.7333333333333333,0.7333333333333333,0.39166666666666666,1.0,0.0,paper_base,17,217
120.0,3.0436886742836853,0.23333333333333334,0.23333333333333334,0.3,0.2916666666666667,0.3,0.7845191554712251,0.21548084452877495,0.025364072285697377,0.013101915283424307,0.012149373443589644,-2.623091666465908,0.0,1.0,0.9416666666666667,0.9416666666666667,0.9416666666666667,0.08333333333333333,1.0,0.0,paper_base,18,218
120.0,45.54547873046004,0.23333333333333334,0.23333333333333334,0.325,0.2916666666666667,0.325,0.6122028422732839,0.38779715772671597,0.379545656087167,0.2817408261098529,0.27907123231205766,-1.9083644028872204,0.0,1.0,0.39166666666666666,0.39166666666666666,0.39166666666666666,0.725,1.0,0.0,paper_base,19,219
120.0,26.280551526255934,0.23333333333333334,0.23333333333333334,0.375,0.35833333333333334,0.375,0.6575626689141847,0.3424373310858153,0.2190045960521328,0.42741003487292206,0.42607489394619563,-2.0052150514963976,0.0,1.0,0.35833333333333334,0.35833333333333334,0.35833333333333334,0.7083333333333334,1.0,0.0,paper_base,20,220
120.0,33.635490518711215,0.23333333333333334,0.23333333333333334,0.325,0.30833333333333335,0.325,0.805686715835211,0.19431328416478902,0.28029575432259346,0.22179279633651383,0.21616015235427366,-2.0208747147266624,0.0,1.0,0.5583333333333333,0.5583333333333333,0.5583333333333333,0.5166666666666667,1.0,0.0,paper_base,21,221
120.0,54.59138352408364,0.23333333333333334,0.23333333333333334,0.3,0.3,0.3,0.5180437587952642,0.4819562412047358,0.45492819603403034,0.6738127036871517,0.6727588396364875,-1.6839472427667668,0.0,1.0,0.43333333333333335,0.43333333333333335,0.43333333333333335,0.7833333333333333,1.0,0.0,paper_base,22,222
120.0,34.23435753879333,0.23333333333333334,0.23333333333333334,0.36666666666666664,0.35,0.36666666666666664,0.7470503945968453,0.25294960540315486,0.28528631282327777,0.15423714073097952,0.1434068812900704,-1.9149787862363659,0.0,1.0,0.6083333333333333,0.6083333333333333,0.6083333333333333,0.5666666666666667,1.0,0.0,paper_base,23,223
120.0,16.853332085530653,0.23333333333333334,0.23333333333333334,0.35833333333333334,0.35,0.35833333333333334,0.5865774398048534,0.41342256019514667,0.14044443404608878,0.6051635760874923,0.6026010575462696,-1.9992924658371423,0.0,1.0,0.375,0.375,0.375,0.6833333333333333,1.0,0.0,paper_base,24,224
120.0,23.74333568384234,0.23333333333333334,0.23333333333333334,0.3333333333333333,0.325,0.3333333333333333,0.5566121431026652,0.44338785689733484,0.19786113069868616,0.6624997047825929,0.660523253226168,-1.7102788086379974,0.0,1.0,0.36666666666666664,0.36666666666666664,0.36666666666666664,0.6666666666666666,1.0,0.0,paper_base,25,225
120.0,34.42520687895038,0.23333333333333334,0.23333333333333334,0.3416666666666667,0.3416666666666667,0.3416666666666667,0.5765368991339768,0.4234631008660233,0.28687672399125314,0.7216894707750271,0.7184025140054133,-1.867792794923876,0.0,1.0,0.35,0.35,0.35,0.7416666666666667,1.0,0.0,paper_base,26,226
120.0,39.025400828507,0.23333333333333334,0.23333333333333334,0.3416666666666667,0.31666666666666665,0.3416666666666667,0.7020919540979212,0.29790804590207876,0.3252116735708917,0.23976855214306955,0.23691718577708665,-1.9592739657012157,0.0,1.0,0.48333333333333334,0.48333333333333334,0.48333333333333334,0.625,1.0,0.0,paper_base,27,227
120.0,41.74133041623644,0.23333333333333334,0.23333333333333334,0.38333333333333336,0.35,0.38333333333333336,0.6592972072668986,0.34070279273310156,0.34784442013530364,0.2342096536701428,0.21947333246309964,-1.9371867775273495,0.0,1.0,0.475,0.475,0.475,0.6666666666666666,1.0,0.0,paper_base,28,228
120.0,7.6799157041805595,0.23333333333333334,0.23333333333333334,0.3333333333333333,0.325,0.3333333333333333,0.5944580953568704,0.40554190464312956,0.06399929753483799,0.4254321759293821,0.4252713033625009,-2.39022738656268,0.0,1.0,0.39166666666666666,0.39166666666666666,0.39166666666666666,0.6583333333333333,1.0,0.0,paper_base,29,229
120.0,33.54760457715655,0.23333333333333334,0.23333333333333334,0.36666666666666664,0.35833333333333334,0.36666666666666664,0.6343835077512878,0.3656164922487121,0.27956337147630456,0.5303262082199732,0.5257743000474713,-1.881118396696546,0.0,1.0,0.4166666666666667,0.4166666666666667,0.4166666666666667,0.6833333333333333,1.0,0.0,paper_base,30,230
120.0,26.099604862007396,0.23333333333333334,0.23333333333333334,0.39166666666666666,0.38333333333333336,0.39166666666666666,0.7592358358932285,0.24076416410677157,0.21749670718339498,0.03349708221769041,0.0271485312737201,-2.419359150517887,0.0,1.0,0.775,0.775,0.775,0.2916666666666667,1.0,0.0,paper_base,31,231
120.0,27.098496714841552,0.23333333333333334,0.23333333333333334,0.35,0.3416666666666667,0.35,0.68109137753952,0.31890862246048,0.22582080595701293,0.00846528357694913,-0.00548467849665429,-2.631489437565398,0.0,1.0,0.8083333333333333,0.8083333333333333,0.8083333333333333,0.19166666666666668,1.0,0.0,paper_base,32,232
120.0,49.26933351196935,0.23333333333333334,0.23333333333333334,0.35833333333333334,0.35,0.35833333333333334,0.6630990468347906,0.3369009531652095,0.41057777926641126,0.2501107371719305,0.24150241138019168,-1.8623407261637555,0.0,1.0,0.475,0.475,0.475,0.675,1.0,0.0,paper_base,33,233
120.0,5.142277501659034,0.23333333333333334,0.23333333333333334,0.4,0.375,0.4,0.7601421570690119,0.23985784293098805,0.042852312513825284,0.31791771704179034,0.3176176120547183,-2.1832211996505797,0.0,1.0,0.6,0.6,0.6,0.4166666666666667,1.0,0.0,paper_base,34,234
120.0,27.0535359473009,0.23333333333333334,0.23333333333333334,0.36666666666666664,0.36666666666666664,0.36666666666666664,0.669401858127685,0.33059814187231484,0.22544613289417417,0.24554245909386518,0.2404933635792564,-2.4740493025667094,0.0,1.0,0.65,0.65,0.65,0.5333333333333333,1.0,0.0,paper_base,35,235
120.0,58.441865241992176,0.23333333333333334,0.23333333333333334,0.38333333333333336,0.35833333333333334,0.38333333333333336,0.734595656982384,0.2654043430176159,0.4870155436832681,0.03821612733623894,0.014662485034155274,-1.9714229326746147,0.0,1.0,0.6916666666666667,0.6916666666666667,0.6916666666666667,0.43333333333333335,1.0,0.0,paper_base,36,236
120.0,34.75884389909293,0.23333333333333334,0.23333333333333334,0.39166666666666666,0.375,0.39166666666666666,0.5920142593736373,0.4079857406263628,0.28965703249244107,1.0008914699423876,0.9993423425263462,-1.7803305179291404,0.0,1.0,0.325,0.325,0.325,0.6833333333333333,1.0,0.0,paper_base,37,237
120.0,44.441426415338,0.23333333333333334,0.23333333333333334,0.3333333333333333,0.31666666666666665,0.3333333333333333,0.6710378272136241,0.32896217278637585,0.3703452201278167,0.028442977641353433,0.024513154787444986,-2.1572830742753677,0.0,1.0,0.7333333333333333,0.7333333333333333,0.7333333333333333,0.35833333333333334,1.0,0.0,paper_base,38,238
120.0,12.482031959724985,0.23333333333333334,0.23333333333333334,0.3333333333333333,0.325,0.3333333333333333,0.5544940648767466,0.44550593512325337,0.10401693299770821,1.0361624456718745,1.0325608565869588,-2.0328828233084644,0.0,1.0,0.4583333333333333,0.4583333333333333,0.4583333333333333,0.6416666666666667,1.0,0.0,paper_base,39,239
120.0,39.841531064916566,0.23333333333333334,0.23333333333333334,0.36666666666666664,0.35,0.36666666666666664,0.7241221622910262,0.27587783770897367,0.3320127588743047,0.08695619437912722,0.07798565230236625,-2.167377376091991,0.0,1.0,0.775,0.775,0.775,0.4,1.0,0.0,paper_base,40,240
120.0,48.26574707744347,0.23333333333333334,0.23333333333333334,0.38333333333333336,0.375,0.38333333333333336,0.6939614752832052,0.30603852471679477,0.40221455897869557,0.13845119077553505,0.12784622406537716,-1.847533805432199,0.0,1.0,0.6666666666666666,0.6666666666666666,0.6666666666666666,0.65,1.0,0.0,paper_base,41,241
120.0,33.34602666538913,0.23333333333333334,0.23333333333333334,0.325,0.30833333333333335,0.325,0.6741742805804605,0.3258257194195394,0.27788355554490946,0.19042660978967368,0.1833813976094543,-2.3047692031803915,0.0,1.0,0.6916666666666667,0.6916666666666667,0.6916666666666667,0.44166666666666665,1.0,0.0,paper_base,42,242
120.0,15.682178795524997,0.23333333333333334,0.23333333333333334,0.325,0.3,0.325,0.6423026327992083,0.3576973672007916,0.13068482329604164,0.21666635482746593,0.21158533687065398,-2.0979652485320686,0.0,1.0,0.7166666666666667,0.7166666666666667,0.7166666666666667,0.4666666666666667,1.0,0.0,paper_base,43,243
120.0,60.412462846878896,0.23333333333333334,0.23333333333333334,0.35833333333333334,0.35,0.35833333333333334,0.7055012831569061,0.2944987168430939,0.5034371903906575,0.06041776752559745,0.05061375201444517,-1.7446739138648426,0.0,1.0,0.6833333333333333,0.6833333333333333,0.6833333333333333,0.49166666666666664,1.0,0.0,paper_base,44,244
120.0,49.24019189684038,0.23333333333333334,0.23333333333333334,0.3333333333333333,0.325,0.3333333333333333,0.7093314562403943,0.29066854375960555,0.4103349324736698,0.11755158734957698,0.10741839822333557,-1.8201055338041239,0.0,1.0,0.675,0.675,0.675,0.5,1.0,0.0,paper_base,45,245
120.0,55.0101733632779,0.23333333333333334,0.23333333333333334,0.3416666666666667,0.31666666666666665,0.3416666666666667,0.7356321246150713,0.2643678753849286,0.4584181113606492,0.042936027805745965,0.02539393216500695,-1.9126150464938259,0.0,1.0,0.7916666666666666,0.7916666666666666,0.7916666666666666,0.3333333333333333,1.0,0.0,paper_base,46,246
120.0,47.33199849690678,0.23333333333333334,0.23333333333333334,0.35,0.325,0.35,0.6362964376315735,0.36370356236842655,0.3944333208075565,0.17682865637349063,0.15487911345871544,-2.236692008507661,0.0,1.0,0.7,0.7,0.7,0.5833333333333334,1.0,0.0,paper_base,47,247
120.0,61.303684696495786,0.23333333333333334,0.23333333333333334,0.36666666666666664,0.35833333333333334,0.36666666666666664,0.7313999613357569,0.26860003866424315,0.5108640391374649,0.14274596573404166,0.1303380577963219,-1.6968089063286773,0.0,1.0,0.6416666666666667,0.6416666666666667,0.6416666666666667,0.6083333333333333,1.0,0.0,paper_base,48,248
120.0,66.67154583177857,0.23333333333333334,0.23333333333333334,0.35833333333333334,0.35,0.35833333333333334,0.8541121584238546,0.14588784157614543,0.5555962152648214,0.01290806156712061,0.0007752102575288808,-1.877803555389093,0.0,1.0,0.675,0.675,0.675,0.4583333333333333,1.0,0.0,paper_base,49,249
120.0,47.24480814235157,0.23333333333333334,0.23333333333333334,0.325,0.31666666666666665,0.325,0.8550003263933313,0.14499967360666866,0.3937067345195964,0.018421327347146518,0.0031538695108289726,-2.096554776394796,0.0,1.0,0.7666666666666667,0.7666666666666667,0.7666666666666667,0.3,1.0,0.0,paper_base,50,250
120.0,34.032139984105726,0.23333333333333334,0.23333333333333334,0.35,0.35,0.35,0.8084928755294148,0.19150712447058524,0.28360116653421436,0.14908708400892998,0.14054897713824083,-2.052798906197371,0.0,1.0,0.6666666666666666,0.6666666666666666,0.6666666666666666,0.375,1.0,0.0,paper_base,51,251
120.0,27.68151084593479,0.23333333333333334,0.23333333333333334,0.31666666666666665,0.3,0.31666666666666665,0.7583541526347314,0.24164584736526865,0.23067925704945658,0.1451950669423644,0.1336509992340276,-2.167398953973167,0.0,1.0,0.7166666666666667,0.7166666666666667,0.7166666666666667,0.36666666666666664,1.0,0.0,paper_base,52,252
120.0,57.15455949836018,0.23333333333333334,0.23333333333333334,0.31666666666666665,0.26666666666666666,0.31666666666666665,0.7086846222058315,0.2913153777941686,0.47628799581966813,0.20299416896302286,0.1953921595366753,-1.9183668707294055,0.0,1.0,0.725,0.725,0.725,0.5,1.0,0.0,paper_base,53,253
120.0,45.39895992704931,0.23333333333333334,0.23333333333333334,0.4,0.39166666666666666,0.4,0.7170439542226802,0.28295604577731986,0.37832466605874426,0.374753336287769,0.36447660106436347,-1.802103123818424,0.0,1.0,0.5166666666666667,0.5166666666666667,0.5166666666666667,0.5166666666666667,1.0,0.0,paper_base,54,254
120.0,29.240703067992534,0.23333333333333334,0.23333333333333334,0.325,0.31666666666666665,0.325,0.720564445833308,0.279435554166692,0.24367252556660446,0.2905905543037021,0.28324027421697195,-2.074579308007133,0.0,1.0,0.6916666666666667,0.6916666666666667,0.6916666666666667,0.3333333333333333,1.0,0.0,paper_base,55,255
120.0,86.54684724117004,0.23333333333333334,0.23333333333333334,0.325,0.31666666666666665,0.325,0.6436080818039652,0.3563919181960348,0.7212237270097503,0.3599915088870605,0.33776832169387655,-1.667193512072315,0.0,1.0,0.6166666666666667,0.6166666666666667,0.6166666666666667,0.5583333333333333,1.0,0.0,paper_base,56,256
120.0,47.07131072589906,0.23333333333333334,0.23333333333333334,0.30833333333333335,0.2916666666666667,0.30833333333333335,0.7833580036315162,0.21664199636848375,0.3922609227158255,0.06756840796228497,0.06332173297215475,-2.053970529992845,0.0,1.0,0.8,0.8,0.8,0.39166666666666666,1.0,0.0,paper_base,57,257
120.0,63.7419974637499,0.23333333333333334,0.23333333333333334,0.325,0.2916666666666667,0.325,0.7117627870614563,0.28823721293854365,0.5311833121979158,0.12765389212079514,0.08107257387957872,-1.6455239564576636,0.0,1.0,0.675,0.675,0.675,0.48333333333333334,1.0,0.0,paper_base,58,258
120.0,71.43797634593395,0.23333333333333334,0.23333333333333334,0.35,0.3333333333333333,0.35,0.6858803368612132,0.31411966313878675,0.5953164695494496,0.30072789372650366,0.2929774037108916,-1.4961930310758578,0.0,1.0,0.36666666666666664,0.36666666666666664,0.36666666666666664,0.6583333333333333,1.0,0.0,paper_base,59,259
120.0,71.71742341882806,0.23333333333333334,0.23333333333333334,0.325,0.30833333333333335,0.325,0.7691755898933006,0.23082441010669938,0.5976451951569005,0.020279343412191998,0.006983695829795579,-1.665851526640335,0.0,1.0,0.725,0.725,0.725,0.4166666666666667,1.0,0.0,paper_base,60,260
120.0,70.55871490190282,0.23333333333333334,0.23333333333333334,0.3333333333333333,0.30833333333333335,0.3333333333333333,0.5529816225299834,0.4470183774700166,0.5879892908491902,0.7047627102158531,0.6996961226029403,-1.3495738848293908,0.0,1.0,0.21666666666666667,0.21666666666666667,0.21666666666666667,0.8166666666666667,1.0,0.0,paper_base,61,261
120.0,50.323015778215634,0.23333333333333334,0.23333333333333334,0.4,0.4,0.4,0.8016123874334009,0.1983876125665991,0.4193584648184636,0.0198754926418837,0.012130307529807982,-1.8516567899855711,0.0,1.0,0.6666666666666666,0.6666666666666666,0.6666666666666666,0.475,1.0,0.0,paper_base,62,262
120.0,55.892005171526144,0.23333333333333334,0.23333333333333334,0.3,0.25833333333333336,0.3,0.6883562908228008,0.3116437091771992,0.4657667097627179,0.1332046734175896,0.12157270811118838,-1.6442386274087137,0.0,1.0,0.675,0.675,0.675,0.475,1.0,0.0,paper_base,63,263
120.0,68.76452160836568,0.23333333333333334,0.23333333333333334,0.3,0.275,0.3,0.6669880992998997,0.33301190070010034,0.573037680069714,0.062441721457848834,0.03950318826336389,-1.7790319413174909,0.0,1.0,0.7583333333333333,0.7583333333333333,0.7583333333333333,0.39166666666666666,1.0,0.0,paper_base,64,264
120.0,46.70563692365569,0.23333333333333334,0.23333333333333334,0.35833333333333334,0.35833333333333334,0.35833333333333334,0.7457993759140567,0.25420062408594335,0.3892136410304641,0.14870185862742213,0.1404194108394334,-2.0075188275953284,0.0,1.0,0.7833333333333333,0.7833333333333333,0.7833333333333333,0.5083333333333333,1.0,0.0,paper_base,65,265
120.0,58.27484155293173,0.23333333333333334,0.23333333333333334,0.3333333333333333,0.325,0.3333333333333333,0.5195318781351493,0.48046812186485066,0.4856236796077644,0.8261422326774202,0.8160647342076071,-1.5175425660092425,0.0,1.0,0.36666666666666664,0.36666666666666664,0.36666666666666664,0.6916666666666667,1.0,0.0,paper_base,66,266
120.0,69.58156332049681,0.23333333333333334,0.23333333333333334,0.3,0.2833333333333333,0.3,0.5943701241367276,0.4056298758632725,0.5798463610041401,0.3444242638593378,0.3326545105864291,-1.6807054203639111,0.0,1.0,0.5833333333333334,0.5833333333333334,0.5833333333333334,0.6166666666666667,1.0,0.0,paper_base,67,267
120.0,80.25188465315476,0.23333333333333334,0.23333333333333334,0.325,0.31666666666666665,0.325,0.6594786696083741,0.3405213303916259,0.6687657054429563,0.33266727891716613,0.3246499361681637,-1.5305380912333348,0.0,1.0,0.39166666666666666,0.39166666666666666,0.39166666666666666,0.725,1.0,0.0,paper_base,68,268
120.0,79.15112947763176,0.23333333333333334,0.23333333333333334,0.2833333333333333,0.2833333333333333,0.2833333333333333,0.5870664910228283,0.4129335089771717,0.6595927456469313,0.35275639602050257,0.3370999226390208,-1.957550838014377,0.0,1.0,0.7583333333333333,0.7583333333333333,0.7583333333333333,0.675,1.0,0.0,paper_base,69,269
120.0,45.968289831117985,0.23333333333333334,0.23333333333333334,0.3,0.2916666666666667,0.3,0.4522612031443853,0.5477387968556147,0.3830690819259832,0.7876720328194924,0.7843882185898357,-2.046369059552407,0.0,1.0,0.3333333333333333,0.3333333333333333,0.3333333333333333,0.9,1.0,0.0,paper_base,70,270
120.0,59.8947877302971,0.23333333333333334,0.23333333333333334,0.31666666666666665,0.3,0.31666666666666665,0.46427376530935394,0.5357262346906461,0.49912323108580914,1.080408191076063,1.0763937817406235,-1.2868323874402192,0.18333333333333332,0.8166666666666667,0.2833333333333333,0.2833333333333333,0.2833333333333333,0.8583333333333333,1.0,0.0,paper_base,71,271
120.0,84.97371540647202,0.23333333333333334,0.23333333333333334,0.3333333333333333,0.325,0.3333333333333333,0.6425633133169307,0.3574366866830692,0.7081142950539335,0.14929448387261932,0.13676624544501828,-1.7616616221313044,0.0,1.0,0.55,0.55,0.55,0.7333333333333333,1.0,0.0,paper_base,72,272
120.0,82.3415236473079,0.23333333333333334,0.23333333333333334,0.2916666666666667,0.2833333333333333,0.2916666666666667,0.5054141504371803,0.4945858495628197,0.6861793637275658,0.5918713784381938,0.58679108994749,-1.4814495653647721,0.0,1.0,0.3,0.3,0.3,0.8083333333333333,1.0,0.0,paper_base,73,273
120.0,81.61408037842888,0.23333333333333334,0.23333333333333334,0.325,0.30833333333333335,0.325,0.6172299661109683,0.3827700338890318,0.6801173364869073,0.13314430338327465,0.1040153507303035,-2.119578340471817,0.0,1.0,0.55,0.55,0.55,0.6583333333333333,1.0,0.0,paper_base,74,274
120.0,80.54083024333335,0.23333333333333334,0.23333333333333334,0.3416666666666667,0.31666666666666665,0.3416666666666667,0.6811701935020641,0.318829806497936,0.6711735853611113,0.027947967990336095,0.015253914984021906,-2.1752613085636985,0.0,1.0,0.75,0.75,0.75,0.6833333333333333,1.0,0.0,paper_base,75,275
120.0,79.46061242569371,0.23333333333333334,0.23333333333333334,0.325,0.30833333333333335,0.325,0.7222051291284836,0.2777948708715164,0.6621717702141142,0.029484400197264185,0.020991042523211986,-1.9661277007325808,0.0,1.0,0.7166666666666667,0.7166666666666667,0.7166666666666667,0.6583333333333333,1.0,0.0,paper_base,76,276
120.0,44.79065466307702,0.23333333333333334,0.23333333333333334,0.325,0.31666666666666665,0.325,0.45412169230395294,0.545878307696047,0.3732554555256418,0.8192369086958825,0.8124899703673499,-1.9702410344018797,0.0,1.0,0.4083333333333333,0.4083333333333333,0.4083333333333333,0.7916666666666666,1.0,0.0,paper_base,77,277
120.0,58.03691768099347,0.23333333333333334,0.23333333333333334,0.30833333333333335,0.3,0.30833333333333335,0.5404962576447289,0.45950374235527125,0.4836409806749456,0.3135812140352077,0.2857550372746773,-2.503980249617275,0.0,1.0,0.7583333333333333,0.7583333333333333,0.7583333333333333,0.6916666666666667,1.0,0.0,paper_base,78,278
120.0,81.175024379662,0.23333333333333334,0.23333333333333334,0.325,0.31666666666666665,0.325,0.6882639244460866,0.31173607555391336,0.6764585364971833,0.04732125942956985,0.031665936859221706,-2.4654359852237486,0.0,1.0,0.75,0.75,0.75,0.45,1.0,0.0,paper_base,79,279
120.0,85.6673228920424,0.23333333333333334,0.23333333333333334,0.30833333333333335,0.3,0.30833333333333335,0.5768532120796999,0.4231467879203002,0.7138943574336867,0.14595441196257533,0.1418504663789322,-2.1718168261331225,0.0,1.0,0.6583333333333333,0.6583333333333333,0.6583333333333333,0.85,1.0,0.0,paper_base,80,280
120.0,88.4950774143336,0.23333333333333334,0.23333333333333334,0.3,0.2833333333333333,0.3,0.6152883899581759,0.3847116100418241,0.73745897845278,0.048645002856153405,0.030491389023977557,-3.3567167745166433,0.0,1.0,0.7083333333333334,0.7083333333333334,0.7083333333333334,0.6416666666666667,1.0,0.0,paper_base,81,281
120.0,42.63126052933929,0.23333333333333334,0.23333333333333334,0.325,0.30833333333333335,0.325,0.5884998220872123,0.4115001779127878,0.3552605044111608,0.2979889937468804,0.29185086016448486,-2.7037944667885188,0.0,1.0,0.7083333333333334,0.7083333333333334,0.7083333333333334,0.7083333333333334,1.0,0.0,paper_base,82,282
120.0,72.48765475138501,0.23333333333333334,0.23333333333333334,0.3333333333333333,0.325,0.3333333333333333,0.5055656196495822,0.49443438035041787,0.6040637895948751,0.6772465936565716,0.669715207674264,-1.556564489844369,0.0,1.0,0.30833333333333335,0.30833333333333335,0.30833333333333335,0.85,1.0,0.0,paper_base,83,283
120.0,42.89527060241451,0.23333333333333334,0.23333333333333334,0.325,0.30833333333333335,0.325,0.4952954280881767,0.5047045719118234,0.3574605883534543,0.7163785056055938,0.7099477577949732,-2.2191458034575864,0.0,1.0,0.39166666666666666,0.39166666666666666,0.39166666666666666,0.8833333333333333,1.0,0.0,paper_base,84,284
120.0,74.48045030116629,0.23333333333333334,0.23333333333333334,0.3333333333333333,0.30833333333333335,0.3333333333333333,0.6089201578020663,0.3910798421979337,0.6206704191763858,0.20624975191591513,0.17760652155457488,-2.637929106596144,0.0,1.0,0.7416666666666667,0.7416666666666667,0.7416666666666667,0.6583333333333333,1.0,0.0,paper_base,85,285
120.0,87.75123207996333,0.23333333333333334,0.23333333333333334,0.31666666666666665,0.2833333333333333,0.31666666666666665,0.657907751467952,0.34209224853204806,0.7312602673330277,0.06359053935966964,0.048968025913019235,-2.2793258664325,0.0,1.0,0.7333333333333333,0.7333333333333333,0.7333333333333333,0.5583333333333333,1.0,0.0,paper_base,86,286
120.0,70.49960832787018,0.23333333333333334,0.23333333333333334,0.31666666666666665,0.30833333333333335,0.31666666666666665,0.6828490566832105,0.3171509433167895,0.5874967360655848,0.03611182955709378,0.024731074756508153,-2.8833092611917674,0.0,1.0,0.6666666666666666,0.6666666666666666,0.6666666666666666,0.4083333333333333,1.0,0.0,paper_base,87,287
120.0,77.24966263395885,0.23333333333333334,0.23333333333333334,0.2916666666666667,0.275,0.2916666666666667,0.5544426861305147,0.4455573138694852,0.6437471886163237,0.16453898898799219,0.15569592255872555,-2.0008586222672875,0.0,1.0,0.7333333333333333,0.7333333333333333,0.7333333333333333,0.7333333333333333,1.0,0.0,paper_base,88,288
120.0,89.69442175207507,0.23333333333333334,0.23333333333333334,0.2916666666666667,0.2916666666666667,0.2916666666666667,0.6577917219385329,0.3422082780614672,0.7474535146006256,0.06930870270774125,0.05998212427555187,-2.1003817512608762,0.0,1.0,0.6916666666666667,0.6916666666666667,0.6916666666666667,0.675,1.0,0.0,paper_base,89,289
120.0,71.58342613390806,0.23333333333333334,0.23333333333333334,0.325,0.325,0.325,0.7201163418415322,0.2798836581584679,0.5965285511159005,0.026545920030292873,0.007967855408291943,-2.257922051552462,0.0,1.0,0.775,0.775,0.775,0.25833333333333336,1.0,0.0,paper_base,90,290
120.0,79.81280465381082,0.23333333333333334,0.23333333333333334,0.2833333333333333,0.2833333333333333,0.2833333333333333,0.4800956368262642,0.5199043631737357,0.6651067054484234,0.3423732929794104,0.32849581686521245,-2.231181724747904,0.0,1.0,0.5583333333333333,0.5583333333333333,0.5583333333333333,0.8583333333333333,1.0,0.0,paper_base,91,291
120.0,60.15372419459671,0.23333333333333334,0.23333333333333334,0.2916666666666667,0.275,0.2916666666666667,0.44613693644319397,0.553863063556806,0.5012810349549726,0.6927823868408874,0.6892412665840787,-1.8802824333093662,0.0,1.0,0.425,0.425,0.425,0.85,1.0,0.0,paper_base,92,292
120.0,91.6410286260928,0.23333333333333334,0.23333333333333334,0.325,0.3,0.325,0.5610580846853919,0.43894191531460813,0.7636752385507733,0.4007261289130444,0.38901307320259615,-1.593570077087597,0.0,1.0,0.43333333333333335,0.43333333333333335,0.43333333333333335,0.7166666666666667,1.0,0.0,paper_base,93,293
120.0,71.22389747594366,0.23333333333333334,0.23333333333333334,0.2916666666666667,0.2916666666666667,0.2916666666666667,0.6801563396850393,0.3198436603149607,0.5935324789661972,0.031357571859549585,0.01913075996792712,-2.6314500742563847,0.0,1.0,0.7416666666666667,0.7416666666666667,0.7416666666666667,0.3,1.0,0.0,paper_base,94,294
120.0,80.23974391751219,0.23333333333333334,0.23333333333333334,0.31666666666666665,0.275,0.31666666666666665,0.4676488570627787,0.5323511429372212,0.6686645326459348,0.5306948103356085,0.518953704629641,-2.089732613033769,0.0,1.0,0.5666666666666667,0.5666666666666667,0.5666666666666667,0.7833333333333333,1.0,0.0,paper_base,95,295
120.0,78.67892978769123,0.23333333333333334,0.23333333333333334,0.35,0.325,0.35,0.4845302879556799,0.5154697120443201,0.6556577482307603,0.48367530745714177,0.47733741533000634,-1.8020888065055947,0.0,1.0,0.425,0.425,0.425,0.8166666666666667,1.0,0.0,paper_base,96,296
120.0,86.03534339656036,0.23333333333333334,0.23333333333333334,0.2833333333333333,0.26666666666666666,0.2833333333333333,0.6734499634056571,0.32655003659434284,0.7169611949713364,0.010337163415355073,-0.028549246080478822,-2.5013305900401996,0.0,1.0,0.7833333333333333,0.7833333333333333,0.7833333333333333,0.2833333333333333,1.0,0.0,paper_base,97,297
120.0,74.16437680747413,0.23333333333333334,0.23333333333333334,0.31666666666666665,0.3,0.31666666666666665,0.4971809740760024,0.5028190259239975,0.6180364733956177,0.5485779348202878,0.5418454208849633,-1.7557468136976249,0.0,1.0,0.49166666666666664,0.49166666666666664,0.49166666666666664,0.7583333333333333,1.0,0.0,paper_base,98,298
120.0,89.99952865789044,0.23333333333333334,0.23333333333333334,0.325,0.325,0.325,0.6457046210869682,0.3542953789130319,0.7499960721490869,0.18145979809876833,0.17083771564658295,-2.067623327898479,0.0,1.0,0.525,0.525,0.525,0.5833333333333334,1.0,0.0,paper_base,99,299
120.0,95.99082981774191,0.23333333333333334,0.23333333333333334,0.2916666666666667,0.26666666666666666,0.2916666666666667,0.6573051771766623,0.34269482282333763,0.799923581814516,0.050910674311900404,0.03760398788250516,-2.0849912002337017,0.0,1.0,0.675,0.675,0.675,0.475,1.0,0.0,paper_base,100,300
120.0,103.96199942967209,0.23333333333333334,0.23333333333333334,0.30833333333333335,0.2916666666666667,0.30833333333333335,0.6768965536763026,0.32310344632369736,0.8663499952472674,0.07507570238159286,0.05303520702679872,-2.001400225128565,0.0,1.0,0.5583333333333333,0.5583333333333333,0.5583333333333333,0.5416666666666666,1.0,0.0,paper_base,101,301
120.0,88.94744826072713,0.23333333333333334,0.23333333333333334,0.31666666666666665,0.3,0.31666666666666665,0.7305055826311391,0.2694944173688608,0.7412287355060594,0.027241479694249077,0.006933690209694863,-2.174657426555287,0.0,1.0,0.75,0.75,0.75,0.45,1.0,0.0,paper_base,102,302
120.0,96.69093895087414,0.23333333333333334,0.23333333333333334,0.3,0.25833333333333336,0.3,0.6795319472258087,0.32046805277419127,0.8057578245906178,0.012323545142767822,-0.0017544920628334766,-2.201557213512696,0.0,1.0,0.7666666666666667,0.7666666666666667,0.7666666666666667,0.5,1.0,0.0,paper_base,103,303
120.0,76.82382034018151,0.23333333333333334,0.23333333333333334,0.26666666666666666,0.25,0.26666666666666666,0.6804900362898277,0.3195099637101722,0.6401985028348459,0.01767453292085673,0.01045620306283179,-2.2026518650616103,0.0,1.0,0.7583333333333333,0.7583333333333333,0.7583333333333333,0.35,1.0,0.0,paper_base,104,304
120.0,80.62017854303522,0.23333333333333334,0.23333333333333334,0.275,0.275,0.275,0.6772238992379935,0.32277610076200636,0.6718348211919601,0.013474026669768813,-0.0074128551852237785,-2.4136140445462866,0.0,1.0,0.8,0.8,0.8,0.23333333333333334,1.0,0.0,paper_base,105,305
120.0,78.11459647812825,0.23333333333333334,0.23333333333333334,0.325,0.325,0.325,0.701857041871843,0.2981429581281572,0.6509549706510688,0.008412158776024914,-0.0011102722995771862,-2.2827453662798556,0.0,1.0,0.6916666666666667,0.6916666666666667,0.6916666666666667,0.375,1.0,0.0,paper_base,106,306
120.0,89.6232776635405,0.23333333333333334,0.23333333333333334,0.2916666666666667,0.2833333333333333,0.2916666666666667,0.6515739048330691,0.34842609516693107,0.7468606471961708,0.05636220406979472,0.04297560132852625,-2.1943061901384664,0.0,1.0,0.6166666666666667,0.6166666666666667,0.6166666666666667,0.48333333333333334,1.0,0.0,paper_base,107,307
120.0,94.01461567175383,0.23333333333333334,0.23333333333333334,0.3,0.2833333333333333,0.3,0.6064986432285508,0.3935013567714492,0.7834551305979486,0.10087865434697646,0.09591728906401152,-2.2119569295289216,0.0,1.0,0.525,0.525,0.525,0.6916666666666667,1.0,0.0,paper_base,108,308
120.0,99.32276241990664,0.23333333333333334,0.23333333333333334,0.275,0.26666666666666666,0.275,0.6727968658458436,0.3272031341541563,0.8276896868325553,0.03193575401079168,0.02336572611321642,-1.918579390163641,0.0,1.0,0.6833333333333333,0.6833333333333333,0.6833333333333333,0.7416666666666667,1.0,0.0,paper_base,109,309
120.0,90.99306579522434,0.23333333333333334,0.23333333333333334,0.25,0.25,0.25,0.636058692568968,0.36394130743103215,0.7582755482935362,0.05435240285066708,0.018912685238887453,-2.469048753191117,0.008333333333333333,0.9916666666666667,0.725,0.725,0.725,0.3333333333333333,1.0,0.0,paper_base,110,310
120.0,86.7946435306222,0.23333333333333334,0.23333333333333334,0.3,0.2916666666666667,0.3,0.49341075966203024,0.5065892403379697,0.7232886960885183,0.605496071880295,0.6008933333787149,-1.7391593325037424,0.0,1.0,0.475,0.475,0.475,0.825,1.0,0.0,paper_base,111,311
120.0,88.49594272540381,0.23333333333333334,0.23333333333333334,0.2916666666666667,0.275,0.2916666666666667,0.5968511830032136,0.4031488169967864,0.7374661893783651,0.1482917830393304,0.1400071052435185,-2.2813005396442434,0.0,1.0,0.5833333333333334,0.5833333333333334,0.5833333333333334,0.4666666666666667,1.0,0.0,paper_base,112,312
120.0,89.4122004591243,0.23333333333333334,0.23333333333333334,0.2916666666666667,0.2833333333333333,0.2916666666666667,0.5243874071115138,0.4756125928884862,0.7451016704927026,0.46662112254063765,0.4575795332879419,-1.8731099688440243,0.0,1.0,0.5166666666666667,0.5166666666666667,0.5166666666666667,0.75,1.0,0.0,paper_base,113,313
120.0,87.96717345597796,0.23333333333333334,0.23333333333333334,0.3,0.2916666666666667,0.3,0.5843515080868106,0.4156484919131894,0.7330597787998163,0.0820390093340242,0.05647462868808913,-2.3474292129736436,0.0,1.0,0.7416666666666667,0.7416666666666667,0.7416666666666667,0.725,1.0,0.0,paper_base,114,314
120.0,83.76176121100028,0.23333333333333334,0.23333333333333334,0.2916666666666667,0.275,0.2916666666666667,0.6686259923014373,0.3313740076985628,0.6980146767583356,0.030639701138376847,0.0031291489788095417,-2.3544720631686356,0.0,1.0,0.7833333333333333,0.7833333333333333,0.7833333333333333,0.4166666666666667,1.0,0.0,paper_base,115,315
120.0,77.08999624029119,0.23333333333333334,0.23333333333333334,0.2916666666666667,0.2833333333333333,0.2916666666666667,0.6705084455839022,0.3294915544160978,0.6424166353357599,0.03150486717745549,0.002418775574757093,-2.8770609388951227,0.0,1.0,0.7416666666666667,0.7416666666666667,0.7416666666666667,0.7083333333333334,1.0,0.0,paper_base,116,316
120.0,90.89870368771156,0.23333333333333334,0.23333333333333334,0.31666666666666665,0.30833333333333335,0.31666666666666665,0.6955265982959964,0.30447340170400367,0.7574891973975963,0.015425196892187154,-0.00817841077498849,-2.522812545621435,0.0,1.0,0.7416666666666667,0.7416666666666667,0.7416666666666667,0.2833333333333333,1.0,0.0,paper_base,117,317
120.0,92.16918620518382,0.23333333333333334,0.23333333333333334,0.2833333333333333,0.275,0.2833333333333333,0.6096178722429998,0.3903821277570002,0.7680765517098652,0.05530493819443261,0.0339275894642467,-2.5094006992130837,0.0,1.0,0.775,0.775,0.775,0.7083333333333334,1.0,0.0,paper_base,118,318
120.0,93.30211666976149,0.23333333333333334,0.23333333333333334,0.3,0.2833333333333333,0.3,0.4964447429681432,0.5035552570318568,0.7775176389146791,0.2633578240683695,0.24996855603702942,-2.033262478676137,0.0,1.0,0.6666666666666666,0.6666666666666666,0.6666666666666666,0.8,1.0,0.0,paper_base,119,319
120.0,95.93617477037357,0.23333333333333334,0.23333333333333334,0.3,0.275,0.3,0.6078539537624813,0.39214604623751864,0.7994681230864464,0.1502603206644684,0.14382057262114992,-2.1606135631972014,0.0,1.0,0.5583333333333333,0.5583333333333333,0.5583333333333333,0.575,1.0,0.0,paper_base,120,320
120.0,97.5789649308524,0.23333333333333334,0.23333333333333334,0.2833333333333333,0.275,0.2833333333333333,0.6489235252839388,0.35107647471606124,0.8131580410904367,0.022161512586520594,-0.004424435409570543,-2.307734822137805,0.0,1.0,0.7833333333333333,0.7833333333333333,0.7833333333333333,0.375,1.0,0.0,paper_base,121,321
120.0,86.52571916874145,0.23333333333333334,0.23333333333333334,0.31666666666666665,0.3,0.31666666666666665,0.7153222218062074,0.28467777819379264,0.721047659739512,0.02041442311813902,-0.00774521119381388,-2.121385219301885,0.0,1.0,0.7666666666666667,0.7666666666666667,0.7666666666666667,0.38333333333333336,1.0,0.0,paper_base,122,322
120.0,100.97719382063522,0.23333333333333334,0.23333333333333334,0.35,0.35,0.35,0.6320226848070765,0.3679773151929235,0.8414766151719602,0.04424978710868451,0.03649316606010071,-3.2059246656891007,0.0,1.0,0.6833333333333333,0.6833333333333333,0.6833333333333333,0.7583333333333333,1.0,0.0,paper_base,123,323
120.0,75.63210387113328,0.23333333333333334,0.23333333333333334,0.30833333333333335,0.2916666666666667,0.30833333333333335,0.6865234082505789,0.3134765917494212,0.630267532259444,0.015209110750051063,-0.004962843880704939,-2.329666895076597,0.0,1.0,0.7416666666666667,0.7416666666666667,0.7416666666666667,0.325,1.0,0.0,paper_base,124,324
120.0,98.2654821327888,0.23333333333333334,0.23333333333333334,0.3416666666666667,0.31666666666666665,0.3416666666666667,0.6774657970899894,0.3225342029100106,0.81887901777324,0.04156766852596346,0.02352319915767483,-2.2984788315015314,0.0,1.0,0.675,0.675,0.675,0.49166666666666664,1.0,0.0,paper_base,125,325
120.0,88.20910527051868,0.23333333333333334,0.23333333333333334,0.275,0.26666666666666666,0.275,0.6173833825915298,0.38261661740847025,0.7350758772543223,0.019012844270013807,-0.004997660560454973,-2.8691720541757904,0.0,1.0,0.7666666666666667,0.7666666666666667,0.7666666666666667,0.3416666666666667,1.0,0.0,paper_base,126,326
120.0,105.51666350160204,0.23333333333333334,0.23333333333333334,0.3,0.2916666666666667,0.3,0.6268666250691339,0.373133374930866,0.879305529180017,0.09517796487111504,0.08365405040161135,-2.0319429684377424,0.0,1.0,0.6,0.6,0.6,0.475,1.0,0.0,paper_base,127,327
120.0,102.067401210588,0.23333333333333334,0.23333333333333334,0.2833333333333333,0.25,0.2833333333333333,0.6272957769978486,0.3727042230021516,0.8505616767549,0.01459215496003613,-0.028060011358337123,-2.5731827855717335,0.0,1.0,0.7833333333333333,0.7833333333333333,0.7833333333333333,0.3,1.0,0.0,paper_base,128,328
120.0,100.76399521409772,0.23333333333333334,0.23333333333333334,0.2916666666666667,0.275,0.2916666666666667,0.46149081669282643,0.5385091833071736,0.8396999601174809,0.33529621908368246,0.33192215607768805,-1.930760781013895,0.0,1.0,0.6416666666666667,0.6416666666666667,0.6416666666666667,0.85,1.0,0.0,paper_base,129,329
120.0,107.49562670180379,0.23333333333333334,0.23333333333333334,0.325,0.30833333333333335,0.325,0.6235514027825863,0.3764485972174137,0.8957968891816982,0.0554637047073229,0.045953832200399565,-2.9229163413659456,0.0,1.0,0.675,0.675,0.675,0.4583333333333333,1.0,0.0,paper_base,130,330
120.0,101.35562053837799,0.23333333333333334,0.23333333333333334,0.2916666666666667,0.2833333333333333,0.2916666666666667,0.6654488480910669,0.3345511519089331,0.84463017115315,0.019989029292125263,-0.015435466070980246,-2.483647771098118,0.0,1.0,0.7333333333333333,0.7333333333333333,0.7333333333333333,0.325,1.0,0.0,paper_base,131,331
120.0,79.57810422461671,0.23333333333333334,0.23333333333333334,0.2833333333333333,0.2833333333333333,0.2833333333333333,0.5825600070875407,0.4174399929124592,0.6631508685384726,0.150179317945224,0.14674509086737048,-3.2545993610427293,0.0,1.0,0.575,0.575,0.575,0.5083333333333333,1.0,0.0,paper_base,132,332
120.0,97.5410941717474,0.23333333333333334,0.23333333333333334,0.2833333333333333,0.275,0.2833333333333333,0.6190988040545229,0.3809011959454771,0.8128424514312284,0.03177802008214267,-0.04143989629641006,-3.952907885816464,0.0,1.0,0.7333333333333333,0.7333333333333333,0.7333333333333333,0.31666666666666665,1.0,0.0,paper_base,133,333
120.0,92.93391106387242,0.23333333333333334,0.23333333333333334,0.275,0.25833333333333336,0.275,0.6731441499477862,0.3268558500522138,0.7744492588656035,0.024693424094705006,0.009932296753571768,-2.3753006146093028,0.0,1.0,0.725,0.725,0.725,0.39166666666666666,1.0,0.0,paper_base,134,334
120.0,93.80964651148014,0.23333333333333334,0.23333333333333334,0.275,0.25,0.275,0.5905616524129653,0.4094383475870347,0.7817470542623345,0.055697402844899865,0.03795680071794486,-2.143491382703238,0.0,1.0,0.6333333333333333,0.6333333333333333,0.6333333333333333,0.8333333333333334,1.0,0.0,paper_base,135,335
120.0,89.09852131745903,0.23333333333333334,0.23333333333333334,0.30833333333333335,0.30833333333333335,0.30833333333333335,0.6312526758895483,0.36874732411045186,0.742487677645492,0.07635560570889462,0.006763495618416678,-3.246514156072029,0.0,1.0,0.7166666666666667,0.7166666666666667,0.7166666666666667,0.31666666666666665,1.0,0.0,paper_base,136,336
120.0,80.75014774032557,0.23333333333333334,0.23333333333333334,0.2916666666666667,0.2916666666666667,0.2916666666666667,0.5750618732219505,0.4249381267780495,0.6729178978360465,0.12726762591247062,0.09009092149008913,-3.7704488412998383,0.08333333333333333,0.9166666666666666,0.7333333333333333,0.7333333333333333,0.7333333333333333,0.4083333333333333,1.0,0.0,paper_base,137,337
120.0,88.70987655777932,0.23333333333333334,0.23333333333333334,0.325,0.31666666666666665,0.325,0.520991779867297,0.479008220132703,0.7392489713148277,0.26890987065489064,0.2646040186133706,-2.1550625762739823,0.0,1.0,0.5333333333333333,0.5333333333333333,0.5333333333333333,0.8916666666666667,1.0,0.0,paper_base,138,338
120.0,92.88865080626387,0.23333333333333334,0.23333333333333334,0.2916666666666667,0.2916666666666667,0.2916666666666667,0.5963386294805588,0.4036613705194413,0.7740720900521989,0.07798752649652833,0.06868495762010068,-2.7959873030090625,0.0,1.0,0.6416666666666667,0.6416666666666667,0.6416666666666667,0.45,1.0,0.0,paper_base,139,339
120.0,79.02906611286755,0.23333333333333334,0.23333333333333334,0.2833333333333333,0.2833333333333333,0.2833333333333333,0.5813518729764675,0.41864812702353255,0.658575550940563,0.11690710801866624,0.09962922900569521,-2.4284590074191432,0.0,1.0,0.7916666666666666,0.7916666666666666,0.7916666666666666,0.5666666666666667,1.0,0.0,paper_base,140,340
120.0,99.25262032851398,0.23333333333333334,0.23333333333333334,0.275,0.275,0.275,0.5804543285689374,0.41954567143106264,0.8271051694042832,0.08162210167588854,0.07763949143108141,-4.9657446246426264,0.0,1.0,0.6583333333333333,0.6583333333333333,0.6583333333333333,0.5,1.0,0.0,paper_base,141,341
120.0,92.22935979257778,0.23333333333333334,0.23333333333333334,0.2833333333333333,0.25833333333333336,0.2833333333333333,0.5209245605228284,0.4790754394771716,0.7685779982714815,0.3061133519118105,0.30004196994776255,-2.168957601456316,0.0,1.0,0.5416666666666666,0.5416666666666666,0.5416666666666666,0.825,1.0,0.0,paper_base,142,342
120.0,90.6279316636299,0.23333333333333334,0.23333333333333334,0.2833333333333333,0.26666666666666666,0.2833333333333333,0.534502938041804,0.46549706195819596,0.7552327638635824,0.11045950028979575,0.07806867459168791,-2.597390107083105,0.0,1.0,0.7583333333333333,0.7583333333333333,0.7583333333333333,0.775,1.0,0.0,paper_base,143,343
120.0,96.28969910989204,0.23333333333333334,0.23333333333333334,0.26666666666666666,0.25833333333333336,0.26666666666666666,0.603105746077839,0.39689425392216104,0.8024141592491003,0.04734504569300433,0.02970381881903924,-3.3726798648686733,0.0,1.0,0.7083333333333334,0.7083333333333334,0.7083333333333334,0.4083333333333333,1.0,0.0,paper_base,144,344
120.0,90.5522002794506,0.23333333333333334,0.23333333333333334,0.3,0.275,0.3,0.40483539849306405,0.595164601506936,0.7546016689954217,0.6546580146542601,0.6360386986551406,-3.60493858307892,0.0,1.0,0.5916666666666667,0.5916666666666667,0.5916666666666667,0.8916666666666667,1.0,0.0,paper_base,145,345
120.0,99.60731282650497,0.23333333333333334,0.23333333333333334,0.275,0.26666666666666666,0.275,0.5793192698520226,0.4206807301479774,0.8300609402208747,0.18485159499587045,0.14392533603796545,-2.3847136150672807,0.0,1.0,0.6333333333333333,0.6333333333333333,0.6333333333333333,0.5416666666666666,1.0,0.0,paper_base,146,346
120.0,78.1446488814554,0.23333333333333334,0.23333333333333334,0.2833333333333333,0.25833333333333336,0.2833333333333333,0.5931454560729771,0.40685454392702286,0.6512054073454616,0.13008877598722943,0.12134588380033054,-2.333860553093722,0.0,1.0,0.6083333333333333,0.6083333333333333,0.6083333333333333,0.8333333333333334,1.0,0.0,paper_base,147,347
120.0,95.02559235223256,0.23333333333333334,0.23333333333333334,0.31666666666666665,0.2916666666666667,0.31666666666666665,0.5379769533158907,0.4620230466841093,0.7918799362686048,0.23930510246737902,0.23228842426654453,-2.3148462149549593,0.0,1.0,0.7416666666666667,0.7416666666666667,0.7416666666666667,0.8,1.0,0.0,paper_base,148,348
120.0,73.48908438381977,0.23333333333333334,0.23333333333333334,0.2833333333333333,0.26666666666666666,0.2833333333333333,0.586419894989257,0.41358010501074305,0.6124090365318314,0.09728590215416925,0.08179704729995975,-3.5708397718398333,0.0,1.0,0.7166666666666667,0.7166666666666667,0.7166666666666667,0.8666666666666667,1.0,0.0,paper_base,149,349
120.0,97.99056741037114,0.23333333333333334,0.23333333333333334,0.325,0.31666666666666665,0.325,0.577787328368443,0.42221267163155685,0.8165880617530928,0.24525872468375945,0.23547171223899635,-2.026119737176062,0.0,1.0,0.45,0.45,0.45,0.7666666666666667,1.0,0.0,paper_base,150,350
120.0,102.43091594578588,0.23333333333333334,0.23333333333333334,0.2916666666666667,0.2833333333333333,0.2916666666666667,0.5912185500435743,0.4087814499564258,0.8535909662148824,0.14304305101091483,0.0752287234627703,-2.916882351811111,0.03333333333333333,0.9666666666666667,0.7333333333333333,0.7333333333333333,0.7333333333333333,0.5,1.0,0.0,paper_base,151,351
120.0,103.58571288884647,0.23333333333333334,0.23333333333333334,0.3416666666666667,0.3416666666666667,0.3416666666666667,0.5993004178133899,0.4006995821866102,0.8632142740737206,0.14612287282677183,0.111451582964522,-2.4125057923523476,0.0,1.0,0.6916666666666667,0.6916666666666667,0.6916666666666667,0.8,1.0,0.0,paper_base,152,352
120.0,85.65797002142153,0.23333333333333334,0.23333333333333334,0.3,0.275,0.3,0.49714335668337195,0.502856643316628,0.7138164168451795,0.48223711011614623,0.4496300098649389,-2.2117864731699557,0.0,1.0,0.6,0.6,0.6,0.775,1.0,0.0,paper_base,153,353
120.0,103.75101353571377,0.23333333333333334,0.23333333333333334,0.325,0.31666666666666665,0.325,0.528976870955751,0.47102312904424903,0.8645917794642813,0.3818747845028683,0.3241537783526528,-3.529667113820045,0.008333333333333333,0.9916666666666667,0.7,0.7,0.7,0.8,1.0,0.0,paper_base,154,354
120.0,89.35338026655718,0.23333333333333334,0.23333333333333334,0.2916666666666667,0.2833333333333333,0.2916666666666667,0.6114912798735335,0.38850872012646664,0.7446115022213099,0.10574443424989069,0.0863200376010245,-2.51563847905147,0.0,1.0,0.75,0.75,0.75,0.7833333333333333,1.0,0.0,paper_base,155,355
120.0,85.2786940749846,0.23333333333333334,0.23333333333333334,0.35,0.3416666666666667,0.35,0.5479604740194294,0.4520395259805706,0.710655783958205,0.40119284721829573,0.3736946894684017,-2.1608376641226124,0.0,1.0,0.5,0.5,0.5,0.825,1.0,0.0,paper_base,156,356
120.0,88.2972632766236,0.23333333333333334,0.23333333333333334,0.2916666666666667,0.2833333333333333,0.2916666666666667,0.48587295155373317,0.5141270484462669,0.7358105273051966,0.5446681032689625,0.4868233225123428,-2.258594914262386,0.0,1.0,0.6083333333333333,0.6083333333333333,0.6083333333333333,0.75,1.0,0.0,paper_base,157,357
120.0,80.69882224337007,0.23333333333333334,0.23333333333333334,0.3,0.3,0.3,0.4238368283160797,0.5761631716839202,0.6724901853614172,0.7798385857124356,0.7763186998686576,-3.9677693241370333,0.0,1.0,0.525,0.525,0.525,0.9583333333333334,1.0,0.0,paper_base,158,358
120.0,87.75102014278195,0.23333333333333334,0.23333333333333334,0.31666666666666665,0.30833333333333335,0.31666666666666665,0.6543986656396334,0.34560133436036655,0.7312585011898496,0.053662580579604754,0.006977771492050986,-2.4206898236750183,0.0,1.0,0.75,0.75,0.75,0.725,1.0,0.0,paper_base,159,359
120.0,92.82829308387154,0.23333333333333334,0.23333333333333334,0.2916666666666667,0.275,0.2916666666666667,0.4973648968819771,0.5026351031180228,0.7735691090322628,0.3216345985524008,0.29123095645815705,-3.5859030762090063,0.0,1.0,0.65,0.65,0.65,0.8333333333333334,1.0,0.0,paper_base,160,360
120.0,78.37918254867171,0.23333333333333334,0.23333333333333334,0.2833333333333333,0.25,0.2833333333333333,0.42268376426574356,0.5773162357342565,0.6531598545722642,0.7550747935592805,0.7411740818320548,-1.755108680240509,0.0,1.0,0.38333333333333336,0.38333333333333336,0.38333333333333336,0.7833333333333333,1.0,0.0,paper_base,161,361
120.0,102.1190062325114,0.23333333333333334,0.23333333333333334,0.2916666666666667,0.26666666666666666,0.2916666666666667,0.48296487951002454,0.5170351204899755,0.8509917186042616,0.3653836586298603,0.35755977871683725,-2.1534775218130275,0.0,1.0,0.48333333333333334,0.48333333333333334,0.48333333333333334,0.925,1.0,0.0,paper_base,162,362
120.0,101.43261779877069,0.23333333333333334,0.23333333333333334,0.30833333333333335,0.3,0.30833333333333335,0.5406359719693744,0.4593640280306256,0.8452718149897558,0.08070478017823374,0.029121324408875503,-5.473417123932292,0.0,1.0,0.6833333333333333,0.6833333333333333,0.6833333333333333,0.775,1.0,0.0,paper_base,163,363
120.0,108.14110994820481,0.23333333333333334,0.23333333333333334,0.2916666666666667,0.275,0.2916666666666667,0.5995976325656169,0.40040236743438307,0.9011759162350401,0.06802031775535795,0.048143696826140045,-2.794233104862684,0.0,1.0,0.7083333333333334,0.7083333333333334,0.7083333333333334,0.5,1.0,0.0,paper_base,164,364
120.0,107.56188548858947,0.23333333333333334,0.23333333333333334,0.275,0.225,0.275,0.5680821340658597,0.4319178659341402,0.8963490457382456,0.06851746377617812,0.00046437256433441433,-2.8925778536540436,0.0,1.0,0.775,0.775,0.775,0.48333333333333334,1.0,0.0,paper_base,165,365
120.0,61.92933978936286,0.23333333333333334,0.23333333333333334,0.30833333333333335,0.30833333333333335,0.30833333333333335,0.40974655132519583,0.5902534486748042,0.5160778315780238,0.948766675411928,0.948361278642993,-2.8084641612599697,0.0,1.0,0.39166666666666666,0.39166666666666666,0.39166666666666666,0.9833333333333333,1.0,0.0,paper_base,166,366
120.0,76.72916798925226,0.23333333333333334,0.23333333333333334,0.2833333333333333,0.26666666666666666,0.2833333333333333,0.40649827336177263,0.5935017266382272,0.6394097332437688,0.8805501735561184,0.8487896155250095,-2.7772933948450316,0.0,1.0,0.5416666666666666,0.5416666666666666,0.5416666666666666,0.8333333333333334,1.0,0.0,paper_base,167,367
120.0,98.5916463831193,0.23333333333333334,0.23333333333333334,0.30833333333333335,0.2833333333333333,0.30833333333333335,0.6184611721950273,0.3815388278049728,0.8215970531926609,0.025621926021678457,0.017504062534653458,-3.7737064024128975,0.0,1.0,0.7416666666666667,0.7416666666666667,0.7416666666666667,0.49166666666666664,1.0,0.0,paper_base,168,368
120.0,105.90491507478902,0.23333333333333334,0.23333333333333334,0.30833333333333335,0.30833333333333335,0.30833333333333335,0.6365621439291156,0.3634378560708844,0.8825409589565751,0.04718426351910502,-0.00044919958145539556,-3.669110507318671,0.0,1.0,0.7083333333333334,0.7083333333333334,0.7083333333333334,0.4083333333333333,1.0,0.0,paper_base,169,369
120.0,104.0248935578242,0.23333333333333334,0.23333333333333334,0.2833333333333333,0.26666666666666666,0.2833333333333333,0.5284496464041946,0.47155035359580544,0.8668741129818683,0.22141660634103075,0.20871557434236512,-2.896392814409172,0.0,1.0,0.5916666666666667,0.5916666666666667,0.5916666666666667,0.6833333333333333,1.0,0.0,paper_base,170,370
120.0,51.690467127184135,0.23333333333333334,0.23333333333333334,0.2833333333333333,0.275,0.2833333333333333,0.4121707342543392,0.5878292657456607,0.43075389272653447,0.9162275131665837,0.8916348481965408,-2.4699036704850017,0.0,1.0,0.525,0.525,0.525,0.8083333333333333,1.0,0.0,paper_base,171,371
120.0,104.5962526181159,0.23333333333333334,0.23333333333333334,0.2833333333333333,0.2833333333333333,0.2833333333333333,0.4816838097428608,0.5183161902571392,0.8716354384842991,0.30377451109145176,0.29670803834498993,-3.282179675859518,0.0,1.0,0.575,0.575,0.575,0.8333333333333334,1.0,0.0,paper_base,172,372
120.0,104.28788263493871,0.23333333333333334,0.23333333333333334,0.26666666666666666,0.23333333333333334,0.26666666666666666,0.5000724793540446,0.4999275206459553,0.8690656886244893,0.21375380103624972,0.17613318781445575,-2.7488113038206996,0.0,1.0,0.6666666666666666,0.6666666666666666,0.6666666666666666,0.8,1.0,0.0,paper_base,173,373
120.0,63.50981863244122,0.23333333333333334,0.23333333333333334,0.26666666666666666,0.25833333333333336,0.26666666666666666,0.4005798662054116,0.5994201337945884,0.5292484886036768,0.8777145744168418,0.8468006278060685,-2.685611733098161,0.0,1.0,0.5583333333333333,0.5583333333333333,0.5583333333333333,0.8,1.0,0.0,paper_base,174,374
120.0,87.67390171453451,0.23333333333333334,0.23333333333333334,0.275,0.25833333333333336,0.275,0.41469353551598515,0.5853064644840148,0.7306158476211209,0.6167222052650383,0.5991913337124414,-5.012386328159405,0.0,1.0,0.7333333333333333,0.7333333333333333,0.7333333333333333,0.8833333333333333,1.0,0.0,paper_base,175,375
120.0,109.82189185710888,0.23333333333333334,0.23333333333333334,0.25833333333333336,0.23333333333333334,0.25833333333333336,0.5325683471492236,0.46743165285077637,0.915182432142574,0.13941576037514383,0.10773135849250352,-2.6121208796030206,0.0,1.0,0.7583333333333333,0.7583333333333333,0.7583333333333333,0.7083333333333334,1.0,0.0,paper_base,176,376
120.0,86.57356847036738,0.23333333333333334,0.23333333333333334,0.2833333333333333,0.26666666666666666,0.2833333333333333,0.415202160844515,0.5847978391554849,0.7214464039197281,0.7308874350351989,0.7024789204328724,-3.8626193322176188,0.0,1.0,0.6416666666666667,0.6416666666666667,0.6416666666666667,0.8416666666666667,1.0,0.0,paper_base,177,377
120.0,115.02446486992764,0.23333333333333334,0.23333333333333334,0.2916666666666667,0.2916666666666667,0.2916666666666667,0.6072098808938947,0.39279011910610523,0.9585372072493971,0.05185962125491687,0.02744241768845647,-3.3288085078505323,0.0,1.0,0.725,0.725,0.725,0.525,1.0,0.0,paper_base,178,378
120.0,81.07503059531108,0.23333333333333334,0.23333333333333334,0.3,0.275,0.3,0.43459792059571883,0.5654020794042812,0.6756252549609256,0.7800356402161264,0.7518337340017825,-2.81057513833044,0.0,1.0,0.55,0.55,0.55,0.85,1.0,0.0,paper_base,179,379
120.0,104.03863641012174,0.23333333333333334,0.23333333333333334,0.275,0.24166666666666667,0.275,0.46234740384056006,0.53765259615944,0.8669886367510145,0.2804173154791262,0.211031334203758,-3.2164735359756826,0.0,1.0,0.7916666666666666,0.7916666666666666,0.7916666666666666,0.7916666666666666,1.0,0.0,paper_base,180,380
120.0,90.3959990580833,0.23333333333333334,0.23333333333333334,0.30833333333333335,0.26666666666666666,0.30833333333333335,0.6517627911537266,0.3482372088462734,0.7532999921506942,0.0389576500996016,0.010861574801187579,-2.9110308955110753,0.0,1.0,0.775,0.775,0.775,0.25833333333333336,1.0,0.0,paper_base,181,381
120.0,104.90777813862897,0.23333333333333334,0.23333333333333334,0.2916666666666667,0.275,0.2916666666666667,0.5528057656673884,0.44719423433261163,0.8742314844885748,0.18673926212768527,0.15529130856651324,-2.567279604305708,0.0,1.0,0.6083333333333333,0.6083333333333333,0.6083333333333333,0.55,1.0,0.0,paper_base,182,382
120.0,99.74283763218045,0.23333333333333334,0.23333333333333334,0.26666666666666666,0.225,0.26666666666666666,0.503858047640098,0.49614195235990194,0.8311903136015037,0.20924991829140913,0.15916456094228265,-3.201216240102597,0.0,1.0,0.6916666666666667,0.6916666666666667,0.6916666666666667,0.7416666666666667,1.0,0.0,paper_base,183,383
120.0,98.1653226265916,0.23333333333333334,0.23333333333333334,0.2833333333333333,0.275,0.2833333333333333,0.5821220763094124,0.4178779236905876,0.8180443552215967,0.06470366383135977,-0.011311193657329204,-5.156421828416179,0.0,1.0,0.75,0.75,0.75,0.4666666666666667,1.0,0.0,paper_base,184,384
120.0,110.844845533251,0.23333333333333334,0.23333333333333334,0.325,0.3,0.325,0.6821254220473839,0.31787457795261614,0.923707046110425,0.02343144733356783,-0.02220679883229502,-2.424573312077992,0.0,1.0,0.7416666666666667,0.7416666666666667,0.7416666666666667,0.36666666666666664,1.0,0.0,paper_base,185,385
120.0,114.63553344076026,0.23333333333333334,0.23333333333333334,0.275,0.24166666666666667,0.275,0.47420739144548896,0.525792608554511,0.9552961120063355,0.49384888246983666,0.48945370302024144,-2.458410415154816,0.008333333333333333,0.9916666666666667,0.48333333333333334,0.48333333333333334,0.48333333333333334,0.725,1.0,0.0,paper_base,186,386
120.0,100.66002712265873,0.23333333333333334,0.23333333333333334,0.3,0.2833333333333333,0.3,0.5309635382843508,0.4690364617156491,0.8388335593554894,0.06501643805369951,0.0302933683499657,-3.0122487373178637,0.0,1.0,0.7333333333333333,0.7333333333333333,0.7333333333333333,0.775,1.0,0.0,paper_base,187,387
120.0,106.99060866334892,0.23333333333333334,0.23333333333333334,0.2833333333333333,0.2833333333333333,0.2833333333333333,0.6056861844708675,0.39431381552913247,0.8915884055279076,0.04880237400953721,0.008306557440952536,-2.9817759483235498,0.0,1.0,0.75,0.75,0.75,0.5,1.0,0.0,paper_base,188,388
120.0,109.61736969235986,0.23333333333333334,0.23333333333333334,0.35,0.325,0.35,0.6607602477369885,0.33923975226301145,0.9134780807696655,0.08270723658235216,0.065919971755031,-2.0583993889443684,0.0,1.0,0.6583333333333333,0.6583333333333333,0.6583333333333333,0.6,1.0,0.0,paper_base,189,389
120.0,105.04321956592828,0.23333333333333334,0.23333333333333334,0.3,0.275,0.3,0.6031859472923108,0.39681405270768905,0.8753601630494023,0.04726781442056815,-0.03584123879268483,-2.7885043010711086,0.0,1.0,0.7833333333333333,0.7833333333333333,0.7833333333333333,0.5416666666666666,1.0,0.0,paper_base,190,390
120.0,100.05366907104744,0.23333333333333334,0.23333333333333334,0.31666666666666665,0.2916666666666667,0.31666666666666665,0.44864298173542555,0.5513570182645744,0.833780575592062,0.5328236126480594,0.5045305962297916,-1.9298105216914925,0.0,1.0,0.5416666666666666,0.5416666666666666,0.5416666666666666,0.8083333333333333,1.0,0.0,paper_base,191,391
120.0,100.8304712900356,0.23333333333333334,0.23333333333333334,0.31666666666666665,0.30833333333333335,0.31666666666666665,0.506056266666695,0.493943733333305,0.8402539274169634,0.09810035002018455,0.08355969673767528,-3.05824471462202,0.0,1.0,0.7083333333333334,0.7083333333333334,0.7083333333333334,0.8583333333333333,1.0,0.0,paper_base,192,392
120.0,101.55451055802777,0.23333333333333334,0.23333333333333334,0.31666666666666665,0.31666666666666665,0.31666666666666665,0.6072414260883885,0.39275857391161145,0.8462875879835647,0.0714084312745976,0.04376558078223604,-2.944165755877854,0.0,1.0,0.7083333333333334,0.7083333333333334,0.7083333333333334,0.7166666666666667,1.0,0.0,paper_base,193,393
120.0,111.06095384895806,0.23333333333333334,0.23333333333333334,0.30833333333333335,0.2833333333333333,0.30833333333333335,0.5265102545019057,0.4734897454980943,0.9255079487413173,0.13528715858035265,0.1305119657109495,-2.726328356194654,0.0,1.0,0.7083333333333334,0.7083333333333334,0.7083333333333334,0.8666666666666667,1.0,0.0,paper_base,194,394
120.0,107.46093892699047,0.23333333333333334,0.23333333333333334,0.31666666666666665,0.30833333333333335,0.31666666666666665,0.5705438951029398,0.4294561048970603,0.8955078243915872,0.10855066136556184,0.029309409774745863,-5.336693776550844,0.025,0.975,0.6833333333333333,0.6833333333333333,0.6833333333333333,0.7666666666666667,1.0,0.0,paper_base,195,395
120.0,109.58903632905616,0.23333333333333334,0.23333333333333334,0.30833333333333335,0.2833333333333333,0.30833333333333335,0.6191100265084125,0.3808899734915874,0.9132419694088013,0.054742046598870754,0.0034514783196613616,-2.669252481873884,0.0,1.0,0.7333333333333333,0.7333333333333333,0.7333333333333333,0.575,1.0,0.0,paper_base,196,396
120.0,103.5858528970818,0.23333333333333334,0.23333333333333334,0.30833333333333335,0.30833333333333335,0.30833333333333335,0.6171103012654934,0.38288969873450657,0.863215440809015,0.03685326279375143,-0.02547813891335326,-4.36018807030095,0.0,1.0,0.6916666666666667,0.6916666666666667,0.6916666666666667,0.5166666666666667,1.0,0.0,paper_base,197,397
120.0,81.54396212559655,0.23333333333333334,0.23333333333333334,0.31666666666666665,0.31666666666666665,0.31666666666666665,0.674330986584749,0.325669013415251,0.6795330177133045,0.051652734794464444,0.026705715869795654,-2.976506347929311,0.0,1.0,0.7083333333333334,0.7083333333333334,0.7083333333333334,0.375,1.0,0.0,paper_base,198,398
120.0,97.58417842188862,0.23333333333333334,0.23333333333333334,0.325,0.31666666666666665,0.325,0.644944116868474,0.3550558831315261,0.8132014868490719,0.05573648969986859,0.010780430657452848,-4.781760825445981,0.0,1.0,0.6833333333333333,0.6833333333333333,0.6833333333333333,0.325,1.0,0.0,paper_base,199,399
140.0,0.16009807931110043,0.15714285714285714,0.15714285714285714,0.2571428571428571,0.24285714285714285,0.2571428571428571,0.6157672442555148,0.3842327557444853,0.001143557709365003,0.19300807686175844,0.19300807686175844,-2.564241308186194,0.0,1.0,0.7285714285714285,0.7285714285714285,0.7285714285714285,0.36428571428571427,1.0,0.0,paper_hard,0,200
140.0,21.454293078374835,0.15714285714285714,0.15714285714285714,0.24285714285714285,0.22857142857142856,0.24285714285714285,0.6020662206794236,0.3979337793205764,0.15324495055982026,0.4826729879455289,0.48257283091525505,-2.158355527145503,0.0,1.0,0.5428571428571428,0.5428571428571428,0.5428571428571428,0.4928571428571429,1.0,0.0,paper_hard,1,201
140.0,1.4520720302512011,0.15714285714285714,0.15714285714285714,0.2714285714285714,0.2642857142857143,0.2714285714285714,0.6810941136043726,0.3189058863956275,0.010371943073222865,0.293195077850004,0.293079304382099,-2.395380392302729,0.0,1.0,0.6928571428571428,0.6928571428571428,0.6928571428571428,0.32142857142857145,1.0,0.0,paper_hard,2,202
140.0,0.04465954935638594,0.15714285714285714,0.15714285714285714,0.24285714285714285,0.21428571428571427,0.24285714285714285,0.7972076099495448,0.2027923900504553,0.00031899678111704246,0.05864693758930876,0.05864693758930876,-2.6642243142912134,0.0,1.0,0.8928571428571429,0.8928571428571429,0.8928571428571429,0.11428571428571428,1.0,0.0,paper_hard,3,203
140.0,1.3373196155801486,0.15714285714285714,0.15714285714285714,0.24285714285714285,0.22142857142857142,0.24285714285714285,0.4327687044790427,0.5672312955209573,0.009552282968429632,0.4525903782789659,0.45215777502325427,-2.617898167600179,0.0,1.0,0.7285714285714285,0.7285714285714285,0.7285714285714285,0.5214285714285715,1.0,0.0,paper_hard,4,204
140.0,0.19690697647027222,0.15714285714285714,0.15714285714285714,0.24285714285714285,0.22142857142857142,0.24285714285714285,0.41759053503588844,0.5824094649641115,0.0014064784033590873,0.6401893980860367,0.6401893980860367,-2.875521694433281,0.0,1.0,0.7,0.7,0.7,0.6285714285714286,1.0,0.0,paper_hard,5,205
140.0,1.0577120270898788,0.15714285714285714,0.15714285714285714,0.22857142857142856,0.21428571428571427,0.22857142857142856,0.5031437007268178,0.4968562992731822,0.007555085907784849,0.630830804255894,0.6307090945567577,-2.202161820053152,0.0,1.0,0.4714285714285714,0.4714285714285714,0.4714285714285714,0.5285714285714286,1.0,0.0,paper_hard,6,206
140.0,8.181733869117204,0.15714285714285714,0.15714285714285714,0.2642857142857143,0.2571428571428571,0.2642857142857143,0.4516313634130448,0.5483686365869553,0.05844095620798003,0.6749170892518549,0.6749170892518549,-2.364446544281285,0.0,1.0,0.5714285714285714,0.5714285714285714,0.5714285714285714,0.6142857142857143,1.0,0.0,paper_hard,7,207
140.0,0.7285464793200653,0.15714285714285714,0.15714285714285714,0.24285714285714285,0.22857142857142856,0.24285714285714285,0.48470259121989806,0.5152974087801019,0.005203903423714753,0.49436136668068775,0.49436136668068775,-2.8562863349897953,0.0,1.0,0.9071428571428571,0.9071428571428571,0.9071428571428571,0.4142857142857143,1.0,0.0,paper_hard,8,208
140.0,1.8244804304556062,0.15714285714285714,0.15714285714285714,0.22857142857142856,0.22142857142857142,0.22857142857142856,0.6531335486203196,0.3468664513796804,0.0130320030746829,0.04796800520453852,0.04796800520453852,-2.906582051783926,0.0,1.0,1.0,1.0,1.0,0.18571428571428572,1.0,0.0,paper_hard,9,209
140.0,0.016640891756944942,0.15714285714285714,0.15714285714285714,0.24285714285714285,0.22857142857142856,0.24285714285714285,0.5029787270087253,0.49702127299127474,0.00011886351254960672,0.5283325196101393,0.5282136560975896,-2.387437542125059,0.0,1.0,0.6285714285714286,0.6285714285714286,0.6285714285714286,0.4,1.0,0.0,paper_hard,10,210
140.0,0.10066260397826687,0.15714285714285714,0.15714285714285714,0.21428571428571427,0.2,0.21428571428571427,0.4951555319200992,0.5048444680799008,0.0007190185998447634,0.3247847122004152,0.32459195403829344,-2.730080793480203,0.0,1.0,0.8071428571428572,0.8071428571428572,0.8071428571428572,0.35,1.0,0.0,paper_hard,11,211
140.0,0.954906275546803,0.15714285714285714,0.15714285714285714,0.2357142857142857,0.22142857142857142,0.2357142857142857,0.5304791566942877,0.4695208433057123,0.006820759111048592,0.32792122805753277,0.32792122805753277,-2.7401510421539284,0.0,1.0,0.85,0.85,0.85,0.35714285714285715,1.0,0.0,paper_hard,12,212
140.0,2.889616602929978,0.15714285714285714,0.15714285714285714,0.22142857142857142,0.21428571428571427,0.22142857142857142,0.45552880119546907,0.5444711988045308,0.020640118592356985,0.844389551234243,0.8419536445741558,-1.986333924202317,0.0,1.0,0.37142857142857144,0.37142857142857144,0.37142857142857144,0.6928571428571428,1.0,0.0,paper_hard,13,213
140.0,1.5497649646799014,0.15714285714285714,0.15714285714285714,0.2357142857142857,0.22142857142857142,0.2357142857142857,0.40633261841346213,0.5936673815865379,0.011069749747713582,1.216658545770199,1.216658545770199,-1.8021862630604268,0.16428571428571428,0.8357142857142857,0.5142857142857142,0.5142857142857142,0.5142857142857142,0.6357142857142857,1.0,0.0,paper_hard,14,214
140.0,3.1857060513345314,0.15714285714285714,0.15714285714285714,0.2357142857142857,0.2357142857142857,0.2357142857142857,0.47640027730595835,0.5235997226940416,0.02275504322381808,0.5625588468905655,0.5622933720722798,-2.3074205477519554,0.0,1.0,0.6285714285714286,0.6285714285714286,0.6285714285714286,0.4,1.0,0.0,paper_hard,15,215
140.0,4.796877693054671,0.15714285714285714,0.15714285714285714,0.24285714285714285,0.2357142857142857,0.24285714285714285,0.49672630947366736,0.5032736905263326,0.034263412093247646,0.4805784941543423,0.47984897201776966,-3.1395238201408646,0.0,1.0,0.6928571428571428,0.6928571428571428,0.6928571428571428,0.5142857142857142,1.0,0.0,paper_hard,16,216
140.0,7.26494541380066,0.15714285714285714,0.15714285714285714,0.22857142857142856,0.21428571428571427,0.22857142857142856,0.37334682060687635,0.6266531793931236,0.05189246724143329,1.1565535242597758,1.1556432727781887,-2.4806921471452155,0.0,1.0,0.6142857142857143,0.6142857142857143,0.6142857142857143,0.6928571428571428,1.0,0.0,paper_hard,17,217
140.0,0.1018784572274376,0.15714285714285714,0.15714285714285714,0.2642857142857143,0.24285714285714285,0.2642857142857143,0.5440359150278137,0.4559640849721863,0.0007277032659102686,0.23290096531735155,0.23285062888606356,-3.042290276534592,0.0,1.0,0.8214285714285714,0.8214285714285714,0.8214285714285714,0.2357142857142857,1.0,0.0,paper_hard,18,218
140.0,0.19006818535310133,0.15714285714285714,0.15714285714285714,0.2,0.17857142857142858,0.2,0.29199174176600873,0.7080082582339913,0.0013576298953792952,0.9732409371108081,0.9732409371108081,-2.7097586989939364,0.0,1.0,0.6928571428571428,0.6928571428571428,0.6928571428571428,0.7142857142857143,1.0,0.0,paper_hard,19,219
140.0,0.1363300664719711,0.15714285714285714,0.15714285714285714,0.20714285714285716,0.19285714285714287,0.20714285714285716,0.5046825193202558,0.4953174806797442,0.0009737861890855079,0.5092700892972247,0.5092700892972247,-3.2850945882887737,0.0,1.0,0.6785714285714286,0.6785714285714286,0.6785714285714286,0.37857142857142856,1.0,0.0,paper_hard,20,220
140.0,0.12466669171345535,0.15714285714285714,0.15714285714285714,0.21428571428571427,0.2,0.21428571428571427,0.42176277358376774,0.5782372264162323,0.0008904763693818239,0.9635429865414894,0.9635429865414894,-2.60807627331356,0.0,1.0,0.6071428571428571,0.6071428571428571,0.6071428571428571,0.6428571428571429,1.0,0.0,paper_hard,21,221
140.0,0.42194005019727887,0.15714285714285714,0.15714285714285714,0.2357142857142857,0.22142857142857142,0.2357142857142857,0.6067460691364716,0.39325393086352856,0.0030138575014091347,0.016821589076044495,0.016821589076044495,-2.9365043775818833,0.0,1.0,0.9214285714285714,0.9214285714285714,0.9214285714285714,0.11428571428571428,1.0,0.0,paper_hard,22,222
140.0,8.926002619384832,0.15714285714285714,0.15714285714285714,0.25,0.2357142857142857,0.25,0.6437299833573293,0.35627001664267066,0.06375716156703451,0.011525028424031138,0.01101206195898203,-2.7852626950478863,0.0,1.0,0.8214285714285714,0.8214285714285714,0.8214285714285714,0.2857142857142857,1.0,0.0,paper_hard,23,223
140.0,0.1414758429615507,0.15714285714285714,0.15714285714285714,0.22142857142857142,0.20714285714285716,0.22142857142857142,0.6171546725614359,0.382845327438564,0.0010105417354396478,0.028383104336552094,0.028383104336552094,-3.4267371991474556,0.0,1.0,0.9857142857142858,0.9857142857142858,0.9857142857142858,0.10714285714285714,1.0,0.0,paper_hard,24,224
140.0,0.3788827094415017,0.15714285714285714,0.15714285714285714,0.2785714285714286,0.2571428571428571,0.2785714285714286,0.6465562453373531,0.35344375466264677,0.002706305067439298,0.011221322635499319,0.011163077214146045,-3.3975621355132626,0.0,1.0,0.9357142857142857,0.9357142857142857,0.9357142857142857,0.07857142857142857,1.0,0.0,paper_hard,25,225
140.0,1.666458038015236,0.15714285714285714,0.15714285714285714,0.22857142857142856,0.21428571428571427,0.22857142857142856,0.6215306918165758,0.3784693081834243,0.011903271700108829,0.036595067956029,0.03658571275452675,-2.97240671208254,0.0,1.0,0.7714285714285715,0.7714285714285715,0.7714285714285715,0.25,1.0,0.0,paper_hard,26,226
140.0,0.22202715099974502,0.15714285714285714,0.15714285714285714,0.2642857142857143,0.24285714285714285,0.2642857142857143,0.5323662788926441,0.4676337211073558,0.00158590822142675,0.3904738824944373,0.3903226903932097,-3.180290946861408,0.0,1.0,0.7928571428571428,0.7928571428571428,0.7928571428571428,0.5785714285714286,1.0,0.0,paper_hard,27,227
140.0,2.9970963020860015,0.15714285714285714,0.15714285714285714,0.25,0.25,0.25,0.46990631260058263,0.5300936873994174,0.021407830729185725,0.8211061138579113,0.8209739740127293,-2.6120064354248647,0.0,1.0,0.65,0.65,0.65,0.5642857142857143,1.0,0.0,paper_hard,28,228
140.0,1.3380521271782377,0.15714285714285714,0.15714285714285714,0.21428571428571427,0.2,0.21428571428571427,0.5147705877958806,0.48522941220411936,0.00955751519413027,0.18539930210060396,0.18505989785836224,-4.335041200270084,0.0,1.0,0.7928571428571428,0.7928571428571428,0.7928571428571428,0.3142857142857143,1.0,0.0,paper_hard,29,229
140.0,0.2385262117982344,0.15714285714285714,0.15714285714285714,0.20714285714285716,0.20714285714285716,0.20714285714285716,0.5915667804677313,0.4084332195322688,0.0017037586557016743,0.028020444702919933,0.028020444702919933,-3.4963533301790455,0.0,1.0,0.9142857142857143,0.9142857142857143,0.9142857142857143,0.16428571428571428,1.0,0.0,paper_hard,30,230
140.0,0.24566224091187072,0.15714285714285714,0.15714285714285714,0.22857142857142856,0.20714285714285716,0.22857142857142856,0.4660279015110833,0.5339720984889166,0.001754730292227648,0.7586108708199891,0.7586108708199891,-2.2757396732824127,0.0,1.0,0.5214285714285715,0.5214285714285715,0.5214285714285715,0.5,1.0,0.0,paper_hard,31,231
140.0,0.4295124779680286,0.15714285714285714,0.15714285714285714,0.2357142857142857,0.22857142857142856,0.2357142857142857,0.601194474101445,0.39880552589855495,0.0030679462712002044,0.01603184137317165,0.01603184137317165,-3.356686497795619,0.0,1.0,0.9357142857142857,0.9357142857142857,0.9357142857142857,0.11428571428571428,1.0,0.0,paper_hard,32,232
140.0,0.5589299364464171,0.15714285714285714,0.15714285714285714,0.2642857142857143,0.25,0.2642857142857143,0.489363982056297,0.510636017943703,0.003992356688902979,0.8532815851275982,0.8531870903699965,-2.137357512148841,0.0,1.0,0.5,0.5,0.5,0.5071428571428571,1.0,0.0,paper_hard,33,233
140.0,3.0186677471355665,0.15714285714285714,0.15714285714285714,0.22142857142857142,0.19285714285714287,0.22142857142857142,0.6193137750126493,0.3806862249873506,0.02156191247953976,0.011494148931830026,0.010312934523415938,-3.2412087706831145,0.0,1.0,0.9142857142857143,0.9142857142857143,0.9142857142857143,0.14285714285714285,1.0,0.0,paper_hard,34,234
140.0,7.2123136821695715,0.15714285714285714,0.15714285714285714,0.24285714285714285,0.20714285714285716,0.24285714285714285,0.43750419324711337,0.5624958067528867,0.05151652630121122,0.7059539470871605,0.6979807592289332,-2.351059195515075,0.0,1.0,0.37857142857142856,0.37857142857142856,0.37857142857142856,0.6785714285714286,1.0,0.0,paper_hard,35,235
140.0,0.4056703871709764,0.15714285714285714,0.15714285714285714,0.24285714285714285,0.22857142857142856,0.24285714285714285,0.594551055538172,0.40544894446182805,0.0028976456226498318,0.014793625300531016,0.014793625300531016,-3.460432942577893,0.0,1.0,0.95,0.95,0.95,0.08571428571428572,1.0,0.0,paper_hard,36,236
140.0,1.1401533165753204,0.15714285714285714,0.15714285714285714,0.24285714285714285,0.22142857142857142,0.24285714285714285,0.5837213119920077,0.4162786880079923,0.008143952261252288,0.024799277134764396,0.02384801313145374,-3.0471565713490603,0.0,1.0,0.8785714285714286,0.8785714285714286,0.8785714285714286,0.19285714285714287,1.0,0.0,paper_hard,37,237
140.0,0.7708307149818489,0.15714285714285714,0.15714285714285714,0.2357142857142857,0.22857142857142856,0.2357142857142857,0.635913722373693,0.364086277626307,0.005505933678441778,0.003025178311434505,0.003004959600412817,-3.222055557759874,0.0,1.0,0.95,0.95,0.95,0.06428571428571428,1.0,0.0,paper_hard,38,238
140.0,0.3432477518678164,0.15714285714285714,0.15714285714285714,0.2357142857142857,0.22142857142857142,0.2357142857142857,0.5591356770239384,0.4408643229760616,0.0024517696561986886,0.13745561052284863,0.13745561052284863,-3.5334811756016986,0.0,1.0,0.8,0.8,0.8,0.24285714285714285,1.0,0.0,paper_hard,39,239
140.0,0.7437787256820892,0.15714285714285714,0.15714285714285714,0.22857142857142856,0.20714285714285716,0.22857142857142856,0.4559886786819423,0.5440113213180577,0.005312705183443495,0.8223099004790724,0.8223099004790724,-2.1153750241262945,0.0,1.0,0.40714285714285714,0.40714285714285714,0.40714285714285714,0.6142857142857143,1.0,0.0,paper_hard,40,240
140.0,0.571237958505469,0.15714285714285714,0.15714285714285714,0.25,0.22142857142857142,0.25,0.4147913483875937,0.5852086516124063,0.0040802711321819216,0.9632044280808364,0.9632044280808364,-2.5310824846153985,0.0,1.0,0.5285714285714286,0.5285714285714286,0.5285714285714286,0.6571428571428571,1.0,0.0,paper_hard,41,241
140.0,9.33752500269837,0.15714285714285714,0.15714285714285714,0.22142857142857142,0.19285714285714287,0.22142857142857142,0.5585322063849292,0.4414677936150708,0.06669660716213122,0.14912183704306545,0.13875653541491464,-3.5774328380999427,0.0,1.0,0.7428571428571429,0.7428571428571429,0.7428571428571429,0.35,1.0,0.0,paper_hard,42,242
140.0,3.668600377790752,0.15714285714285714,0.15714285714285714,0.24285714285714285,0.2357142857142857,0.24285714285714285,0.49045531754875216,0.5095446824512478,0.026204288412791085,0.2235097793264589,0.22198093130881788,-3.1598964781371484,0.0,1.0,0.7285714285714285,0.7285714285714285,0.7285714285714285,0.6,1.0,0.0,paper_hard,43,243
140.0,0.16151359706129154,0.15714285714285714,0.15714285714285714,0.2357142857142857,0.22142857142857142,0.2357142857142857,0.3682196767309523,0.6317803232690477,0.0011536685504377967,1.1164336135358937,1.1164336135358937,-2.9837690824159697,0.0,1.0,0.7142857142857143,0.7142857142857143,0.7142857142857143,0.65,1.0,0.0,paper_hard,44,244
140.0,9.41650293324836,0.15714285714285714,0.15714285714285714,0.2357142857142857,0.22857142857142856,0.2357142857142857,0.5888663981743659,0.411133601825634,0.06726073523748828,0.09294984089809502,0.08521293813686598,-5.185145706770782,0.0,1.0,0.7428571428571429,0.7428571428571429,0.7428571428571429,0.3357142857142857,1.0,0.0,paper_hard,45,245
140.0,11.064772407282433,0.15714285714285714,0.15714285714285714,0.2714285714285714,0.25,0.2714285714285714,0.41810231062036146,0.5818976893796385,0.07903408862344595,0.8306964098498991,0.8277508246647983,-2.7113607966289033,0.0,1.0,0.5571428571428572,0.5571428571428572,0.5571428571428572,0.7785714285714286,1.0,0.0,paper_hard,46,246
140.0,1.6967375632523074,0.15714285714285714,0.15714285714285714,0.2642857142857143,0.22142857142857142,0.2642857142857143,0.4091091002647332,0.5908908997352669,0.012119554023230767,0.6939412168549322,0.6938258398207324,-2.5132061667904084,0.0,1.0,0.45,0.45,0.45,0.7714285714285715,1.0,0.0,paper_hard,47,247
140.0,7.837494685245344,0.15714285714285714,0.15714285714285714,0.24285714285714285,0.22142857142857142,0.24285714285714285,0.5181086766380433,0.4818913233619567,0.055982104894609606,0.4248850809571922,0.4236011252423798,-2.542863646787133,0.0,1.0,0.5571428571428572,0.5571428571428572,0.5571428571428572,0.6928571428571428,1.0,0.0,paper_hard,48,248
140.0,3.2254549168555697,0.15714285714285714,0.15714285714285714,0.22142857142857142,0.21428571428571427,0.22142857142857142,0.5346344557664104,0.46536554423358967,0.0230389636918255,0.0424601674780699,0.04165931701967761,-3.5309669014831435,0.0,1.0,0.8571428571428571,0.8571428571428571,0.8571428571428571,0.15,1.0,0.0,paper_hard,49,249
140.0,2.798120067944936,0.15714285714285714,0.15714285714285714,0.2714285714285714,0.25,0.2714285714285714,0.6349859468772865,0.3650140531227135,0.019986571913892397,0.01399053917953064,0.009183745201901366,-4.560022207520725,0.0,1.0,0.8642857142857143,0.8642857142857143,0.8642857142857143,0.14285714285714285,1.0,0.0,paper_hard,50,250
140.0,3.2532984542873598,0.15714285714285714,0.15714285714285714,0.2357142857142857,0.22142857142857142,0.2357142857142857,0.4365724274630577,0.5634275725369423,0.02323784610205257,0.4573226305270422,0.45720908105593094,-3.7331481466807417,0.0,1.0,0.7428571428571429,0.7428571428571429,0.7428571428571429,0.7357142857142858,1.0,0.0,paper_hard,51,251
140.0,10.43181142150018,0.15714285714285714,0.15714285714285714,0.21428571428571427,0.20714285714285716,0.21428571428571427,0.5677197238542256,0.4322802761457743,0.07451293872500128,0.22899726842382506,0.2238442028663383,-3.1766774206661736,0.0,1.0,0.6428571428571429,0.6428571428571429,0.6428571428571429,0.38571428571428573,1.0,0.0,paper_hard,52,252
140.0,0.7092611916588218,0.15714285714285714,0.15714285714285714,0.22142857142857142,0.19285714285714287,0.22142857142857142,0.3562274825277124,0.6437725174722876,0.005066151368991584,1.5211340430469307,1.5211340430469307,-2.231518862802017,0.0,1.0,0.5,0.5,0.5,0.7142857142857143,1.0,0.0,paper_hard,53,253
140.0,3.062320235630393,0.15714285714285714,0.15714285714285714,0.20714285714285716,0.2,0.20714285714285716,0.555882441191841,0.4441175588081589,0.021873715968788524,0.2267794762775082,0.22644182122176412,-5.250897571627493,0.0,1.0,0.6928571428571428,0.6928571428571428,0.6928571428571428,0.32857142857142857,1.0,0.0,paper_hard,54,254
140.0,2.203633491190497,0.15714285714285714,0.15714285714285714,0.2571428571428571,0.2571428571428571,0.2571428571428571,0.38687771810236676,0.6131222818976333,0.015740239222789266,0.8672743912148677,0.8669305215484642,-4.842966448729377,0.0,1.0,0.7142857142857143,0.7142857142857143,0.7142857142857143,0.7285714285714285,1.0,0.0,paper_hard,55,255
140.0,2.923933762622858,0.15714285714285714,0.15714285714285714,0.2357142857142857,0.21428571428571427,0.2357142857142857,0.48192516192211343,0.5180748380778866,0.020885241161591843,0.11609128159394985,0.11541549382352098,-3.220332582327904,0.0,1.0,0.75,0.75,0.75,0.32857142857142857,1.0,0.0,paper_hard,56,256
140.0,8.670566504784746,0.15714285714285714,0.15714285714285714,0.2357142857142857,0.22857142857142856,0.2357142857142857,0.4163750729950616,0.5836249270049384,0.06193261789131962,0.5885779441702942,0.582405778852197,-2.679132440251408,0.0,1.0,0.7214285714285714,0.7214285714285714,0.7214285714285714,0.4928571428571429,1.0,0.0,paper_hard,57,257
140.0,4.958538115718804,0.15714285714285714,0.15714285714285714,0.22142857142857142,0.19285714285714287,0.22142857142857142,0.39063172966560517,0.6093682703343948,0.03541812939799146,1.131010953614633,1.1305093275065563,-1.7122195910700515,0.0,1.0,0.2857142857142857,0.2857142857142857,0.2857142857142857,0.7214285714285714,1.0,0.0,paper_hard,58,258
140.0,23.134371062373237,0.15714285714285714,0.15714285714285714,0.2642857142857143,0.25,0.2642857142857143,0.5074994746508369,0.49250052534916317,0.16524550758838027,0.43933745369662175,0.4293893287369406,-2.8762178572166235,0.0,1.0,0.8357142857142857,0.8357142857142857,0.8357142857142857,0.42142857142857143,1.0,0.0,paper_hard,59,259
140.0,3.38249228903139,0.15714285714285714,0.15714285714285714,0.2571428571428571,0.22857142857142856,0.2571428571428571,0.46001860726994337,0.5399813927300567,0.024160659207367072,0.5708504022004797,0.5708047741608788,-3.1043129048558478,0.0,1.0,0.8142857142857143,0.8142857142857143,0.8142857142857143,0.6928571428571428,1.0,0.0,paper_hard,60,260
140.0,9.46541428211492,0.15714285714285714,0.15714285714285714,0.2714285714285714,0.2714285714285714,0.2714285714285714,0.43915185917797833,0.5608481408220217,0.06761010201510657,0.7092358445006707,0.7076318651370901,-3.163212024471015,0.0,1.0,0.7571428571428571,0.7571428571428571,0.7571428571428571,0.7428571428571429,1.0,0.0,paper_hard,61,261
140.0,1.5604328377900665,0.15714285714285714,0.15714285714285714,0.24285714285714285,0.21428571428571427,0.24285714285714285,0.31523437754342615,0.6847656224565739,0.011145948841357618,1.1860994158201905,1.1860994158201905,-4.382336774350594,0.0,1.0,0.6928571428571428,0.6928571428571428,0.6928571428571428,0.8785714285714286,1.0,0.0,paper_hard,62,262
140.0,15.204824137903149,0.15714285714285714,0.15714285714285714,0.20714285714285716,0.17857142857142858,0.20714285714285716,0.33929588842165453,0.6607041115783455,0.10860588669930821,0.8874482167569525,0.8847895102612249,-4.218778210324302,0.0,1.0,0.7857142857142857,0.7857142857142857,0.7857142857142857,0.8571428571428571,1.0,0.0,paper_hard,63,263
140.0,11.39819243023213,0.15714285714285714,0.15714285714285714,0.22857142857142856,0.20714285714285716,0.22857142857142856,0.37975223611943787,0.6202477638805622,0.08141566021594379,0.7095082882995547,0.7093341423850015,-5.008897191363857,0.0,1.0,0.7928571428571428,0.7928571428571428,0.7928571428571428,0.7857142857142857,1.0,0.0,paper_hard,64,264
140.0,18.28167920759055,0.15714285714285714,0.15714285714285714,0.22857142857142856,0.21428571428571427,0.22857142857142856,0.3296406729755834,0.6703593270244166,0.13058342291136107,1.0246478416753393,1.022513869451185,-4.171473630647182,0.0,1.0,0.7071428571428572,0.7071428571428572,0.7071428571428572,0.8857142857142857,1.0,0.0,paper_hard,65,265
140.0,10.317902224822348,0.15714285714285714,0.15714285714285714,0.21428571428571427,0.18571428571428572,0.21428571428571427,0.40596729675486287,0.5940327032451371,0.07369930160587392,0.7473597075689712,0.7462830152510538,-2.4577509399125215,0.0,1.0,0.5357142857142857,0.5357142857142857,0.5357142857142857,0.7357142857142858,1.0,0.0,paper_hard,66,266
140.0,27.98827040400466,0.15714285714285714,0.15714285714285714,0.22142857142857142,0.19285714285714287,0.22142857142857142,0.3358945894379196,0.6641054105620804,0.19991621717146185,0.8602918596977761,0.8494213170186555,-3.708645316059129,0.0,1.0,0.7571428571428571,0.7571428571428571,0.7571428571428571,0.8571428571428571,1.0,0.0,paper_hard,67,267
140.0,12.565729949652265,0.15714285714285714,0.15714285714285714,0.25,0.21428571428571427,0.25,0.4904305352579854,0.5095694647420146,0.08975521392608761,0.5239230419421058,0.5189266968577435,-2.8494242775361642,0.0,1.0,0.7714285714285715,0.7714285714285715,0.7714285714285715,0.5357142857142857,1.0,0.0,paper_hard,68,268
140.0,42.224200122410835,0.15714285714285714,0.15714285714285714,0.22857142857142856,0.20714285714285716,0.22857142857142856,0.4972503565846519,0.5027496434153481,0.30160142944579166,0.04945778512263013,-0.049703729673198256,-3.5871519219424375,0.0,1.0,0.8285714285714286,0.8285714285714286,0.8285714285714286,0.3142857142857143,1.0,0.0,paper_hard,69,269
140.0,15.712495128748994,0.15714285714285714,0.15714285714285714,0.22857142857142856,0.22142857142857142,0.22857142857142856,0.29835658096423884,0.7016434190357611,0.11223210806249281,0.9400095630033951,0.9400095630033951,-4.959237680976761,0.0,1.0,0.7857142857142857,0.7857142857142857,0.7857142857142857,0.8071428571428572,1.0,0.0,paper_hard,70,270
140.0,13.57016029185875,0.15714285714285714,0.15714285714285714,0.2571428571428571,0.22857142857142856,0.2571428571428571,0.4569018084184487,0.5430981915815511,0.09692971637041964,0.37620811999637804,0.3762027140688516,-3.2413127325829714,0.0,1.0,0.8714285714285714,0.8714285714285714,0.8714285714285714,0.5214285714285715,1.0,0.0,paper_hard,71,271
140.0,18.617453902804737,0.15714285714285714,0.15714285714285714,0.21428571428571427,0.21428571428571427,0.21428571428571427,0.3464551787822157,0.6535448212177843,0.1329818135914624,0.869861100682413,0.8689195721620778,-3.983206622051848,0.0,1.0,0.65,0.65,0.65,0.8857142857142857,1.0,0.0,paper_hard,72,272
140.0,25.39049663138782,0.15714285714285714,0.15714285714285714,0.22857142857142856,0.21428571428571427,0.22857142857142856,0.32363979930578585,0.6763602006942142,0.1813606902241987,0.8271884694653833,0.8141470552118051,-5.430578949121249,0.0,1.0,0.7214285714285714,0.7214285714285714,0.7214285714285714,0.8857142857142857,1.0,0.0,paper_hard,73,273
140.0,22.462830707521995,0.15714285714285714,0.15714285714285714,0.2,0.18571428571428572,0.2,0.3205379878926668,0.6794620121073331,0.16044879076801424,0.8680938753333802,0.8680938753333802,-3.7864452536654505,0.0,1.0,0.7214285714285714,0.7214285714285714,0.7214285714285714,0.8214285714285714,1.0,0.0,paper_hard,74,274
140.0,54.17112706835792,0.15714285714285714,0.15714285714285714,0.20714285714285716,0.19285714285714287,0.20714285714285716,0.5567121457016165,0.44328785429838347,0.38693662191684225,0.0766044169247894,0.05856341862256481,-3.0116197200653225,0.0,1.0,0.7714285714285715,0.7714285714285715,0.7714285714285715,0.5285714285714286,1.0,0.0,paper_hard,75,275
140.0,26.7466174270431,0.15714285714285714,0.15714285714285714,0.2571428571428571,0.25,0.2571428571428571,0.5510474210328581,0.4489525789671419,0.19104726733602212,0.024394647200758842,0.0008469010140455155,-3.649752568233646,0.0,1.0,0.8928571428571429,0.8928571428571429,0.8928571428571429,0.2,1.0,0.0,paper_hard,76,276
140.0,28.494908312093404,0.15714285714285714,0.15714285714285714,0.21428571428571427,0.20714285714285716,0.21428571428571427,0.32934162796693583,0.6706583720330641,0.20353505937209573,0.7505670471047381,0.7469281356599521,-4.357494213644254,0.0,1.0,0.7428571428571429,0.7428571428571429,0.7428571428571429,0.85,1.0,0.0,paper_hard,77,277
140.0,47.65581117071455,0.15714285714285714,0.15714285714285714,0.2,0.19285714285714287,0.2,0.3143496454615828,0.6856503545384172,0.34039865121938967,0.7137680527917026,0.7133833328039545,-4.159543225869675,0.0,1.0,0.6928571428571428,0.6928571428571428,0.6928571428571428,0.9,1.0,0.0,paper_hard,78,278
140.0,18.69410967156373,0.15714285714285714,0.15714285714285714,0.2357142857142857,0.22857142857142856,0.2357142857142857,0.3623689298330276,0.6376310701669724,0.1335293547968838,0.7864380336334302,0.7830567161866194,-2.950178266446054,0.0,1.0,0.6071428571428571,0.6071428571428571,0.6071428571428571,0.7571428571428571,1.0,0.0,paper_hard,79,279
140.0,24.81397531566909,0.15714285714285714,0.15714285714285714,0.22142857142857142,0.2,0.22142857142857142,0.4655229476477318,0.5344770523522683,0.17724268082620778,0.36672410150133894,0.35829606502683065,-3.349140656088463,0.0,1.0,0.8428571428571429,0.8428571428571429,0.8428571428571429,0.5142857142857142,1.0,0.0,paper_hard,80,280
140.0,26.33823227109636,0.15714285714285714,0.15714285714285714,0.25,0.2357142857142857,0.25,0.46811539911346056,0.5318846008865393,0.18813023050783115,0.4830042303619727,0.4798487448513637,-2.7710063637388016,0.0,1.0,0.8571428571428571,0.8571428571428571,0.8571428571428571,0.5428571428571428,1.0,0.0,paper_hard,81,281
140.0,4.179964260656023,0.15714285714285714,0.15714285714285714,0.2642857142857143,0.25,0.2642857142857143,0.6025939668898728,0.39740603311012734,0.02985688757611445,0.010385007032383592,0.009220386227630132,-4.762168520085031,0.0,1.0,0.9428571428571428,0.9428571428571428,0.9428571428571428,0.05714285714285714,1.0,0.0,paper_hard,82,282
140.0,29.512422576091673,0.15714285714285714,0.15714285714285714,0.22857142857142856,0.21428571428571427,0.22857142857142856,0.3709342751003278,0.6290657248996723,0.2108030184006548,0.9083705049418029,0.9026577030206091,-1.921173334590501,0.0,1.0,0.30714285714285716,0.30714285714285716,0.30714285714285716,0.8214285714285714,1.0,0.0,paper_hard,83,283
140.0,7.207637817755393,0.15714285714285714,0.15714285714285714,0.2357142857142857,0.2357142857142857,0.2357142857142857,0.572917348311805,0.4270826516881951,0.05148312726968138,0.03251948959130228,0.026765373757185768,-4.236404198168697,0.0,1.0,0.8571428571428571,0.8571428571428571,0.8571428571428571,0.15714285714285714,1.0,0.0,paper_hard,84,284
140.0,22.753265322352853,0.15714285714285714,0.15714285714285714,0.22142857142857142,0.19285714285714287,0.22142857142857142,0.3145140505651795,0.6854859494348206,0.1625233237310918,1.1471155031728508,1.1403501758170005,-4.576141411948428,0.0,1.0,0.65,0.65,0.65,0.8785714285714286,1.0,0.0,paper_hard,85,285
140.0,27.042938376273042,0.15714285714285714,0.15714285714285714,0.2357142857142857,0.22142857142857142,0.2357142857142857,0.3472873312218317,0.6527126687781682,0.19316384554480745,0.9554102459839356,0.9483994365266089,-3.0919279761807426,0.0,1.0,0.6857142857142857,0.6857142857142857,0.6857142857142857,0.8714285714285714,1.0,0.0,paper_hard,86,286
140.0,8.489812976723913,0.15714285714285714,0.15714285714285714,0.25,0.2357142857142857,0.25,0.5761042010832643,0.4238957989167355,0.06064152126231367,0.0362529849997894,0.030298059001196226,-3.568556639047577,0.0,1.0,0.85,0.85,0.85,0.21428571428571427,1.0,0.0,paper_hard,87,287
140.0,17.47042026314456,0.15714285714285714,0.15714285714285714,0.25,0.22142857142857142,0.25,0.3205073061705291,0.6794926938294709,0.1247887161653183,1.1165086600418814,1.1149048292580819,-4.276265182173108,0.0,1.0,0.6714285714285714,0.6714285714285714,0.6714285714285714,0.9071428571428571,1.0,0.0,paper_hard,88,288
140.0,27.992701917909784,0.15714285714285714,0.15714285714285714,0.22142857142857142,0.21428571428571427,0.22142857142857142,0.3444352064556223,0.6555647935443777,0.19994787084221274,1.0962952753301285,1.0939866272008156,-2.47379610756805,0.0,1.0,0.38571428571428573,0.38571428571428573,0.38571428571428573,0.9071428571428571,1.0,0.0,paper_hard,89,289
140.0,28.89748900272945,0.15714285714285714,0.15714285714285714,0.2571428571428571,0.25,0.2571428571428571,0.3685858998564609,0.6314141001435392,0.2064106357337818,1.025270747595924,1.020829620992542,-2.2097796590234227,0.0,1.0,0.3142857142857143,0.3142857142857143,0.3142857142857143,0.8785714285714286,1.0,0.0,paper_hard,90,290
140.0,14.306192349621213,0.15714285714285714,0.15714285714285714,0.24285714285714285,0.21428571428571427,0.24285714285714285,0.29644106830539046,0.7035589316946095,0.1021870882115801,1.2351998279714569,1.235108630996556,-4.910035136530634,0.0,1.0,0.6,0.6,0.6,0.8571428571428571,1.0,0.0,paper_hard,91,291
140.0,32.598767325241504,0.15714285714285714,0.15714285714285714,0.24285714285714285,0.22142857142857142,0.24285714285714285,0.38079741616774854,0.6192025838322515,0.23284833803743932,1.0306656142850905,1.0221032653350377,-2.4633162311620516,0.0,1.0,0.44285714285714284,0.44285714285714284,0.44285714285714284,0.8571428571428571,1.0,0.0,paper_hard,92,292
140.0,29.423333016445277,0.15714285714285714,0.15714285714285714,0.24285714285714285,0.22142857142857142,0.24285714285714285,0.3493322941448006,0.6506677058551993,0.21016666440318055,1.0923149764994182,1.084294960487034,-3.057071052809547,0.0,1.0,0.45,0.45,0.45,0.9,1.0,0.0,paper_hard,93,293
140.0,44.18127575901978,0.15714285714285714,0.15714285714285714,0.25,0.2357142857142857,0.25,0.3624406188003135,0.6375593811996865,0.3155805411358556,1.0820951294974601,1.0680349153192212,-2.93470739046748,0.0,1.0,0.4714285714285714,0.4714285714285714,0.4714285714285714,0.8785714285714286,1.0,0.0,paper_hard,94,294
140.0,33.164431196388335,0.15714285714285714,0.15714285714285714,0.2642857142857143,0.22857142857142856,0.2642857142857143,0.38395220319122964,0.6160477968087703,0.23688879425991669,1.0310101028783323,1.017732952620026,-3.66730883130907,0.0,1.0,0.6428571428571429,0.6428571428571429,0.6428571428571429,0.8928571428571429,1.0,0.0,paper_hard,95,295
140.0,31.531624586618296,0.15714285714285714,0.15714285714285714,0.2571428571428571,0.22142857142857142,0.2571428571428571,0.5407390085023752,0.4592609914976249,0.2252258899044164,0.1344886386396499,0.13141981852170218,-3.166310713536974,0.0,1.0,0.6714285714285714,0.6714285714285714,0.6714285714285714,0.4714285714285714,1.0,0.0,paper_hard,96,296
140.0,24.184634524845848,0.15714285714285714,0.15714285714285714,0.2571428571428571,0.24285714285714285,0.2571428571428571,0.34211401874759306,0.6578859812524069,0.17274738946318463,1.160583863223954,1.1579528619496762,-5.6519050712677235,0.0,1.0,0.7214285714285714,0.7214285714285714,0.7214285714285714,0.8857142857142857,1.0,0.0,paper_hard,97,297
140.0,30.593261045671802,0.15714285714285714,0.15714285714285714,0.22857142857142856,0.22142857142857142,0.22857142857142856,0.36311708413283533,0.6368829158671648,0.21852329318337002,1.0654647060352913,1.0493250116379476,-3.8968471842412886,0.0,1.0,0.7,0.7,0.7,0.8285714285714286,1.0,0.0,paper_hard,98,298
140.0,31.66853643721192,0.15714285714285714,0.15714285714285714,0.2714285714285714,0.25,0.2714285714285714,0.4785923569850344,0.5214076430149657,0.22620383169437086,0.7132318760695867,0.6949853958432795,-2.957130760359026,0.0,1.0,0.8142857142857143,0.8142857142857143,0.8142857142857143,0.6785714285714286,1.0,0.0,paper_hard,99,299
140.0,28.26481993004934,0.15714285714285714,0.15714285714285714,0.25,0.21428571428571427,0.25,0.3893708418095676,0.6106291581904325,0.20189157092892387,0.9184157578251669,0.9066060146013744,-2.966432945160556,0.0,1.0,0.6714285714285714,0.6714285714285714,0.6714285714285714,0.7071428571428572,1.0,0.0,paper_hard,100,300
140.0,9.527245697351042,0.15714285714285714,0.15714285714285714,0.22857142857142856,0.22142857142857142,0.22857142857142856,0.2807453344656989,0.7192546655343012,0.06805175498107886,1.2809799619794018,1.2808574040649756,-7.158070021527718,0.0,1.0,0.6357142857142857,0.6357142857142857,0.6357142857142857,0.9285714285714286,1.0,0.0,paper_hard,101,301
140.0,22.940470238936644,0.15714285714285714,0.15714285714285714,0.24285714285714285,0.20714285714285716,0.24285714285714285,0.3514540373164105,0.6485459626835894,0.1638605017066903,1.0475712524133687,1.02730277836214,-3.132267687179071,0.0,1.0,0.5214285714285715,0.5214285714285715,0.5214285714285715,0.8214285714285714,1.0,0.0,paper_hard,102,302
140.0,7.395337430295052,0.15714285714285714,0.15714285714285714,0.2357142857142857,0.22142857142857142,0.2357142857142857,0.5300454557863046,0.4699545442136955,0.0528238387878218,0.1461459603342922,0.14484047946748263,-7.511325747302984,0.0,1.0,0.7,0.7,0.7,0.39285714285714285,1.0,0.0,paper_hard,103,303
140.0,30.50579809864849,0.15714285714285714,0.15714285714285714,0.25,0.22857142857142856,0.25,0.376729349308035,0.6232706506919651,0.2178985578474892,1.0343265424331984,1.0253358628031979,-4.210522334654446,0.0,1.0,0.6928571428571428,0.6928571428571428,0.6928571428571428,0.8714285714285714,1.0,0.0,paper_hard,104,304
140.0,36.96901452657014,0.15714285714285714,0.15714285714285714,0.25,0.24285714285714285,0.25,0.41853316681383196,0.581466833186168,0.26406438947550104,0.9578217486215739,0.9405920354729144,-2.5501582748685285,0.0,1.0,0.5142857142857142,0.5142857142857142,0.5142857142857142,0.7714285714285715,1.0,0.0,paper_hard,105,305
140.0,18.280386457751597,0.15714285714285714,0.15714285714285714,0.2571428571428571,0.25,0.2571428571428571,0.36767617320634793,0.6323238267936522,0.13057418898393996,1.004386776359165,0.9926350809604831,-3.3950448281703993,0.0,1.0,0.6785714285714286,0.6785714285714286,0.6785714285714286,0.85,1.0,0.0,paper_hard,106,306
140.0,22.021379503884788,0.15714285714285714,0.15714285714285714,0.2857142857142857,0.2642857142857143,0.2857142857142857,0.4338349902987858,0.5661650097012143,0.15729556788489135,0.8417978531213071,0.8321096356724458,-3.019586042247742,0.0,1.0,0.6857142857142857,0.6857142857142857,0.6857142857142857,0.7857142857142857,1.0,0.0,paper_hard,107,307
140.0,36.20764397724494,0.15714285714285714,0.15714285714285714,0.2642857142857143,0.2642857142857143,0.2642857142857143,0.32579001549426095,0.6742099845057392,0.2586260284088924,1.1889151061173453,1.187526838458788,-4.270110254100769,0.0,1.0,0.6071428571428571,0.6071428571428571,0.6071428571428571,0.9214285714285714,1.0,0.0,paper_hard,108,308
140.0,26.682048576733354,0.15714285714285714,0.15714285714285714,0.2571428571428571,0.2357142857142857,0.2571428571428571,0.37179318124339733,0.6282068187566026,0.1905860612623811,1.0187040879983542,1.0014683772232749,-3.010647887388986,0.0,1.0,0.4642857142857143,0.4642857142857143,0.4642857142857143,0.8714285714285714,1.0,0.0,paper_hard,109,309
140.0,30.934534726632442,0.15714285714285714,0.15714285714285714,0.25,0.22857142857142856,0.25,0.3550129984052994,0.6449870015947006,0.22096096233308887,1.0898259969009338,1.0789838131127105,-5.13325063470725,0.0,1.0,0.7428571428571429,0.7428571428571429,0.7428571428571429,0.8857142857142857,1.0,0.0,paper_hard,110,310
140.0,35.93935801248709,0.15714285714285714,0.15714285714285714,0.2571428571428571,0.25,0.2571428571428571,0.42708946842851514,0.5729105315714849,0.2567097000891935,0.8884528468328757,0.8698128785121185,-4.223475906344792,0.0,1.0,0.7857142857142857,0.7857142857142857,0.7857142857142857,0.7642857142857142,1.0,0.0,paper_hard,111,311
140.0,38.89348657667,0.15714285714285714,0.15714285714285714,0.24285714285714285,0.22142857142857142,0.24285714285714285,0.36364607238425395,0.636353927615746,0.2778106184047857,0.9583447389783879,0.9257412432455874,-5.515101061107065,0.0,1.0,0.7642857142857142,0.7642857142857142,0.7642857142857142,0.8357142857142857,1.0,0.0,paper_hard,112,312
140.0,22.95292555457144,0.15714285714285714,0.15714285714285714,0.2571428571428571,0.2571428571428571,0.2571428571428571,0.34828536997892334,0.6517146300210767,0.16394946824693885,1.2088995325710514,1.1998617208621272,-9.669347752438151,0.0,1.0,0.75,0.75,0.75,0.8928571428571429,1.0,0.0,paper_hard,113,313
140.0,42.08621658671868,0.15714285714285714,0.15714285714285714,0.2571428571428571,0.22142857142857142,0.2571428571428571,0.37612582579532455,0.6238741742046755,0.30061583276227627,1.0044658618792777,0.9879689453344646,-3.4901464178865376,0.0,1.0,0.6857142857142857,0.6857142857142857,0.6857142857142857,0.8357142857142857,1.0,0.0,paper_hard,114,314
140.0,20.06234209741541,0.15714285714285714,0.15714285714285714,0.2642857142857143,0.2357142857142857,0.2642857142857143,0.40149985468591576,0.5985001453140842,0.1433024435529672,0.9124385125204969,0.8938186317849416,-4.286977340483685,0.0,1.0,0.8142857142857143,0.8142857142857143,0.8142857142857143,0.7714285714285715,1.0,0.0,paper_hard,115,315
140.0,36.480039936408396,0.15714285714285714,0.15714285714285714,0.22857142857142856,0.22142857142857142,0.22857142857142856,0.36275884691620663,0.6372411530837934,0.2605717138314885,1.020353800418053,1.0120950171969656,-2.255759456464976,0.0,1.0,0.2785714285714286,0.2785714285714286,0.2785714285714286,0.9214285714285714,1.0,0.0,paper_hard,116,316
140.0,11.823145571144273,0.15714285714285714,0.15714285714285714,0.25,0.2357142857142857,0.25,0.3548250069650009,0.6451749930349991,0.08445103979388767,1.041632825606832,1.0346127572327373,-2.983350504134185,0.0,1.0,0.6142857142857143,0.6142857142857143,0.6142857142857143,0.7571428571428571,1.0,0.0,paper_hard,117,317
140.0,56.33445776788488,0.15714285714285714,0.15714285714285714,0.21428571428571427,0.2,0.21428571428571427,0.3703524243489221,0.6296475756510779,0.40238898405632056,1.015727437254892,0.9923129311155504,-2.4702989792960928,0.0,1.0,0.6142857142857143,0.6142857142857143,0.6142857142857143,0.8357142857142857,1.0,0.0,paper_hard,118,318
140.0,28.034632803250688,0.15714285714285714,0.15714285714285714,0.2357142857142857,0.20714285714285716,0.2357142857142857,0.37916390311746484,0.6208360968825352,0.20024737716607635,0.9704142067096511,0.9595899533430223,-2.4027847230984434,0.0,1.0,0.42857142857142855,0.42857142857142855,0.42857142857142855,0.8071428571428572,1.0,0.0,paper_hard,119,319
140.0,23.502157859421438,0.15714285714285714,0.15714285714285714,0.2357142857142857,0.20714285714285716,0.2357142857142857,0.36782094191832043,0.6321790580816795,0.16787255613872457,0.8412604183020805,0.838239574273544,-2.3276770136480764,0.0,1.0,0.3357142857142857,0.3357142857142857,0.3357142857142857,0.8857142857142857,1.0,0.0,paper_hard,120,320
140.0,41.165142288839036,0.15714285714285714,0.15714285714285714,0.22142857142857142,0.20714285714285716,0.22142857142857142,0.40677684537114345,0.5932231546288566,0.29403673063456454,0.8395286206062147,0.8174329118320092,-3.2950601527894023,0.0,1.0,0.7928571428571428,0.7928571428571428,0.7928571428571428,0.7857142857142857,1.0,0.0,paper_hard,121,321
140.0,39.822887411746116,0.15714285714285714,0.15714285714285714,0.21428571428571427,0.20714285714285716,0.21428571428571427,0.334581363980741,0.665418636019259,0.28444919579818656,1.0760879764048636,1.0652522367956077,-4.7873900526532305,0.0,1.0,0.75,0.75,0.75,0.85,1.0,0.0,paper_hard,122,322
140.0,46.742158433026944,0.15714285714285714,0.15714285714285714,0.2357142857142857,0.22857142857142856,0.2357142857142857,0.48311994006897946,0.5168800599310206,0.3338725602359067,0.47030095174478054,0.4604174643338384,-3.506817032944338,0.0,1.0,0.7928571428571428,0.7928571428571428,0.7928571428571428,0.5642857142857143,1.0,0.0,paper_hard,123,323
140.0,47.54961261305875,0.15714285714285714,0.15714285714285714,0.22857142857142856,0.21428571428571427,0.22857142857142856,0.39936187867021017,0.6006381213297899,0.3396400900932768,0.9707567362452469,0.959673645542952,-2.792245788407561,0.0,1.0,0.6285714285714286,0.6285714285714286,0.6285714285714286,0.8642857142857143,1.0,0.0,paper_hard,124,324
140.0,33.157465422870715,0.15714285714285714,0.15714285714285714,0.24285714285714285,0.22142857142857142,0.24285714285714285,0.3786083284961016,0.6213916715038984,0.2368390387347908,0.9360026067126797,0.91907727062758,-2.429159000890813,0.0,1.0,0.44285714285714284,0.44285714285714284,0.44285714285714284,0.8428571428571429,1.0,0.0,paper_hard,125,325
140.0,53.546246913025506,0.15714285714285714,0.15714285714285714,0.2357142857142857,0.21428571428571427,0.2357142857142857,0.40102833166515506,0.5989716683348449,0.3824731922358965,0.9700144080790013,0.932676073420277,-3.049569610112515,0.0,1.0,0.6714285714285714,0.6714285714285714,0.6714285714285714,0.8,1.0,0.0,paper_hard,126,326
140.0,39.59148689166858,0.15714285714285714,0.15714285714285714,0.24285714285714285,0.22857142857142856,0.24285714285714285,0.3887025944980597,0.6112974055019402,0.28279633494048984,0.9210434305709582,0.8960672429744737,-3.3220183625846227,0.0,1.0,0.7214285714285714,0.7214285714285714,0.7214285714285714,0.8,1.0,0.0,paper_hard,127,327
140.0,39.93887073469732,0.15714285714285714,0.15714285714285714,0.25,0.22857142857142856,0.25,0.3644275263262995,0.6355724736737004,0.28527764810498085,1.052132319137821,1.0441792060958952,-2.8760538643475053,0.0,1.0,0.5071428571428571,0.5071428571428571,0.5071428571428571,0.8642857142857143,1.0,0.0,paper_hard,128,328
140.0,40.696448407469,0.15714285714285714,0.15714285714285714,0.25,0.2357142857142857,0.25,0.40048086236315145,0.5995191376368485,0.29068891719620715,0.9503526108161074,0.9419093715188089,-2.670383938762357,0.0,1.0,0.5142857142857142,0.5142857142857142,0.5142857142857142,0.8142857142857143,1.0,0.0,paper_hard,129,329
140.0,50.22501144494203,0.15714285714285714,0.15714285714285714,0.25,0.25,0.25,0.4666714241668013,0.5333285758331986,0.3587500817495859,0.8204386555128966,0.8092188784225369,-2.005445187941534,0.0,1.0,0.4142857142857143,0.4142857142857143,0.4142857142857143,0.7928571428571428,1.0,0.0,paper_hard,130,330
140.0,37.51694120142812,0.15714285714285714,0.15714285714285714,0.22857142857142856,0.22142857142857142,0.22857142857142856,0.4459998182339025,0.5540001817660974,0.2679781514387723,0.7978207819145825,0.7638214202557866,-2.7287912676818986,0.0,1.0,0.6642857142857143,0.6642857142857143,0.6642857142857143,0.7571428571428571,1.0,0.0,paper_hard,131,331
140.0,51.44185052676092,0.15714285714285714,0.15714285714285714,0.2357142857142857,0.22142857142857142,0.2357142857142857,0.3523854712157024,0.6476145287842976,0.36744178947686373,1.0496342536363974,1.0145635530717576,-3.2352956751938238,0.0,1.0,0.6714285714285714,0.6714285714285714,0.6714285714285714,0.8428571428571429,1.0,0.0,paper_hard,132,332
140.0,45.33100122861524,0.15714285714285714,0.15714285714285714,0.25,0.24285714285714285,0.25,0.38450204632819884,0.615497953671801,0.3237928659186803,1.0226386430334158,0.9992779932617548,-4.291923837319834,0.0,1.0,0.75,0.75,0.75,0.8571428571428571,1.0,0.0,paper_hard,133,333
140.0,62.09539190450811,0.15714285714285714,0.15714285714285714,0.24285714285714285,0.22857142857142856,0.24285714285714285,0.4294639467638379,0.5705360532361621,0.4435385136036294,0.9008026324909545,0.8716758227130268,-2.805464122142074,0.0,1.0,0.7285714285714285,0.7285714285714285,0.7285714285714285,0.7714285714285715,1.0,0.0,paper_hard,134,334
140.0,45.828862273750275,0.15714285714285714,0.15714285714285714,0.21428571428571427,0.19285714285714287,0.21428571428571427,0.4147041627640797,0.5852958372359203,0.3273490162410734,0.9182224231077427,0.8887310169789514,-2.443087163655285,0.0,1.0,0.5285714285714286,0.5285714285714286,0.5285714285714286,0.7571428571428571,1.0,0.0,paper_hard,135,335
140.0,54.057045555783965,0.15714285714285714,0.15714285714285714,0.22142857142857142,0.2,0.22142857142857142,0.3991512525698784,0.6008487474301216,0.38612175396988546,0.8640327090795497,0.8309985581656104,-2.8452954729340334,0.0,1.0,0.7642857142857142,0.7642857142857142,0.7642857142857142,0.7857142857142857,1.0,0.0,paper_hard,136,336
140.0,52.23085655421734,0.15714285714285714,0.15714285714285714,0.24285714285714285,0.20714285714285716,0.24285714285714285,0.4291235207201607,0.5708764792798392,0.37307754681583816,0.8380761088485742,0.8163917989440979,-2.3623947398092957,0.0,1.0,0.5785714285714286,0.5785714285714286,0.5785714285714286,0.8214285714285714,1.0,0.0,paper_hard,137,337
140.0,51.008461008814756,0.15714285714285714,0.15714285714285714,0.2357142857142857,0.21428571428571427,0.2357142857142857,0.4438665949030175,0.5561334050969825,0.36434615006296256,0.8216823978626634,0.805516049625726,-2.460497361851196,0.0,1.0,0.6428571428571429,0.6428571428571429,0.6428571428571429,0.7357142857142858,1.0,0.0,paper_hard,138,338
140.0,24.781577884202186,0.15714285714285714,0.15714285714285714,0.2357142857142857,0.22857142857142856,0.2357142857142857,0.4793883742202719,0.5206116257797282,0.17701127060144417,0.7681866080389926,0.7386649355982994,-2.4785680228964493,0.0,1.0,0.6571428571428571,0.6571428571428571,0.6571428571428571,0.7071428571428572,1.0,0.0,paper_hard,139,339
140.0,51.01888221612305,0.15714285714285714,0.15714285714285714,0.2571428571428571,0.24285714285714285,0.2571428571428571,0.42284533099271143,0.5771546690072886,0.3644205872580218,0.908019923222562,0.8581317460370552,-2.6479469630941446,0.0,1.0,0.6428571428571429,0.6428571428571429,0.6428571428571429,0.7785714285714286,1.0,0.0,paper_hard,140,340
140.0,52.274000672722735,0.15714285714285714,0.15714285714285714,0.22857142857142856,0.20714285714285716,0.22857142857142856,0.37822150004430954,0.6217784999556903,0.3733857190908767,0.9860115149681553,0.9490931096157246,-3.4801826556325346,0.0,1.0,0.7714285714285715,0.7714285714285715,0.7714285714285715,0.8,1.0,0.0,paper_hard,141,341
140.0,54.60906580309558,0.15714285714285714,0.15714285714285714,0.22857142857142856,0.22857142857142856,0.22857142857142856,0.4131849274696997,0.5868150725303003,0.39006475573639704,0.9310592383305409,0.9133912559352768,-5.5826738026860925,0.0,1.0,0.7714285714285715,0.7714285714285715,0.7714285714285715,0.8214285714285714,1.0,0.0,paper_hard,142,342
140.0,57.852778956277824,0.15714285714285714,0.15714285714285714,0.22142857142857142,0.2,0.22142857142857142,0.3927975513802331,0.6072024486197669,0.41323413540198445,0.8997792260831077,0.8489211295003395,-3.268476672391148,0.0,1.0,0.8285714285714286,0.8285714285714286,0.8285714285714286,0.7428571428571429,1.0,0.0,paper_hard,143,343
140.0,44.96979150203358,0.15714285714285714,0.15714285714285714,0.2357142857142857,0.22857142857142856,0.2357142857142857,0.43245099391134967,0.5675490060886503,0.321212796443097,0.8661745936250862,0.8514148263532817,-3.056261655751884,0.0,1.0,0.6785714285714286,0.6785714285714286,0.6785714285714286,0.7642857142857142,1.0,0.0,paper_hard,144,344
140.0,61.20127537517659,0.15714285714285714,0.15714285714285714,0.2357142857142857,0.19285714285714287,0.2357142857142857,0.4344540626034575,0.5655459373965425,0.4371519669655471,0.8455960860178203,0.8254629312535605,-2.525846549227384,0.0,1.0,0.6928571428571428,0.6928571428571428,0.6928571428571428,0.7214285714285714,1.0,0.0,paper_hard,145,345
140.0,56.27197567759255,0.15714285714285714,0.15714285714285714,0.24285714285714285,0.2357142857142857,0.24285714285714285,0.445460684415382,0.554539315584618,0.40194268341137535,0.915768327324293,0.8914449027438198,-2.744763401148338,0.0,1.0,0.6857142857142857,0.6857142857142857,0.6857142857142857,0.7714285714285715,1.0,0.0,paper_hard,146,346
140.0,53.649746385313954,0.15714285714285714,0.15714285714285714,0.22142857142857142,0.2,0.22142857142857142,0.4207311718604337,0.5792688281395664,0.38321247418081394,0.8799457875604654,0.8551140751883443,-2.558821005429704,0.0,1.0,0.6357142857142857,0.6357142857142857,0.6357142857142857,0.7142857142857143,1.0,0.0,paper_hard,147,347
140.0,60.782115737262174,0.15714285714285714,0.15714285714285714,0.22857142857142856,0.22142857142857142,0.22857142857142856,0.411713900535734,0.588286099464266,0.4341579695518727,0.9890098529657059,0.9771823759757226,-3.9634210067606417,0.0,1.0,0.6785714285714286,0.6785714285714286,0.6785714285714286,0.8357142857142857,1.0,0.0,paper_hard,148,348
140.0,29.006929195380778,0.15714285714285714,0.15714285714285714,0.22857142857142856,0.22142857142857142,0.22857142857142856,0.34386844875244876,0.6561315512475513,0.20719235139557698,1.101439793470157,1.084939872029816,-3.412581458507659,0.0,1.0,0.4928571428571429,0.4928571428571429,0.4928571428571429,0.9,1.0,0.0,paper_hard,149,349
140.0,59.70883367501834,0.15714285714285714,0.15714285714285714,0.22857142857142856,0.22142857142857142,0.22857142857142856,0.4388111006009875,0.5611888993990124,0.4264916691072739,0.8631908127882998,0.8262400189581934,-2.952295741146615,0.0,1.0,0.7142857142857143,0.7142857142857143,0.7142857142857143,0.7642857142857142,1.0,0.0,paper_hard,150,350
140.0,49.37225275538338,0.15714285714285714,0.15714285714285714,0.24285714285714285,0.20714285714285716,0.24285714285714285,0.49538913231616605,0.5046108676838339,0.3526589482527384,0.4974428815206835,0.4737245530096307,-3.074642738948165,0.0,1.0,0.8357142857142857,0.8357142857142857,0.8357142857142857,0.5571428571428572,1.0,0.0,paper_hard,151,351
140.0,49.913503127690156,0.15714285714285714,0.15714285714285714,0.25,0.24285714285714285,0.25,0.44573393984594156,0.5542660601540584,0.356525022340644,0.8535081545448595,0.8332453565523433,-3.31461534115894,0.0,1.0,0.7142857142857143,0.7142857142857143,0.7142857142857143,0.7785714285714286,1.0,0.0,paper_hard,152,352
140.0,53.235417531626844,0.15714285714285714,0.15714285714285714,0.21428571428571427,0.20714285714285716,0.21428571428571427,0.44734171133861217,0.5526582886613879,0.38025298236876315,0.7741219234883214,0.7418426332145263,-2.6373545712134656,0.0,1.0,0.75,0.75,0.75,0.7071428571428572,1.0,0.0,paper_hard,153,353
140.0,63.14962991617926,0.15714285714285714,0.15714285714285714,0.24285714285714285,0.24285714285714285,0.24285714285714285,0.45119756418322277,0.5488024358167772,0.45106878511556614,0.8740026893223166,0.8589538170971276,-3.1451347885345413,0.0,1.0,0.7071428571428572,0.7071428571428572,0.7071428571428572,0.7785714285714286,1.0,0.0,paper_hard,154,354
140.0,64.31874351169269,0.15714285714285714,0.15714285714285714,0.2357142857142857,0.21428571428571427,0.2357142857142857,0.421239164032096,0.578760835967904,0.45941959651209063,0.9743973642776869,0.9462530758880033,-2.7693299600597276,0.0,1.0,0.6214285714285714,0.6214285714285714,0.6214285714285714,0.8214285714285714,1.0,0.0,paper_hard,155,355
140.0,53.83698144492283,0.15714285714285714,0.15714285714285714,0.2357142857142857,0.21428571428571427,0.2357142857142857,0.4966443359417198,0.5033556640582801,0.3845498674637345,0.7534579357256178,0.7287451503627083,-2.3457613705432174,0.0,1.0,0.7214285714285714,0.7214285714285714,0.7214285714285714,0.6571428571428571,1.0,0.0,paper_hard,156,356
140.0,64.1191668899245,0.15714285714285714,0.15714285714285714,0.2357142857142857,0.21428571428571427,0.2357142857142857,0.4551802399353952,0.5448197600646049,0.4579940492137464,0.8462252365133248,0.813626864479487,-2.3374439668818376,0.0,1.0,0.6428571428571429,0.6428571428571429,0.6428571428571429,0.7357142857142858,1.0,0.0,paper_hard,157,357
140.0,61.492904541428025,0.15714285714285714,0.15714285714285714,0.22142857142857142,0.22142857142857142,0.22142857142857142,0.3930727826324134,0.6069272173675866,0.4392350324387716,0.9148658286384533,0.8338714152252045,-2.797991110557091,0.0,1.0,0.7571428571428571,0.7571428571428571,0.7571428571428571,0.7642857142857142,1.0,0.0,paper_hard,158,358
140.0,50.3572476942859,0.15714285714285714,0.15714285714285714,0.24285714285714285,0.2357142857142857,0.24285714285714285,0.43552763875141515,0.5644723612485848,0.35969462638775646,0.8894289080753117,0.8571365018959435,-2.8219805282758066,0.0,1.0,0.6571428571428571,0.6571428571428571,0.6571428571428571,0.7857142857142857,1.0,0.0,paper_hard,159,359
140.0,69.0333806427572,0.15714285714285714,0.15714285714285714,0.24285714285714285,0.2357142857142857,0.24285714285714285,0.5207137790455653,0.4792862209544348,0.4930955760196942,0.6850130155869165,0.6653036684466368,-2.0104920458610818,0.0,1.0,0.55,0.55,0.55,0.7142857142857143,1.0,0.0,paper_hard,160,360
140.0,81.22117854622589,0.15714285714285714,0.15714285714285714,0.2357142857142857,0.2357142857142857,0.2357142857142857,0.40933861768478835,0.5906613823152117,0.5801512753301848,0.7948132338871761,0.7082928366075446,-5.455555505628478,0.0,1.0,0.7714285714285715,0.7714285714285715,0.7714285714285715,0.7857142857142857,1.0,0.0,paper_hard,161,361
140.0,65.45449874986019,0.15714285714285714,0.15714285714285714,0.22857142857142856,0.22857142857142856,0.22857142857142856,0.4190491126594117,0.5809508873405883,0.4675321339275728,0.8704213922390778,0.8172973755734987,-3.389202273172405,0.0,1.0,0.7857142857142857,0.7857142857142857,0.7857142857142857,0.7714285714285715,1.0,0.0,paper_hard,162,362
140.0,57.58903185184803,0.15714285714285714,0.15714285714285714,0.22857142857142856,0.22857142857142856,0.22857142857142856,0.4383733961971788,0.5616266038028211,0.4113502275132002,0.87495514109707,0.8390888183921595,-3.3103902647667955,0.0,1.0,0.7142857142857143,0.7142857142857143,0.7142857142857143,0.7571428571428571,1.0,0.0,paper_hard,163,363
140.0,67.14360778817269,0.15714285714285714,0.15714285714285714,0.24285714285714285,0.21428571428571427,0.24285714285714285,0.42612250898206483,0.5738774910179353,0.47959719848694776,0.892995332906919,0.8504278622409037,-2.725301620750062,0.0,1.0,0.7071428571428572,0.7071428571428572,0.7071428571428572,0.75,1.0,0.0,paper_hard,164,364
140.0,52.73396214499569,0.15714285714285714,0.15714285714285714,0.22142857142857142,0.21428571428571427,0.22142857142857142,0.4025978827154991,0.597402117284501,0.37667115817854063,0.9518759000488632,0.9081673481370126,-2.711684863211118,0.0,1.0,0.6928571428571428,0.6928571428571428,0.6928571428571428,0.7785714285714286,1.0,0.0,paper_hard,165,365
140.0,66.00009295818704,0.15714285714285714,0.15714285714285714,0.2357142857142857,0.22857142857142856,0.2357142857142857,0.4426605316861862,0.5573394683138138,0.4714292354156217,0.8960436128328434,0.8339454624926428,-2.788595972570436,0.0,1.0,0.65,0.65,0.65,0.7928571428571428,1.0,0.0,paper_hard,166,366
140.0,56.74587074426642,0.15714285714285714,0.15714285714285714,0.22142857142857142,0.20714285714285716,0.22142857142857142,0.4484313672385304,0.5515686327614696,0.40532764817333156,0.8376300393762405,0.804086810795389,-2.2454342656165833,0.0,1.0,0.5714285714285714,0.5714285714285714,0.5714285714285714,0.7142857142857143,1.0,0.0,paper_hard,167,367
140.0,54.20218044651311,0.15714285714285714,0.15714285714285714,0.22142857142857142,0.20714285714285716,0.22142857142857142,0.4112012713414102,0.5887987286585897,0.38715843176080794,0.921013611490447,0.9007991570357852,-2.710076229442965,0.0,1.0,0.6928571428571428,0.6928571428571428,0.6928571428571428,0.7714285714285715,1.0,0.0,paper_hard,168,368
140.0,61.977387489203,0.15714285714285714,0.15714285714285714,0.24285714285714285,0.2357142857142857,0.24285714285714285,0.3987219766520508,0.6012780233479492,0.44269562492287856,0.929690635915798,0.8683174849035081,-3.2318319318965547,0.0,1.0,0.7214285714285714,0.7214285714285714,0.7214285714285714,0.7857142857142857,1.0,0.0,paper_hard,169,369
140.0,64.43496897406224,0.15714285714285714,0.15714285714285714,0.22857142857142856,0.22142857142857142,0.22857142857142856,0.3833364881084376,0.6166635118915623,0.4602497783861589,0.9490692371350079,0.893496514606508,-3.358459492672187,0.0,1.0,0.75,0.75,0.75,0.7928571428571428,1.0,0.0,paper_hard,170,370
140.0,68.04165003840073,0.15714285714285714,0.15714285714285714,0.2714285714285714,0.25,0.2714285714285714,0.49950611745404844,0.5004938825459515,0.48601178598857664,0.7483995694293161,0.7279926977979295,-2.1513942761351155,0.0,1.0,0.6357142857142857,0.6357142857142857,0.6357142857142857,0.7357142857142858,1.0,0.0,paper_hard,171,371
140.0,60.39772476536686,0.15714285714285714,0.15714285714285714,0.2357142857142857,0.21428571428571427,0.2357142857142857,0.4190467404816008,0.5809532595183993,0.43141231975262045,0.8775633209756725,0.8269983292396639,-2.586594834303656,0.0,1.0,0.6785714285714286,0.6785714285714286,0.6785714285714286,0.7571428571428571,1.0,0.0,paper_hard,172,372
140.0,59.50184359860671,0.15714285714285714,0.15714285714285714,0.2642857142857143,0.25,0.2642857142857143,0.4236854185143438,0.5763145814856562,0.42501316856147653,0.9322980305015104,0.9057847533480964,-2.884463826555674,0.0,1.0,0.65,0.65,0.65,0.8214285714285714,1.0,0.0,paper_hard,173,373
140.0,60.95930611885803,0.15714285714285714,0.15714285714285714,0.2357142857142857,0.22857142857142856,0.2357142857142857,0.4218969383722501,0.5781030616277499,0.43542361513470024,0.9253319779566498,0.9141578390569762,-2.8376757214702613,0.0,1.0,0.6642857142857143,0.6642857142857143,0.6642857142857143,0.8071428571428572,1.0,0.0,paper_hard,174,374
140.0,72.85712123620112,0.15714285714285714,0.15714285714285714,0.22142857142857142,0.20714285714285716,0.22142857142857142,0.4554844799243925,0.5445155200756076,0.520408008830008,0.8399954233296723,0.8106455533469502,-2.243481974314929,0.0,1.0,0.6214285714285714,0.6214285714285714,0.6214285714285714,0.7642857142857142,1.0,0.0,paper_hard,175,375
140.0,70.1434892854049,0.15714285714285714,0.15714285714285714,0.2357142857142857,0.22142857142857142,0.2357142857142857,0.47436123391233126,0.5256387660876687,0.5010249234671779,0.830718066343599,0.806841107011198,-2.437837444816424,0.0,1.0,0.7071428571428572,0.7071428571428572,0.7071428571428572,0.7,1.0,0.0,paper_hard,176,376
140.0,50.3010973670421,0.15714285714285714,0.15714285714285714,0.24285714285714285,0.22857142857142856,0.24285714285714285,0.4467981279139508,0.5532018720860491,0.35929355262172924,0.8167799149822615,0.7936506122865451,-3.2244973393006457,0.0,1.0,0.7928571428571428,0.7928571428571428,0.7928571428571428,0.7214285714285714,1.0,0.0,paper_hard,177,377
140.0,68.51474361762891,0.15714285714285714,0.15714285714285714,0.22857142857142856,0.22857142857142856,0.22857142857142856,0.37311028136014385,0.6268897186398561,0.4893910258402065,0.9734424186310824,0.9238838658852797,-3.4496513061915812,0.0,1.0,0.7642857142857142,0.7642857142857142,0.7642857142857142,0.8,1.0,0.0,paper_hard,178,378
140.0,65.95941427007787,0.15714285714285714,0.15714285714285714,0.25,0.24285714285714285,0.25,0.4668970301348561,0.5331029698651438,0.4711386733576991,0.9086242546722533,0.8855282282128192,-2.979859955885752,0.0,1.0,0.6142857142857143,0.6142857142857143,0.6142857142857143,0.7928571428571428,1.0,0.0,paper_hard,179,379
140.0,62.52920440882678,0.15714285714285714,0.15714285714285714,0.2357142857142857,0.20714285714285716,0.2357142857142857,0.4281128101758682,0.5718871898241318,0.4466371743487627,0.9262619661590255,0.888700930170129,-2.9891684616171283,0.0,1.0,0.6928571428571428,0.6928571428571428,0.6928571428571428,0.7857142857142857,1.0,0.0,paper_hard,180,380
140.0,69.24362110710017,0.15714285714285714,0.15714285714285714,0.22857142857142856,0.20714285714285716,0.22857142857142856,0.4407725088729916,0.5592274911270085,0.49459729362214405,0.8615130718064367,0.8066352147478038,-2.537702626836928,0.0,1.0,0.6785714285714286,0.6785714285714286,0.6785714285714286,0.7428571428571429,1.0,0.0,paper_hard,181,381
140.0,76.27882262588305,0.15714285714285714,0.15714285714285714,0.24285714285714285,0.24285714285714285,0.24285714285714285,0.40567564896875136,0.5943243510312487,0.5448487330420217,0.9333142620854122,0.8721204821197818,-5.002276838059793,0.0,1.0,0.7428571428571429,0.7428571428571429,0.7428571428571429,0.8428571428571429,1.0,0.0,paper_hard,182,382
140.0,72.96217563944961,0.15714285714285714,0.15714285714285714,0.24285714285714285,0.2357142857142857,0.24285714285714285,0.46969995277522136,0.5303000472247786,0.5211583974246401,0.8423926534169378,0.8092528400690261,-2.431250127196796,0.0,1.0,0.6285714285714286,0.6285714285714286,0.6285714285714286,0.7785714285714286,1.0,0.0,paper_hard,183,383
140.0,72.92661166792904,0.15714285714285714,0.15714285714285714,0.2357142857142857,0.22142857142857142,0.2357142857142857,0.39257393443560057,0.6074260655643994,0.520904369056636,0.9402297109132086,0.8579064917894142,-3.192464160647693,0.0,1.0,0.75,0.75,0.75,0.7714285714285715,1.0,0.0,paper_hard,184,384
140.0,59.1984834611485,0.15714285714285714,0.15714285714285714,0.24285714285714285,0.24285714285714285,0.24285714285714285,0.47598248785630537,0.5240175121436946,0.422846310436775,0.7749409593485923,0.7587547383374114,-2.159259059978372,0.0,1.0,0.55,0.55,0.55,0.7357142857142858,1.0,0.0,paper_hard,185,385
140.0,60.59269822869823,0.15714285714285714,0.15714285714285714,0.21428571428571427,0.20714285714285716,0.21428571428571427,0.4046774305086366,0.5953225694913633,0.4328049873478445,0.868426201913515,0.7956040831940517,-2.916961720651593,0.0,1.0,0.7214285714285714,0.7214285714285714,0.7214285714285714,0.7714285714285715,1.0,0.0,paper_hard,186,386
140.0,70.12058603468104,0.15714285714285714,0.15714285714285714,0.24285714285714285,0.22142857142857142,0.24285714285714285,0.4467506324727296,0.5532493675272705,0.5008613288191502,0.8201991098971767,0.785357355645647,-2.0341617087391892,0.0,1.0,0.4785714285714286,0.4785714285714286,0.4785714285714286,0.7571428571428571,1.0,0.0,paper_hard,187,387
140.0,67.24192282040357,0.15714285714285714,0.15714285714285714,0.2357142857142857,0.2357142857142857,0.2357142857142857,0.40700169695595867,0.5929983030440413,0.4802994487171684,0.888476381668862,0.7662361850148778,-3.8796622977239417,0.0,1.0,0.7928571428571428,0.7928571428571428,0.7928571428571428,0.7642857142857142,1.0,0.0,paper_hard,188,388
140.0,65.88537980930506,0.15714285714285714,0.15714285714285714,0.22142857142857142,0.19285714285714287,0.22142857142857142,0.5167321778845023,0.4832678221154975,0.4706098557807505,0.4895336328403408,0.46807671179749843,-2.283348719657421,0.0,1.0,0.6714285714285714,0.6714285714285714,0.6714285714285714,0.5928571428571429,1.0,0.0,paper_hard,189,389
140.0,80.66855405049773,0.15714285714285714,0.15714285714285714,0.22857142857142856,0.20714285714285716,0.22857142857142856,0.42913035742745964,0.5708696425725404,0.5762039575035552,0.8542741167215974,0.7710939664359988,-2.4396216873932186,0.0,1.0,0.6071428571428571,0.6071428571428571,0.6071428571428571,0.7285714285714285,1.0,0.0,paper_hard,190,390
140.0,61.10340319361015,0.15714285714285714,0.15714285714285714,0.22857142857142856,0.21428571428571427,0.22857142857142856,0.4082216937141327,0.5917783062858673,0.4364528799543582,0.8887754346836352,0.7971289177558172,-3.4332119824781304,0.0,1.0,0.8,0.8,0.8,0.7357142857142858,1.0,0.0,paper_hard,191,391
140.0,62.29644476525286,0.15714285714285714,0.15714285714285714,0.2357142857142857,0.20714285714285716,0.2357142857142857,0.4220530361340974,0.5779469638659026,0.44497460546609185,0.8920158924181677,0.8566523747279615,-3.7109075074947993,0.0,1.0,0.7857142857142857,0.7857142857142857,0.7857142857142857,0.7785714285714286,1.0,0.0,paper_hard,192,392
140.0,68.32109596758545,0.15714285714285714,0.15714285714285714,0.2357142857142857,0.22142857142857142,0.2357142857142857,0.457609517488819,0.542390482511181,0.4880078283398961,0.8137546094125776,0.7586065099012909,-2.8262859367539086,0.0,1.0,0.7285714285714285,0.7285714285714285,0.7285714285714285,0.7285714285714285,1.0,0.0,paper_hard,193,393
140.0,63.18619474285366,0.15714285714285714,0.15714285714285714,0.2357142857142857,0.22857142857142856,0.2357142857142857,0.4485110248776818,0.5514889751223182,0.4513299624489547,0.8596266889175966,0.8227707607274435,-2.7588984283785454,0.0,1.0,0.6928571428571428,0.6928571428571428,0.6928571428571428,0.7571428571428571,1.0,0.0,paper_hard,194,394
140.0,63.427228643870095,0.15714285714285714,0.15714285714285714,0.2357142857142857,0.22857142857142856,0.2357142857142857,0.4756955930780146,0.5243044069219854,0.4530516331705007,0.800764658527628,0.775866658758508,-2.6950846114104627,0.0,1.0,0.6928571428571428,0.6928571428571428,0.6928571428571428,0.7571428571428571,1.0,0.0,paper_hard,195,395
140.0,72.19184802443506,0.15714285714285714,0.15714285714285714,0.22857142857142856,0.21428571428571427,0.22857142857142856,0.49281135695574535,0.5071886430442547,0.5156560573173933,0.7718826040627895,0.7504125403130972,-2.153937240538908,0.0,1.0,0.65,0.65,0.65,0.7285714285714285,1.0,0.0,paper_hard,196,396
140.0,78.26500167993929,0.15714285714285714,0.15714285714285714,0.2357142857142857,0.21428571428571427,0.2357142857142857,0.476079567922519,0.523920432077481,0.5590357262852806,0.7634879303266345,0.7160717316964492,-2.481805713196555,0.0,1.0,0.6928571428571428,0.6928571428571428,0.6928571428571428,0.7428571428571429,1.0,0.0,paper_hard,197,397
140.0,65.22237325680187,0.15714285714285714,0.15714285714285714,0.2357142857142857,0.22857142857142856,0.2357142857142857,0.48349186796988447,0.5165081320301155,0.465874094691442,0.7338792861888142,0.7056275517849574,-2.4614077412719437,0.0,1.0,0.7142857142857143,0.7142857142857143,0.7142857142857143,0.7214285714285714,1.0,0.0,paper_hard,198,398
140.0,60.80225396831532,0.15714285714285714,0.15714285714285714,0.22142857142857142,0.20714285714285716,0.22142857142857142,0.47640813987941855,0.5235918601205815,0.43430181405939516,0.703185393796828,0.6855664409869354,-2.2763384374618845,0.0,1.0,0.6,0.6,0.6,0.6857142857142857,1.0,0.0,paper_hard,199,399
160.0,0.3331685084816691,0.11875,0.11875,0.1875,0.18125,0.1875,0.4724966311072397,0.5275033688927602,0.002082303178010432,0.3360758611082274,0.3360758611082274,-2.7955139923613066,0.0,1.0,0.80625,0.80625,0.80625,0.49375,1.0,0.0,scenario_stress,0,200
160.0,0.43938774776848755,0.11875,0.11875,0.1875,0.15625,0.1875,0.3664135232663769,0.633586476733623,0.002746173423553047,0.7467301758467667,0.7466001974286509,-2.7821985476693403,0.0,1.0,0.625,0.625,0.625,0.65625,1.0,0.0,scenario_stress,1,201
160.0,0.12318210862485779,0.11875,0.11875,0.175,0.16875,0.175,0.5151102249022288,0.4848897750977712,0.0007698881789053612,0.4784037574966099,0.4784037574966099,-2.536189574418936,0.0,1.0,0.675,0.675,0.675,0.40625,1.0,0.0,scenario_stress,2,202
160.0,0.9365483774618972,0.11875,0.11875,0.19375,0.1625,0.19375,0.47416952029113435,0.5258304797088657,0.005853427359136858,0.8545058206456574,0.8545058206456574,-2.1877418152992982,0.0,1.0,0.575,0.575,0.575,0.54375,1.0,0.0,scenario_stress,3,203
160.0,0.38313233153512716,0.11875,0.11875,0.2,0.16875,0.2,0.5474802453521288,0.45251975464787125,0.002394577072094545,0.15094591414651273,0.15082640326730318,-3.2162404793879134,0.0,1.0,0.94375,0.94375,0.94375,0.46875,1.0,0.0,scenario_stress,4,204
160.0,1.2084311617660295,0.11875,0.11875,0.18125,0.175,0.18125,0.6108708944132009,0.38912910558679914,0.007552694761037685,0.00013868173382665107,0.00013868173382665107,-3.1914885094505165,0.0,1.0,0.9875,0.9875,0.9875,0.0125,1.0,0.0,scenario_stress,5,205
160.0,0.5399726070966684,0.11875,0.11875,0.18125,0.175,0.18125,0.5094206233107931,0.4905793766892069,0.0033748287943541773,0.21900735675895855,0.21900735675895855,-3.624246448290422,0.0,1.0,0.78125,0.78125,0.78125,0.3125,1.0,0.0,scenario_stress,6,206
160.0,0.8893281974146738,0.11875,0.11875,0.1875,0.18125,0.1875,0.5645478029725532,0.4354521970274467,0.0055583012338417115,0.11472300389484677,0.11472300389484677,-3.265578506682894,0.0,1.0,0.9875,0.9875,0.9875,0.3625,1.0,0.0,scenario_stress,7,207
160.0,0.08230240256523602,0.11875,0.11875,0.2125,0.2125,0.2125,0.5788468781156646,0.4211531218843354,0.0005143900160327252,0.0003817425364393542,0.0003817425364393542,-3.3716741881169767,0.0,1.0,0.9875,0.9875,0.9875,0.0125,1.0,0.0,scenario_stress,8,208
160.0,0.0,0.11875,0.11875,0.19375,0.1875,0.19375,0.5035140990996426,0.4964859009003574,0.0,0.06515063701448094,0.06515063701448094,-3.4737340380918837,0.0,1.0,1.0,1.0,1.0,0.19375,1.0,0.0,scenario_stress,9,209
160.0,0.6592379667432592,0.11875,0.11875,0.19375,0.175,0.19375,0.5337785731800926,0.4662214268199074,0.00412023729214537,0.0019601450952479024,0.0019601450952479024,-3.6644230012035015,0.0,1.0,0.975,0.975,0.975,0.04375,1.0,0.0,scenario_stress,10,210
160.0,0.7280175033891578,0.11875,0.11875,0.1875,0.16875,0.1875,0.5362157436893793,0.4637842563106206,0.004550109396182236,0.0006973222930229832,0.0006973222930229832,-3.5029143407338905,0.0,1.0,0.98125,0.98125,0.98125,0.025,1.0,0.0,scenario_stress,11,211
160.0,1.914088945376377,0.11875,0.11875,0.1875,0.175,0.1875,0.5900069593079487,0.40999304069205145,0.011963055908602357,0.0010101658048336,0.0010069872161606228,-3.8993822560545484,0.0,1.0,0.96875,0.96875,0.96875,0.03125,1.0,0.0,scenario_stress,12,212
160.0,0.9774622305020011,0.11875,0.11875,0.18125,0.1625,0.18125,0.40736536178164195,0.5926346382183582,0.006109138940637507,0.4415918585387158,0.4415918585387158,-2.912377822626342,0.0,1.0,0.69375,0.69375,0.69375,0.59375,1.0,0.0,scenario_stress,13,213
160.0,2.395528136062756,0.11875,0.11875,0.19375,0.1875,0.19375,0.4425620879069367,0.5574379120930633,0.014972050850392224,0.2958223004196292,0.29559427254613735,-2.923505012754581,0.0,1.0,0.8875,0.8875,0.8875,0.4875,1.0,0.0,scenario_stress,14,214
160.0,1.3333487765101417,0.11875,0.11875,0.19375,0.1875,0.19375,0.6215875996760148,0.37841240032398515,0.008333429853188386,0.0001781857987882482,-0.0014126653048245833,-3.331400743336869,0.0,1.0,0.99375,0.99375,0.99375,0.0125,1.0,0.0,scenario_stress,15,215
160.0,1.1246404902600327,0.11875,0.11875,0.2,0.1875,0.2,0.5021594752330223,0.49784052476697765,0.007029003064125204,0.19435404038658305,0.19435404038658305,-2.82978411465742,0.0,1.0,0.93125,0.93125,0.93125,0.425,1.0,0.0,scenario_stress,16,216
160.0,0.03465414379874532,0.11875,0.11875,0.2,0.175,0.2,0.6506302888039507,0.3493697111960494,0.00021658839874215825,0.00018242401301937354,0.00018242401301937354,-3.0513306160277613,0.0,1.0,0.99375,0.99375,0.99375,0.00625,1.0,0.0,scenario_stress,17,217
160.0,0.7404061548011005,0.11875,0.11875,0.1625,0.15625,0.1625,0.5113663721511498,0.4886336278488502,0.004627538467506878,0.0027276602368699917,0.00269014220482249,-3.2908365838603104,0.0,1.0,0.9875,0.9875,0.9875,0.08125,1.0,0.0,scenario_stress,18,218
160.0,0.24283472617232066,0.11875,0.11875,0.2125,0.1875,0.2125,0.6170220591895631,0.38297794081043696,0.001517717038577004,0.00012781870566803966,0.00012781870566803966,-3.328930447866842,0.0,1.0,0.99375,0.99375,0.99375,0.00625,1.0,0.0,scenario_stress,19,219
160.0,0.2667777023753214,0.11875,0.11875,0.19375,0.18125,0.19375,0.5537806699549256,0.4462193300450744,0.0016673606398457587,0.00020017158174636605,0.00020017158174636605,-3.480322715781098,0.0,1.0,0.9875,0.9875,0.9875,0.0125,1.0,0.0,scenario_stress,20,220
160.0,0.0,0.11875,0.11875,0.18125,0.16875,0.18125,0.4265514404415203,0.5734485595584797,0.0,0.09974997714777711,0.09974997714777711,-3.1276415095425625,0.0,1.0,1.0,1.0,1.0,0.41875,1.0,0.0,scenario_stress,21,221
160.0,0.2523841946294533,0.11875,0.11875,0.2125,0.20625,0.2125,0.4642986718835053,0.5357013281164948,0.0015774012164340829,0.1858723348190003,0.1858723348190003,-3.067560298804495,0.0,1.0,0.8375,0.8375,0.8375,0.525,1.0,0.0,scenario_stress,22,222
160.0,2.137264996669648,0.11875,0.11875,0.18125,0.16875,0.18125,0.3778248011443509,0.6221751988556491,0.013357906229185302,0.43090756722459406,0.43090756722459406,-2.889221637548315,0.0,1.0,0.83125,0.83125,0.83125,0.625,1.0,0.0,scenario_stress,23,223
160.0,0.7182063004886394,0.11875,0.11875,0.18125,0.175,0.18125,0.3118478367044454,0.6881521632955546,0.004488789378053996,0.12137761653182699,0.12137761653182699,-3.9204473767078754,0.0,1.0,0.9625,0.9625,0.9625,0.5625,1.0,0.0,scenario_stress,24,224
160.0,1.2857670703396442,0.11875,0.11875,0.2,0.18125,0.2,0.5053845525774866,0.4946154474225134,0.008036044189622777,0.08149544415564987,0.08140866305439742,-3.3405864845630857,0.0,1.0,0.9875,0.9875,0.9875,0.4,1.0,0.0,scenario_stress,25,225
160.0,0.19192756055210558,0.11875,0.11875,0.19375,0.19375,0.19375,0.5597444365456166,0.4402555634543833,0.0011995472534506598,0.002203542736700302,0.002203542736700302,-3.5171980296777945,0.0,1.0,0.9875,0.9875,0.9875,0.025,1.0,0.0,scenario_stress,26,226
160.0,0.26388668925449243,0.11875,0.11875,0.21875,0.1875,0.21875,0.6635861181625218,0.3364138818374782,0.0016492918078405776,0.00022155470138355074,0.00022155470138355074,-3.264839412560967,0.0,1.0,0.99375,0.99375,0.99375,0.00625,1.0,0.0,scenario_stress,27,227
160.0,0.34433880416271995,0.11875,0.11875,0.20625,0.175,0.20625,0.3897196375150582,0.6102803624849418,0.0021521175260169998,0.3345152011238376,0.3345152011238376,-3.0034392852015976,0.0,1.0,0.76875,0.76875,0.76875,0.6125,1.0,0.0,scenario_stress,28,228
160.0,0.10447443584503036,0.11875,0.11875,0.19375,0.16875,0.19375,0.4225869060101708,0.5774130939898292,0.0006529652240314397,0.13618201388882062,0.13618201388882062,-3.394505402429138,0.0,1.0,0.99375,0.99375,0.99375,0.40625,1.0,0.0,scenario_stress,29,229
160.0,0.6172386666049685,0.11875,0.11875,0.19375,0.1875,0.19375,0.5489901335783836,0.4510098664216165,0.0038577416662810534,5.568834360094727e-05,2.3754755662305783e-05,-3.523164938939929,0.0,1.0,0.99375,0.99375,0.99375,0.00625,1.0,0.0,scenario_stress,30,230
160.0,0.09752428740184049,0.11875,0.11875,0.20625,0.175,0.20625,0.5975133367103986,0.4024866632896014,0.0006095267962615031,0.0,-1.129065348613248e-05,-3.440465138935103,0.0,1.0,1.0,1.0,1.0,0.0,1.0,0.0,scenario_stress,31,231
160.0,2.138012611376773,0.11875,0.11875,0.18125,0.1625,0.18125,0.4177466496108422,0.5822533503891578,0.013362578821104832,0.11980790353305384,0.11891316861138197,-3.213140312863257,0.0,1.0,0.975,0.975,0.975,0.475,1.0,0.0,scenario_stress,32,232
160.0,2.4095467351074675,0.11875,0.11875,0.16875,0.16875,0.16875,0.5572563975922245,0.4427436024077755,0.015059667094421672,0.0055830619986899635,0.005518989547489686,-3.409195431830927,0.0,1.0,0.96875,0.96875,0.96875,0.06875,1.0,0.0,scenario_stress,33,233
160.0,0.6397479233976605,0.11875,0.11875,0.175,0.1625,0.175,0.48577464748442656,0.5142253525155734,0.003998424521235378,0.09959374196472368,0.09959374196472368,-3.0752637535841787,0.0,1.0,0.98125,0.98125,0.98125,0.4,1.0,0.0,scenario_stress,34,234
160.0,1.1110194238411026,0.11875,0.11875,0.175,0.16875,0.175,0.416216875546941,0.583783124453059,0.006943871399006892,0.18703291571326575,0.1867011810054133,-3.3749855037035603,0.0,1.0,0.8625,0.8625,0.8625,0.56875,1.0,0.0,scenario_stress,35,235
160.0,1.401296602859551,0.11875,0.11875,0.1875,0.16875,0.1875,0.5672778772339955,0.4327221227660044,0.008758103767872194,0.027587209207044328,0.027458624345002725,-3.9137106786601548,0.0,1.0,0.975,0.975,0.975,0.2,1.0,0.0,scenario_stress,36,236
160.0,2.335804645341569,0.11875,0.11875,0.2125,0.2,0.2125,0.6421094030773455,0.3578905969226545,0.014598779033384806,0.008741892502446428,0.008054100645095366,-3.253102548539259,0.0,1.0,0.9875,0.9875,0.9875,0.13125,1.0,0.0,scenario_stress,37,237
160.0,2.3491694468688245,0.11875,0.11875,0.1875,0.1875,0.1875,0.6055308957490728,0.3944691042509272,0.014682309042930154,0.0,-0.0012554351721828518,-3.2869795155952177,0.0,1.0,1.0,1.0,1.0,0.0,1.0,0.0,scenario_stress,38,238
160.0,0.08029117137905017,0.11875,0.11875,0.1625,0.13125,0.1625,0.5702469639513403,0.4297530360486597,0.0005018198211190636,0.1732259021749342,0.1732259021749342,-3.2216502291014835,0.0,1.0,0.99375,0.99375,0.99375,0.31875,1.0,0.0,scenario_stress,39,239
160.0,2.2948179624684126,0.11875,0.11875,0.18125,0.1625,0.18125,0.5778232987151254,0.4221767012848746,0.014342612265427579,0.4689128030447039,0.46885324547209273,-2.406706347489441,0.0,1.0,0.55,0.55,0.55,0.46875,1.0,0.0,scenario_stress,40,240
160.0,1.152717293272664,0.11875,0.11875,0.18125,0.16875,0.18125,0.6274491255037429,0.372550874496257,0.00720448308295415,0.08183917931999551,0.08183917931999551,-3.134166555467865,0.0,1.0,0.89375,0.89375,0.89375,0.33125,1.0,0.0,scenario_stress,41,241
160.0,1.312727131904082,0.11875,0.11875,0.16875,0.1625,0.16875,0.4944838776950332,0.5055161223049668,0.008204544574400513,0.7370518962209578,0.7370518962209578,-2.6240173235638347,0.0,1.0,0.64375,0.64375,0.64375,0.575,1.0,0.0,scenario_stress,42,242
160.0,3.580104792684958,0.11875,0.11875,0.19375,0.18125,0.19375,0.7063740080140861,0.29362599198591377,0.02237565495428099,0.026983004144627554,0.0259395189663826,-3.1196018973028137,0.0,1.0,0.7625,0.7625,0.7625,0.275,1.0,0.0,scenario_stress,43,243
160.0,0.24258461484406169,0.11875,0.11875,0.1625,0.15625,0.1625,0.6338612752148716,0.3661387247851284,0.0015161538427753856,0.0005418836228912143,0.0005418836228912143,-3.3614390274772576,0.0,1.0,0.9875,0.9875,0.9875,0.0125,1.0,0.0,scenario_stress,44,244
160.0,2.346585920655742,0.11875,0.11875,0.18125,0.16875,0.18125,0.5971434059267755,0.4028565940732244,0.014666162004098388,0.013138323641360156,0.010138501447251093,-3.953857589276782,0.0,1.0,0.95,0.95,0.95,0.09375,1.0,0.0,scenario_stress,45,245
160.0,0.8214413268189393,0.11875,0.11875,0.175,0.14375,0.175,0.5020838109338468,0.49791618906615315,0.005134008292618371,0.3630632215745816,0.3628817996497035,-3.0993900142605013,0.0,1.0,0.8375,0.8375,0.8375,0.56875,1.0,0.0,scenario_stress,46,246
160.0,1.4056548293962727,0.11875,0.11875,0.16875,0.15,0.16875,0.4705109867743307,0.5294890132256693,0.008785342683726705,0.3745232025527974,0.37406015128999215,-3.992737878862286,0.0,1.0,0.8375,0.8375,0.8375,0.68125,1.0,0.0,scenario_stress,47,247
160.0,3.5619929967961843,0.11875,0.11875,0.19375,0.18125,0.19375,0.5340638399407257,0.4659361600592743,0.022262456229976153,0.6086487043066222,0.6069130979997659,-2.322083751088054,0.0,1.0,0.5625,0.5625,0.5625,0.5625,1.0,0.0,scenario_stress,48,248
160.0,3.7688244842724923,0.11875,0.11875,0.18125,0.16875,0.18125,0.47497826127344467,0.5250217387265552,0.023555153026703076,0.049060650831821664,0.04513293783193393,-3.691606949550054,0.0,1.0,0.98125,0.98125,0.98125,0.2,1.0,0.0,scenario_stress,49,249
160.0,1.1676398524788851,0.11875,0.11875,0.175,0.15625,0.175,0.3443172466017481,0.6556827533982519,0.007297749077993032,1.1513070463594282,1.1513070463594282,-2.2241690428311296,0.0,1.0,0.51875,0.51875,0.51875,0.7125,1.0,0.0,scenario_stress,50,250
160.0,0.624472688698315,0.11875,0.11875,0.19375,0.16875,0.19375,0.35763068623574634,0.6423693137642537,0.0039029543043644687,0.6486714262651326,0.6486714262651326,-3.5725915748998505,0.0,1.0,0.875,0.875,0.875,0.6375,1.0,0.0,scenario_stress,51,251
160.0,11.277888400850996,0.11875,0.11875,0.175,0.1625,0.175,0.4682627609291223,0.5317372390708777,0.07048680250531872,0.3046625544723659,0.3032901593926377,-3.858544218306973,0.0,1.0,0.75,0.75,0.75,0.51875,1.0,0.0,scenario_stress,52,252
160.0,2.8787764454332287,0.11875,0.11875,0.2,0.18125,0.2,0.4764762456430759,0.5235237543569241,0.01799235278395768,0.6507589446441286,0.6507357545358489,-2.4707620422960943,0.0,1.0,0.5875,0.5875,0.5875,0.53125,1.0,0.0,scenario_stress,53,253
160.0,1.4382316274433695,0.11875,0.11875,0.175,0.1625,0.175,0.5029473362401067,0.4970526637598933,0.00898894767152106,0.09028168060199572,0.08872345219943431,-3.3932019796192385,0.0,1.0,0.90625,0.90625,0.90625,0.35,1.0,0.0,scenario_stress,54,254
160.0,1.3499918626929461,0.11875,0.11875,0.1625,0.1375,0.1625,0.5058576504933839,0.49414234950661606,0.008437449141830913,0.16649297577490962,0.16625164115830024,-3.822438578597075,0.0,1.0,0.9375,0.9375,0.9375,0.6125,1.0,0.0,scenario_stress,55,255
160.0,7.176864319048933,0.11875,0.11875,0.19375,0.19375,0.19375,0.46115237429812306,0.5388476257018769,0.044855401994055834,0.33581671419009573,0.3339155742111283,-3.1368654312124264,0.0,1.0,0.76875,0.76875,0.76875,0.775,1.0,0.0,scenario_stress,56,256
160.0,1.2076012112916021,0.11875,0.11875,0.16875,0.15,0.16875,0.41703363594376175,0.5829663640562381,0.007547507570572513,0.7304158028631178,0.7282443478559528,-2.637060629469043,0.0,1.0,0.6625,0.6625,0.6625,0.55625,1.0,0.0,scenario_stress,57,257
160.0,0.8234080900214769,0.11875,0.11875,0.175,0.15,0.175,0.5186072477197772,0.48139275228022277,0.00514630056263423,0.1425803222441595,0.1425803222441595,-4.681036641674315,0.0,1.0,0.93125,0.93125,0.93125,0.2625,1.0,0.0,scenario_stress,58,258
160.0,6.1147204442481025,0.11875,0.11875,0.19375,0.16875,0.19375,0.5181803608910925,0.48181963910890746,0.03821700277655064,0.014950967525737607,0.01003797876204729,-3.4878160902635438,0.0,1.0,0.95,0.95,0.95,0.2,1.0,0.0,scenario_stress,59,259
160.0,1.4194879389743247,0.11875,0.11875,0.175,0.15,0.175,0.5095563327886923,0.4904436672113078,0.00887179961858953,0.041238980776690054,0.040648019967082796,-3.7978264557749073,0.0,1.0,0.91875,0.91875,0.91875,0.08125,1.0,0.0,scenario_stress,60,260
160.0,4.9187786611362,0.11875,0.11875,0.1625,0.13125,0.1625,0.6336099864689891,0.3663900135310108,0.030742366632101246,0.003846230335772809,-0.0005944379821856506,-3.887560220864234,0.0,1.0,0.9375,0.9375,0.9375,0.0625,1.0,0.0,scenario_stress,61,261
160.0,0.5872069921888279,0.11875,0.11875,0.1625,0.15625,0.1625,0.6051637270854737,0.39483627291452633,0.0036700437011801743,0.0011257301475750049,0.0011257301475750049,-4.4654278818309265,0.0,1.0,0.98125,0.98125,0.98125,0.0375,1.0,0.0,scenario_stress,62,262
160.0,0.572517760509719,0.11875,0.11875,0.175,0.1625,0.175,0.583961517504953,0.4160384824950471,0.003578236003185744,0.00045189923723605515,0.00045189923723605515,-3.9180813339031544,0.0,1.0,0.9875,0.9875,0.9875,0.0125,1.0,0.0,scenario_stress,63,263
160.0,4.729217671394706,0.11875,0.11875,0.18125,0.125,0.18125,0.6552608115555538,0.3447391884444463,0.029557610446216916,0.0025132712050377733,0.0001432962510337997,-3.3258165370307196,0.0,1.0,0.94375,0.94375,0.94375,0.05625,1.0,0.0,scenario_stress,64,264
160.0,12.259305577319417,0.11875,0.11875,0.2,0.1875,0.2,0.6301325146658238,0.36986748533417624,0.07662065985824636,0.0213871811281321,0.010505627711729271,-4.5464482958298476,0.0,1.0,0.9,0.9,0.9,0.1,1.0,0.0,scenario_stress,65,265
160.0,13.562688828570288,0.11875,0.11875,0.175,0.16875,0.175,0.608778122391904,0.39122187760809596,0.0847668051785643,0.0097404947422518,-0.001237989698880393,-4.12120027521515,0.0,1.0,0.9375,0.9375,0.9375,0.0625,1.0,0.0,scenario_stress,66,266
160.0,1.8742054580505276,0.11875,0.11875,0.15625,0.125,0.15625,0.5279261632973403,0.47207383670265973,0.011713784112815798,0.06933074809277243,0.06679245319016505,-6.107376604917487,0.0,1.0,0.86875,0.86875,0.86875,0.175,1.0,0.0,scenario_stress,67,267
160.0,4.5783646420385224,0.11875,0.11875,0.1875,0.1875,0.1875,0.6031264249230219,0.3968735750769781,0.028614779012740767,0.02002584475239497,0.017781739755351716,-5.055906143183223,0.0,1.0,0.91875,0.91875,0.91875,0.1,1.0,0.0,scenario_stress,68,268
160.0,7.014273951899829,0.11875,0.11875,0.16875,0.15625,0.16875,0.3146879286421619,0.6853120713578381,0.043839212199373936,0.89386799072921,0.8915059982468554,-2.453832847355729,0.0,1.0,0.5,0.5,0.5,0.85625,1.0,0.0,scenario_stress,69,269
160.0,0.6945443293412803,0.11875,0.11875,0.2,0.19375,0.2,0.6393447574681361,0.3606552425318639,0.004340902058383002,0.00332676989201477,0.002988439391150042,-3.553906953080567,0.0,1.0,0.96875,0.96875,0.96875,0.03125,1.0,0.0,scenario_stress,70,270
160.0,1.399459434557151,0.11875,0.11875,0.1625,0.14375,0.1625,0.5964053654968031,0.40359463450319694,0.008746621465982193,0.005085794831043286,0.004112289810662421,-5.229077782025977,0.0,1.0,0.94375,0.94375,0.94375,0.06875,1.0,0.0,scenario_stress,71,271
160.0,14.789102535750077,0.11875,0.11875,0.15625,0.15,0.15625,0.5836173791172418,0.41638262088275824,0.09243189084843798,0.016660363453179172,0.00835833438102905,-5.219331491463514,0.0,1.0,0.875,0.875,0.875,0.1375,1.0,0.0,scenario_stress,72,272
160.0,16.380001583336963,0.11875,0.11875,0.15,0.15,0.15,0.5879185739750852,0.41208142602491477,0.10237500989585602,0.005258959974478826,-0.005397068277410554,-5.502493635081988,0.0,1.0,0.9125,0.9125,0.9125,0.0875,1.0,0.0,scenario_stress,73,273
160.0,7.23857007496433,0.11875,0.11875,0.175,0.15,0.175,0.5458054338320741,0.4541945661679259,0.04524106296852706,0.005010879802928662,-0.004015748524605822,-4.2228564469149195,0.0,1.0,0.925,0.925,0.925,0.08125,1.0,0.0,scenario_stress,74,274
160.0,4.17623499218088,0.11875,0.11875,0.16875,0.15,0.16875,0.6116318739360794,0.38836812606392057,0.026101468701130497,0.004587532160451697,0.0032288361948310702,-3.7611326747686045,0.0,1.0,0.9125,0.9125,0.9125,0.09375,1.0,0.0,scenario_stress,75,275
160.0,12.063548137228096,0.11875,0.11875,0.175,0.1625,0.175,0.5977445625189404,0.40225543748105963,0.07539717585767561,0.03692090388804624,0.032848701033520174,-4.873064978477046,0.0,1.0,0.875,0.875,0.875,0.13125,1.0,0.0,scenario_stress,76,276
160.0,6.9469280717519855,0.11875,0.11875,0.18125,0.15,0.18125,0.6183072630796813,0.38169273692031874,0.04341830044844991,0.011528680084219794,0.005559952556035675,-4.890728605563086,0.0,1.0,0.89375,0.89375,0.89375,0.10625,1.0,0.0,scenario_stress,77,277
160.0,22.05101681867184,0.11875,0.11875,0.1625,0.15,0.1625,0.6040683516360167,0.3959316483639833,0.137818855116699,0.006992697845823406,0.0013118757381684275,-4.8977026203034555,0.0,1.0,0.8875,0.8875,0.8875,0.1125,1.0,0.0,scenario_stress,78,278
160.0,13.766155310678714,0.11875,0.11875,0.18125,0.16875,0.18125,0.5954849361749135,0.4045150638250866,0.08603847069174196,0.022691710395126338,0.01380124051300026,-6.22825806920206,0.0,1.0,0.88125,0.88125,0.88125,0.125,1.0,0.0,scenario_stress,79,279
160.0,25.900936414671598,0.11875,0.11875,0.1625,0.14375,0.1625,0.585057239594418,0.414942760405582,0.1618808525916975,0.010886561224066633,0.0040858294515386225,-6.261024382751957,0.0,1.0,0.8875,0.8875,0.8875,0.11875,1.0,0.0,scenario_stress,80,280
160.0,15.510224871433556,0.11875,0.11875,0.1625,0.15,0.1625,0.569078231039686,0.43092176896031403,0.09693890544645972,0.03447261284267163,0.030083998046445192,-8.792112501588637,0.0,1.0,0.85625,0.85625,0.85625,0.15,1.0,0.0,scenario_stress,81,281
160.0,14.226566612233785,0.11875,0.11875,0.1625,0.1625,0.1625,0.6034337999903724,0.39656620000962756,0.08891604132646116,0.008258244887594936,0.0032105470795385136,-5.544946592895477,0.0,1.0,0.9125,0.9125,0.9125,0.0875,1.0,0.0,scenario_stress,82,282
160.0,8.830915827387248,0.11875,0.11875,0.175,0.15625,0.175,0.5684104799313732,0.4315895200686268,0.0551932239211703,0.022088843054417724,0.019418716693587718,-7.432477322476169,0.0,1.0,0.84375,0.84375,0.84375,0.19375,1.0,0.0,scenario_stress,83,283
160.0,24.295504909804727,0.11875,0.11875,0.175,0.16875,0.175,0.5966577349229836,0.4033422650770165,0.15184690568627954,0.018582121558571755,0.012260702541420438,-5.812351166895952,0.0,1.0,0.83125,0.83125,0.83125,0.16875,1.0,0.0,scenario_stress,84,284
160.0,4.001496628833795,0.11875,0.11875,0.16875,0.125,0.16875,0.5589870688183319,0.44101293118166807,0.02500935393021122,0.016087616696075724,0.008367610439286407,-5.563518726778537,0.0,1.0,0.88125,0.88125,0.88125,0.125,1.0,0.0,scenario_stress,85,285
160.0,17.239084057464154,0.11875,0.11875,0.18125,0.15,0.18125,0.5928675571615395,0.4071324428384605,0.10774427535915096,0.01779452153608014,0.009618986252054911,-4.804800690428152,0.0,1.0,0.8875,0.8875,0.8875,0.125,1.0,0.0,scenario_stress,86,286
160.0,17.971383228038807,0.11875,0.11875,0.175,0.16875,0.175,0.5872294858820883,0.4127705141179116,0.11232114517524254,0.028277430240460345,0.023778699970490653,-6.472785993461092,0.0,1.0,0.81875,0.81875,0.81875,0.18125,1.0,0.0,scenario_stress,87,287
160.0,21.326595444111693,0.11875,0.11875,0.18125,0.14375,0.18125,0.6087545127620462,0.39124548723795394,0.13329122152569808,0.008816969880600874,-0.006629698184214513,-4.584410180556269,0.0,1.0,0.89375,0.89375,0.89375,0.11875,1.0,0.0,scenario_stress,88,288
160.0,19.107136518941243,0.11875,0.11875,0.16875,0.1625,0.16875,0.5939039782130802,0.4060960217869199,0.11941960324338277,0.016964486878577684,0.011210521168611567,-6.819865592210971,0.0,1.0,0.85625,0.85625,0.85625,0.15,1.0,0.0,scenario_stress,89,289
160.0,13.582641395320056,0.11875,0.11875,0.15625,0.15,0.15625,0.5709011405503286,0.4290988594496713,0.08489150872075035,0.015805472874034807,0.00858118835979944,-6.490001500972248,0.0,1.0,0.85625,0.85625,0.85625,0.14375,1.0,0.0,scenario_stress,90,290
160.0,20.961752549523396,0.11875,0.11875,0.21875,0.18125,0.21875,0.6205706498612866,0.3794293501387134,0.13101095343452124,0.017289649885415412,0.0084629260899616,-4.681734762906261,0.0,1.0,0.86875,0.86875,0.86875,0.13125,1.0,0.0,scenario_stress,91,291
160.0,10.68191682176209,0.11875,0.11875,0.1625,0.14375,0.1625,0.5716783201017479,0.42832167989825204,0.06676198013601306,0.051968703181435635,0.0450252762750745,-6.126299407483761,0.0,1.0,0.8,0.8,0.8,0.2125,1.0,0.0,scenario_stress,92,292
160.0,7.896234217397234,0.11875,0.11875,0.19375,0.1875,0.19375,0.5808454366593812,0.41915456334061896,0.049351463858732715,0.051505209453374556,0.048804533076443224,-5.757277210379007,0.0,1.0,0.775,0.775,0.775,0.2375,1.0,0.0,scenario_stress,93,293
160.0,21.36322269413879,0.11875,0.11875,0.175,0.1625,0.175,0.6129907540733883,0.3870092459266116,0.13352014183836744,0.009495519114428459,0.0009443758155923673,-4.68869157104964,0.0,1.0,0.89375,0.89375,0.89375,0.1125,1.0,0.0,scenario_stress,94,294
160.0,15.044545782716522,0.11875,0.11875,0.15625,0.13125,0.15625,0.5740465394085579,0.4259534605914421,0.09402841114197827,0.014686179153200325,0.0067992228261613,-5.902123388119285,0.0,1.0,0.8875,0.8875,0.8875,0.15,1.0,0.0,scenario_stress,95,295
160.0,19.522937600794844,0.11875,0.11875,0.15625,0.15,0.15625,0.6056447525177849,0.3943552474822152,0.12201836000496777,0.006767283384780077,-0.00216527650645556,-4.392904421020166,0.0,1.0,0.8875,0.8875,0.8875,0.1125,1.0,0.0,scenario_stress,96,296
160.0,14.838853993016185,0.11875,0.11875,0.175,0.15,0.175,0.5844592312031874,0.41554076879681257,0.09274283745635116,0.015037800080550006,0.0038536300531923757,-4.903542171670926,0.0,1.0,0.90625,0.90625,0.90625,0.1,1.0,0.0,scenario_stress,97,297
160.0,19.184119809718197,0.11875,0.11875,0.16875,0.14375,0.16875,0.575787182514522,0.42421281748547796,0.11990074881073873,0.026955111659784436,0.02360234785336582,-7.0831888784255765,0.0,1.0,0.84375,0.84375,0.84375,0.175,1.0,0.0,scenario_stress,98,298
160.0,23.650213043474448,0.11875,0.11875,0.15625,0.14375,0.15625,0.5834002325844805,0.4165997674155196,0.1478138315217153,0.020316301336465184,0.011612256278781785,-7.168021126201387,0.0,1.0,0.85,0.85,0.85,0.16875,1.0,0.0,scenario_stress,99,299
160.0,9.338164962649849,0.11875,0.11875,0.18125,0.1625,0.18125,0.6144894965497756,0.3855105034502245,0.058363531016561554,0.005853475704625786,-0.0007595540831759125,-5.37998339048404,0.0,1.0,0.9125,0.9125,0.9125,0.0875,1.0,0.0,scenario_stress,100,300
160.0,11.457821761839872,0.11875,0.11875,0.15,0.125,0.15,0.5700264782653779,0.4299735217346221,0.0716113860114992,0.00795947296262973,-0.0003632730865362241,-5.083269926264364,0.0,1.0,0.91875,0.91875,0.91875,0.0875,1.0,0.0,scenario_stress,101,301
160.0,6.549885522444238,0.11875,0.11875,0.15,0.125,0.15,0.5806044475427081,0.41939555245729193,0.040936784515276485,0.00639279404749383,0.0018267265658308135,-4.972763538662282,0.0,1.0,0.925,0.925,0.925,0.075,1.0,0.0,scenario_stress,102,302
160.0,26.517070552940645,0.11875,0.11875,0.1625,0.15625,0.1625,0.5773392728473311,0.4226607271526689,0.16573169095587903,0.01907565633853985,0.009206645861305188,-6.128322251968245,0.0,1.0,0.85625,0.85625,0.85625,0.14375,1.0,0.0,scenario_stress,103,303
160.0,28.75768446180709,0.11875,0.11875,0.18125,0.15625,0.18125,0.5647217046688929,0.43527829533110707,0.17973552788629432,0.02851035696740964,0.023628004694495695,-9.170032203595555,0.0,1.0,0.84375,0.84375,0.84375,0.15625,1.0,0.0,scenario_stress,104,304
160.0,23.887335415268776,0.11875,0.11875,0.1625,0.15625,0.1625,0.5640846912104562,0.43591530878954377,0.14929584634542986,0.02752930342955572,0.021718316442184273,-7.583339689850407,0.0,1.0,0.85625,0.85625,0.85625,0.15,1.0,0.0,scenario_stress,105,305
160.0,26.88782156207476,0.11875,0.11875,0.16875,0.15625,0.16875,0.5744176800758417,0.4255823199241583,0.16804888476296725,0.024343231658877182,0.012671270609393655,-6.414482638861306,0.0,1.0,0.85625,0.85625,0.85625,0.14375,1.0,0.0,scenario_stress,106,306
160.0,32.08497752293601,0.11875,0.11875,0.15625,0.1375,0.15625,0.5494207776055396,0.4505792223944603,0.20053110951835004,0.04735898860783156,0.039574669466805615,-9.178238603365653,0.0,1.0,0.85,0.85,0.85,0.15,1.0,0.0,scenario_stress,107,307
160.0,22.762213850947727,0.11875,0.11875,0.1625,0.1375,0.1625,0.5682427608973887,0.4317572391026113,0.14226383656842329,0.01740132823902981,0.0062680901992448555,-6.125041151686001,0.0,1.0,0.86875,0.86875,0.86875,0.13125,1.0,0.0,scenario_stress,108,308
160.0,25.773143137859936,0.11875,0.11875,0.175,0.1625,0.175,0.5728548753342322,0.4271451246657678,0.1610821446116246,0.03130836751653225,0.01235545719319707,-6.726835444478292,0.0,1.0,0.85,0.85,0.85,0.15,1.0,0.0,scenario_stress,109,309
160.0,23.310415665520324,0.11875,0.11875,0.16875,0.15625,0.16875,0.5578893625548926,0.44211063744510737,0.14569009790950202,0.02947436885773308,0.023696118855896543,-9.79388600946038,0.0,1.0,0.85,0.85,0.85,0.1625,1.0,0.0,scenario_stress,110,310
160.0,29.968056016518027,0.11875,0.11875,0.16875,0.15625,0.16875,0.5693964704968925,0.43060352950310754,0.18730035010323767,0.023881058290777697,0.017290417977157174,-7.68177711830526,0.0,1.0,0.8625,0.8625,0.8625,0.15,1.0,0.0,scenario_stress,111,311
160.0,21.707156522437664,0.11875,0.11875,0.1875,0.1625,0.1875,0.5757212235991526,0.42427877640084743,0.1356697282652354,0.03305465581451313,0.025306243245187238,-6.198957997542928,0.0,1.0,0.84375,0.84375,0.84375,0.1625,1.0,0.0,scenario_stress,112,312
160.0,15.833603347767523,0.11875,0.11875,0.175,0.16875,0.175,0.5631014292617721,0.4368985707382279,0.09896002092354703,0.04257689379377348,0.039746440330211366,-9.791499244671536,0.0,1.0,0.84375,0.84375,0.84375,0.15625,1.0,0.0,scenario_stress,113,313
160.0,28.38664320676881,0.11875,0.11875,0.1875,0.175,0.1875,0.5813353090774666,0.41866469092253344,0.17741652004230507,0.03797024949117285,0.03058761753280683,-7.964467706756582,0.0,1.0,0.83125,0.83125,0.83125,0.16875,1.0,0.0,scenario_stress,114,314
160.0,20.654848545850584,0.11875,0.11875,0.16875,0.15625,0.16875,0.5641298522238715,0.43587014777612854,0.12909280341156615,0.022568818303552667,0.012648320770225907,-8.411843754701712,0.0,1.0,0.86875,0.86875,0.86875,0.1375,1.0,0.0,scenario_stress,115,315
160.0,19.439558694320972,0.11875,0.11875,0.19375,0.18125,0.19375,0.5776603869450752,0.4223396130549249,0.12149724183950608,0.05121165073146526,0.04815135507994142,-9.373044186837703,0.0,1.0,0.81875,0.81875,0.81875,0.18125,1.0,0.0,scenario_stress,116,316
160.0,21.961043255588685,0.11875,0.11875,0.18125,0.16875,0.18125,0.5826436982084069,0.41735630179159316,0.13725652034742927,0.03648198548396696,0.027827575075526502,-6.501311810578312,0.0,1.0,0.825,0.825,0.825,0.18125,1.0,0.0,scenario_stress,117,317
160.0,23.962797945828946,0.11875,0.11875,0.20625,0.19375,0.20625,0.5916284356831906,0.40837156431680943,0.1497674871614309,0.04458114412255882,0.04433791147928866,-6.466496779416238,0.0,1.0,0.81875,0.81875,0.81875,0.1875,1.0,0.0,scenario_stress,118,318
160.0,24.098338693959313,0.11875,0.11875,0.1375,0.11875,0.1375,0.534383362563615,0.4656166374363851,0.1506146168372457,0.020408095890757434,-0.0013376560450880815,-10.06643772320483,0.0,1.0,0.88125,0.88125,0.88125,0.11875,1.0,0.0,scenario_stress,119,319
160.0,29.32345618340637,0.11875,0.11875,0.1625,0.14375,0.1625,0.5610306066981565,0.4389693933018436,0.18327160114628982,0.026505893755432948,0.015918296695667283,-6.769552419941983,0.0,1.0,0.875,0.875,0.875,0.13125,1.0,0.0,scenario_stress,120,320
160.0,24.806062010093353,0.11875,0.11875,0.20625,0.19375,0.20625,0.5844772887565078,0.41552271124349216,0.15503788756308345,0.049288353046500866,0.03970712562266051,-8.86993272671894,0.0,1.0,0.80625,0.80625,0.80625,0.19375,1.0,0.0,scenario_stress,121,321
160.0,27.978180062526484,0.11875,0.11875,0.15625,0.15625,0.15625,0.551782674143464,0.44821732585653595,0.17486362539079053,0.04151315137230936,0.037611371739810995,-12.258797604593331,0.0,1.0,0.85,0.85,0.85,0.15,1.0,0.0,scenario_stress,122,322
160.0,24.828848476800257,0.11875,0.11875,0.1625,0.15625,0.1625,0.5705244296017218,0.42947557039827816,0.1551803029800016,0.03187663375584439,0.012939481815871661,-5.247506216271328,0.0,1.0,0.86875,0.86875,0.86875,0.13125,1.0,0.0,scenario_stress,123,323
160.0,23.39555617362695,0.11875,0.11875,0.15625,0.13125,0.15625,0.5664181744269527,0.4335818255730473,0.14622222608516844,0.020807529392874995,-0.0005612956123283968,-5.2105639816690275,0.0,1.0,0.875,0.875,0.875,0.125,1.0,0.0,scenario_stress,124,324
160.0,31.07785016190369,0.11875,0.11875,0.18125,0.175,0.18125,0.5836843083419232,0.41631569165807686,0.19423656351189805,0.022219568464860423,0.013396732398930886,-5.731971817186733,0.0,1.0,0.85625,0.85625,0.85625,0.14375,1.0,0.0,scenario_stress,125,325
160.0,20.348081691285174,0.11875,0.11875,0.16875,0.13125,0.16875,0.5607751102074706,0.4392248897925294,0.12717551057053234,0.019171552317514634,0.004398222867484691,-5.679339095748144,0.0,1.0,0.86875,0.86875,0.86875,0.13125,1.0,0.0,scenario_stress,126,326
160.0,29.59704788408717,0.11875,0.11875,0.16875,0.1625,0.16875,0.5702814312124062,0.42971856878759385,0.18498154927554483,0.03820418889598502,0.033930074932575646,-10.064850774870166,0.0,1.0,0.83125,0.83125,0.83125,0.16875,1.0,0.0,scenario_stress,127,327
160.0,36.104163522433524,0.11875,0.11875,0.1875,0.16875,0.1875,0.58264535722486,0.41735464277514006,0.22565102201520953,0.015461881119875467,0.0022037920543398135,-6.104622183024201,0.0,1.0,0.875,0.875,0.875,0.13125,1.0,0.0,scenario_stress,128,328
160.0,30.74850596069427,0.11875,0.11875,0.16875,0.14375,0.16875,0.5718112111271243,0.42818878887287576,0.1921781622543392,0.01795429693332438,0.009696371312294413,-6.07141223590299,0.0,1.0,0.875,0.875,0.875,0.125,1.0,0.0,scenario_stress,129,329
160.0,16.609910955505566,0.11875,0.11875,0.19375,0.18125,0.19375,0.5694798679594871,0.43052013204051287,0.10381194347190978,0.059640372156689325,0.058218351182411344,-9.470858674820162,0.0,1.0,0.8125,0.8125,0.8125,0.1875,1.0,0.0,scenario_stress,130,330
160.0,24.333880426625324,0.11875,0.11875,0.175,0.16875,0.175,0.5804435941800844,0.4195564058199156,0.15208675266640828,0.04115361233844933,0.034737998698918235,-8.045411184766627,0.0,1.0,0.8375,0.8375,0.8375,0.16875,1.0,0.0,scenario_stress,131,331
160.0,27.548814138081575,0.11875,0.11875,0.1875,0.1875,0.1875,0.5986355786170549,0.40136442138294515,0.17218008836300985,0.025770748693090772,0.00879090208462872,-6.528818092534759,0.0,1.0,0.8375,0.8375,0.8375,0.1625,1.0,0.0,scenario_stress,132,332
160.0,29.543869265301737,0.11875,0.11875,0.175,0.1625,0.175,0.5870288934035148,0.41297110659648517,0.18464918290813587,0.015858408465826958,0.0076399497511182995,-5.156823114511257,0.0,1.0,0.86875,0.86875,0.86875,0.14375,1.0,0.0,scenario_stress,133,333
160.0,29.6137701406603,0.11875,0.11875,0.15625,0.15,0.15625,0.5584099928453148,0.44159000715468527,0.18508606337912686,0.031284137972151176,0.018862721495556324,-8.2151412183559,0.0,1.0,0.86875,0.86875,0.86875,0.1375,1.0,0.0,scenario_stress,134,334
160.0,29.082988599157893,0.11875,0.11875,0.175,0.1625,0.175,0.58006283910611,0.4199371608938901,0.18176867874473684,0.021530041758298386,0.008856807129721514,-4.688540117430814,0.0,1.0,0.8625,0.8625,0.8625,0.1375,1.0,0.0,scenario_stress,135,335
160.0,21.522177811017805,0.11875,0.11875,0.1625,0.15,0.1625,0.5639441314874185,0.4360558685125814,0.13451361131886128,0.04212974484105003,0.029394373183768353,-5.993063007957236,0.0,1.0,0.88125,0.88125,0.88125,0.125,1.0,0.0,scenario_stress,136,336
160.0,27.585183855668774,0.11875,0.11875,0.21875,0.18125,0.21875,0.6283420291069699,0.37165797089303015,0.17240739909792985,0.007976161899675678,-0.006102721234293026,-5.343470939103804,0.0,1.0,0.90625,0.90625,0.90625,0.1,1.0,0.0,scenario_stress,137,337
160.0,23.728470382513553,0.11875,0.11875,0.16875,0.16875,0.16875,0.5531975729971867,0.44680242700281314,0.1483029398907097,0.06722413859060186,0.06036247135290764,-13.671953146437522,0.0,1.0,0.825,0.825,0.825,0.175,1.0,0.0,scenario_stress,138,338
160.0,26.676656836659085,0.11875,0.11875,0.16875,0.1625,0.16875,0.5419503089935522,0.4580496910064477,0.16672910522911927,0.06214502113697358,0.04690873037038364,-14.316997608496361,0.0,1.0,0.83125,0.83125,0.83125,0.16875,1.0,0.0,scenario_stress,139,339
160.0,24.177279265036972,0.11875,0.11875,0.1875,0.18125,0.1875,0.5617892057239243,0.4382107942760757,0.15110799540648107,0.062389225186706324,0.061615363739270415,-13.647637864583128,0.0,1.0,0.81875,0.81875,0.81875,0.18125,1.0,0.0,scenario_stress,140,340
160.0,31.50824278223525,0.11875,0.11875,0.175,0.1625,0.175,0.5719171776080416,0.4280828223919584,0.19692651738897032,0.038161294552673496,0.029621022489069098,-9.61859655591451,0.0,1.0,0.8375,0.8375,0.8375,0.16875,1.0,0.0,scenario_stress,141,341
160.0,28.80512995499509,0.11875,0.11875,0.15625,0.15625,0.15625,0.5614577226143144,0.43854227738568563,0.1800320622187193,0.017278412952845802,0.005815137246185713,-7.7104327314967005,0.0,1.0,0.86875,0.86875,0.86875,0.1375,1.0,0.0,scenario_stress,142,342
160.0,35.755466024836906,0.11875,0.11875,0.15625,0.15,0.15625,0.5464852566590096,0.4535147433409904,0.22347166265523066,0.027212713372628372,0.005139553738765609,-9.15555583785937,0.0,1.0,0.85625,0.85625,0.85625,0.15,1.0,0.0,scenario_stress,143,343
160.0,30.498349196568036,0.11875,0.11875,0.20625,0.1875,0.20625,0.5906709353997757,0.40932906460022433,0.19061468247855023,0.039881134724470906,0.0324892788455951,-5.817039342682682,0.0,1.0,0.8375,0.8375,0.8375,0.1625,1.0,0.0,scenario_stress,144,344
160.0,21.3936938020003,0.11875,0.11875,0.2,0.18125,0.2,0.5804824233858559,0.41951757661414407,0.13371058626250187,0.046070348883079884,0.04164439183273861,-8.324180086373,0.0,1.0,0.8375,0.8375,0.8375,0.16875,1.0,0.0,scenario_stress,145,345
160.0,28.525562262867467,0.11875,0.11875,0.16875,0.15625,0.16875,0.5703666440553539,0.42963335594464613,0.17828476414292166,0.023296414177907072,0.011695959509848964,-6.7328724193901,0.0,1.0,0.875,0.875,0.875,0.125,1.0,0.0,scenario_stress,146,346
160.0,32.028724104526326,0.11875,0.11875,0.15625,0.15,0.15625,0.5842363617896267,0.41576363821037327,0.20017952565328953,0.007401232859842446,-0.004169461181785158,-5.753856813340603,0.0,1.0,0.88125,0.88125,0.88125,0.11875,1.0,0.0,scenario_stress,147,347
160.0,32.59872092847584,0.11875,0.11875,0.18125,0.16875,0.18125,0.5616366008473022,0.43836339915269784,0.20374200580297402,0.03627277376729528,0.020343061037174207,-9.010163688938302,0.0,1.0,0.8625,0.8625,0.8625,0.1375,1.0,0.0,scenario_stress,148,348
160.0,24.765973998499923,0.11875,0.11875,0.18125,0.1625,0.18125,0.5818004201274612,0.41819957987253886,0.1547873374906245,0.022000304177704922,0.008045674985891368,-6.521664166120334,0.0,1.0,0.85,0.85,0.85,0.15,1.0,0.0,scenario_stress,149,349
160.0,25.760068641704557,0.11875,0.11875,0.16875,0.1625,0.16875,0.552824983625919,0.44717501637408097,0.16100042901065348,0.05163197494663021,0.0487831251002047,-11.405732780301403,0.0,1.0,0.825,0.825,0.825,0.175,1.0,0.0,scenario_stress,150,350
160.0,26.62637177835382,0.11875,0.11875,0.14375,0.125,0.14375,0.5481826761540486,0.4518173238459514,0.16641482361471138,0.018186095888901372,0.006865902732475018,-8.07117302720176,0.0,1.0,0.8625,0.8625,0.8625,0.14375,1.0,0.0,scenario_stress,151,351
160.0,24.80294048099972,0.11875,0.11875,0.15625,0.15,0.15625,0.5371360869403944,0.4628639130596056,0.15501837800624824,0.07291243184082842,0.055717135584024566,-10.146860874541185,0.0,1.0,0.84375,0.84375,0.84375,0.15625,1.0,0.0,scenario_stress,152,352
160.0,23.886593903429215,0.11875,0.11875,0.16875,0.15625,0.16875,0.5561043798145114,0.44389562018548856,0.1492912118964326,0.04425898359191795,0.03279000979384872,-9.216855721938803,0.0,1.0,0.85625,0.85625,0.85625,0.14375,1.0,0.0,scenario_stress,153,353
160.0,30.94674337380926,0.11875,0.11875,0.15625,0.14375,0.15625,0.560911888291798,0.43908811170820183,0.19341714608630786,0.02533340251235876,0.014069777466403349,-8.533507426634106,0.0,1.0,0.8625,0.8625,0.8625,0.15625,1.0,0.0,scenario_stress,154,354
160.0,35.51577817126228,0.11875,0.11875,0.15,0.14375,0.15,0.5526302719654834,0.4473697280345165,0.22197361357038928,0.03616072407940306,0.029223607201872503,-8.492549399080493,0.0,1.0,0.84375,0.84375,0.84375,0.15625,1.0,0.0,scenario_stress,155,355
160.0,25.815209137982393,0.11875,0.11875,0.15625,0.15,0.15625,0.5682190284424017,0.4317809715575983,0.16134505711238994,0.020989515349705536,0.014883607953511704,-7.383346335355554,0.0,1.0,0.8625,0.8625,0.8625,0.14375,1.0,0.0,scenario_stress,156,356
160.0,27.28450304041337,0.11875,0.11875,0.14375,0.1375,0.14375,0.5661759407077559,0.4338240592922441,0.17052814400258356,0.017811287096155575,-0.0005103317399485011,-4.724219915844975,0.0,1.0,0.875,0.875,0.875,0.125,1.0,0.0,scenario_stress,157,357
160.0,35.041824190749644,0.11875,0.11875,0.16875,0.16875,0.16875,0.5681890878903291,0.43181091210967093,0.21901140119218526,0.03124046705102117,0.015244230388071095,-6.717959991746459,0.0,1.0,0.85,0.85,0.85,0.15,1.0,0.0,scenario_stress,158,358
160.0,29.240522583673123,0.11875,0.11875,0.1625,0.15,0.1625,0.5593608186256412,0.44063918137435876,0.182753266147957,0.0195885474163563,-0.00027218459049681287,-7.2680145120968165,0.0,1.0,0.88125,0.88125,0.88125,0.125,1.0,0.0,scenario_stress,159,359
160.0,26.731608838488334,0.11875,0.11875,0.16875,0.15625,0.16875,0.5571186902579404,0.4428813097420596,0.1670725552405521,0.03835200040723428,0.028015754477363174,-9.505381323513955,0.0,1.0,0.84375,0.84375,0.84375,0.15625,1.0,0.0,scenario_stress,160,360
160.0,24.030117693918235,0.11875,0.11875,0.1875,0.1625,0.1875,0.5687121284279005,0.43128787157209947,0.15018823558698896,0.033035682494290064,0.027041670401935593,-8.169694133304201,0.0,1.0,0.83125,0.83125,0.83125,0.16875,1.0,0.0,scenario_stress,161,361
160.0,35.5666647857435,0.11875,0.11875,0.15,0.14375,0.15,0.5656142008995817,0.43438579910041836,0.22229165491089686,0.017146432697913515,0.006494603904317707,-7.571940701487732,0.0,1.0,0.8625,0.8625,0.8625,0.14375,1.0,0.0,scenario_stress,162,362
160.0,30.143073099905685,0.11875,0.11875,0.175,0.16875,0.175,0.5861861306016252,0.41381386939837483,0.18839420687441052,0.02463398373007032,0.015424638166041716,-7.3908120199833505,0.0,1.0,0.83125,0.83125,0.83125,0.16875,1.0,0.0,scenario_stress,163,363
160.0,29.424140500085244,0.11875,0.11875,0.175,0.1625,0.175,0.5781511107751787,0.42184888922482144,0.18390087812553277,0.020638498813592226,0.013751619433885776,-6.250030793224246,0.0,1.0,0.8375,0.8375,0.8375,0.1625,1.0,0.0,scenario_stress,164,364
160.0,19.361018376092517,0.11875,0.11875,0.15625,0.1375,0.15625,0.5416888883608112,0.45831111163918886,0.12100636485057822,0.05276225659344299,0.03237091434588731,-6.771459336603516,0.0,1.0,0.875,0.875,0.875,0.13125,1.0,0.0,scenario_stress,165,365
160.0,25.240776299865864,0.11875,0.11875,0.13125,0.125,0.13125,0.523356268639889,0.47664373136011096,0.15775485187416166,0.02418288916553992,0.0070089049375103366,-11.577794054338808,0.0,1.0,0.86875,0.86875,0.86875,0.1375,1.0,0.0,scenario_stress,166,366
160.0,37.884860249075345,0.11875,0.11875,0.19375,0.1875,0.19375,0.5951756440411303,0.4048243559588697,0.2367803765567209,0.0230595539079117,0.0043043851222691176,-4.696481412399537,0.0,1.0,0.86875,0.86875,0.86875,0.1375,1.0,0.0,scenario_stress,167,367
160.0,34.3671247613338,0.11875,0.11875,0.1625,0.14375,0.1625,0.5589612924695884,0.4410387075304117,0.21479452975833624,0.014157034148380182,-0.002158913679421174,-8.072108672462415,0.0,1.0,0.875,0.875,0.875,0.13125,1.0,0.0,scenario_stress,168,368
160.0,22.7665977414979,0.11875,0.11875,0.15,0.1375,0.15,0.5443474447541873,0.4556525552458127,0.14229123588436188,0.06975518960745845,0.05786792169326545,-6.1938818888590905,0.0,1.0,0.8625,0.8625,0.8625,0.1375,1.0,0.0,scenario_stress,169,369
160.0,30.69020976284579,0.11875,0.11875,0.15,0.15,0.15,0.5479450031941016,0.4520549968058985,0.1918138110177862,0.02944518744558449,0.01178978913505865,-9.871811044015566,0.0,1.0,0.85625,0.85625,0.85625,0.14375,1.0,0.0,scenario_stress,170,370
160.0,31.07650302528603,0.11875,0.11875,0.15625,0.13125,0.15625,0.54754467820678,0.45245532179321996,0.1942281439080377,0.012931679180337205,-0.006087548232305074,-6.988371507467818,0.0,1.0,0.88125,0.88125,0.88125,0.11875,1.0,0.0,scenario_stress,171,371
160.0,26.064945951577293,0.11875,0.11875,0.1375,0.1375,0.1375,0.5312785186882639,0.4687214813117361,0.1629059121973581,0.0438277053407625,0.015188200919110995,-10.048627655978548,0.0,1.0,0.86875,0.86875,0.86875,0.1375,1.0,0.0,scenario_stress,172,372
160.0,32.825181949570045,0.11875,0.11875,0.15,0.14375,0.15,0.5602629175332929,0.439737082466707,0.20515738718481277,0.02519281979917574,0.013194843811139135,-6.696440299986011,0.0,1.0,0.86875,0.86875,0.86875,0.13125,1.0,0.0,scenario_stress,173,373
160.0,30.518446428188085,0.11875,0.11875,0.175,0.16875,0.175,0.5993567975053524,0.4006432024946475,0.19074029017617553,0.01959822399664944,0.014085753021327677,-6.289422424308223,0.0,1.0,0.8625,0.8625,0.8625,0.1375,1.0,0.0,scenario_stress,174,374
160.0,33.625171354865266,0.11875,0.11875,0.175,0.1625,0.175,0.5620983633627883,0.43790163663721166,0.2101573209679079,0.047528922067355,0.038708846490057944,-10.955887843777369,0.0,1.0,0.81875,0.81875,0.81875,0.18125,1.0,0.0,scenario_stress,175,375
160.0,39.86120827673952,0.11875,0.11875,0.15625,0.1375,0.15625,0.5672823120489557,0.43271768795104426,0.24913255172962198,0.009711737564891285,-0.004951034255753743,-7.147807088395707,0.0,1.0,0.8875,0.8875,0.8875,0.1125,1.0,0.0,scenario_stress,176,376
160.0,31.614433255649626,0.11875,0.11875,0.15,0.1375,0.15,0.5527537057019932,0.4472462942980068,0.19759020784781017,0.016592121615595676,-0.0039741176247567135,-7.734925154119857,0.0,1.0,0.8875,0.8875,0.8875,0.1125,1.0,0.0,scenario_stress,177,377
160.0,29.82969761428043,0.11875,0.11875,0.15625,0.15,0.15625,0.5529751277726049,0.44702487222739506,0.1864356100892527,0.014917495910045491,-0.00911268565455003,-6.891608206077885,0.0,1.0,0.9,0.9,0.9,0.10625,1.0,0.0,scenario_stress,178,378
160.0,29.843837821797877,0.11875,0.11875,0.16875,0.15,0.16875,0.5906448312310436,0.4093551687689564,0.18652398638623674,0.012167652821769957,0.001266371291895272,-4.265647799725395,0.0,1.0,0.875,0.875,0.875,0.125,1.0,0.0,scenario_stress,179,379
160.0,34.9664165555229,0.11875,0.11875,0.15625,0.15,0.15625,0.5617778783549771,0.43822212164502294,0.2185401034720181,0.01867331366640094,0.004139969773393347,-6.629753438583937,0.0,1.0,0.8625,0.8625,0.8625,0.1375,1.0,0.0,scenario_stress,180,380
160.0,35.05303030477256,0.11875,0.11875,0.16875,0.15,0.16875,0.5811416188164348,0.4188583811835652,0.21908143940482852,0.01939429184120125,0.013064141509165784,-6.547578066166409,0.0,1.0,0.8625,0.8625,0.8625,0.14375,1.0,0.0,scenario_stress,181,381
160.0,38.48326943194074,0.11875,0.11875,0.18125,0.16875,0.18125,0.5875521811459379,0.4124478188540621,0.24052043394962963,0.020977905820765693,0.007838899186680516,-4.752795061694259,0.0,1.0,0.85,0.85,0.85,0.15625,1.0,0.0,scenario_stress,182,382
160.0,36.27647986366065,0.11875,0.11875,0.175,0.16875,0.175,0.5851324691118007,0.4148675308881993,0.22672799914787906,0.033676929718727044,0.0255316715192709,-5.504516312989187,0.0,1.0,0.83125,0.83125,0.83125,0.16875,1.0,0.0,scenario_stress,183,383
160.0,29.933239314528784,0.11875,0.11875,0.15625,0.15,0.15625,0.5499036589412931,0.4500963410587067,0.1870827457158049,0.04730310375614627,0.02412028276224856,-9.13980541211134,0.0,1.0,0.875,0.875,0.875,0.13125,1.0,0.0,scenario_stress,184,384
160.0,40.42318213757639,0.11875,0.11875,0.14375,0.13125,0.14375,0.5450180344734064,0.4549819655265936,0.25264488835985244,0.025062247367668357,-0.005486392607304237,-6.33905626643901,0.0,1.0,0.8625,0.8625,0.8625,0.15,1.0,0.0,scenario_stress,185,385
160.0,40.68264203164639,0.11875,0.11875,0.16875,0.1625,0.16875,0.5928016963767119,0.4071983036232881,0.25426651269778994,0.012590603551661634,-0.0065646696068892675,-4.205870295278443,0.0,1.0,0.875,0.875,0.875,0.125,1.0,0.0,scenario_stress,186,386
160.0,35.19166683717559,0.11875,0.11875,0.1625,0.15,0.1625,0.5397029519406508,0.46029704805934923,0.21994791773234743,0.027234355020033674,-0.006210964900305086,-11.148489378255396,0.0,1.0,0.84375,0.84375,0.84375,0.15625,1.0,0.0,scenario_stress,187,387
160.0,35.74501382673165,0.11875,0.11875,0.15,0.1375,0.15,0.549937418663039,0.45006258133696087,0.2234063364170728,0.015460608665622022,-0.016171447036624487,-7.048970089364088,0.0,1.0,0.8875,0.8875,0.8875,0.1125,1.0,0.0,scenario_stress,188,388
160.0,33.92833462523867,0.11875,0.11875,0.15625,0.13125,0.15625,0.5596882329231574,0.44031176707684266,0.21205209140774167,0.01977175224645177,-0.0014848050522206272,-5.967224378557914,0.0,1.0,0.8625,0.8625,0.8625,0.14375,1.0,0.0,scenario_stress,189,389
160.0,32.67202812221378,0.11875,0.11875,0.16875,0.15,0.16875,0.560217354915274,0.43978264508472603,0.20420017576383614,0.025508018516413378,-0.00030163727917809633,-8.02653064615685,0.0,1.0,0.8625,0.8625,0.8625,0.1375,1.0,0.0,scenario_stress,190,390
160.0,35.26101132908555,0.11875,0.11875,0.15625,0.1375,0.15625,0.5398570480271307,0.46014295197286925,0.2203813208067847,0.022722532615865817,-0.01612272343134323,-7.58728628219834,0.0,1.0,0.875,0.875,0.875,0.125,1.0,0.0,scenario_stress,191,391
160.0,27.578534810638722,0.11875,0.11875,0.15625,0.15625,0.15625,0.5642628122761781,0.43573718772382186,0.172365842566492,0.05271491554514076,0.042042680435707656,-7.004334663573855,0.0,1.0,0.825,0.825,0.825,0.175,1.0,0.0,scenario_stress,192,392
160.0,31.147586186465915,0.11875,0.11875,0.15,0.13125,0.15,0.5430883577249312,0.4569116422750687,0.19467241366541196,0.013814629190987793,-0.004631395908436804,-7.845611521916308,0.0,1.0,0.88125,0.88125,0.88125,0.11875,1.0,0.0,scenario_stress,193,393
160.0,33.2242318156383,0.11875,0.11875,0.175,0.15625,0.175,0.5870080697165421,0.412991930283458,0.20765144884773937,0.018193232248821523,0.008662175849063073,-5.099741416824801,0.0,1.0,0.85,0.85,0.85,0.15,1.0,0.0,scenario_stress,194,394
160.0,34.25340741379225,0.11875,0.11875,0.15625,0.14375,0.15625,0.5823000490479966,0.41769995095200346,0.2140837963362016,0.012584535918433984,-0.0056985425208214285,-4.308393384768013,0.0,1.0,0.8625,0.8625,0.8625,0.1375,1.0,0.0,scenario_stress,195,395
160.0,23.546686771613537,0.11875,0.11875,0.1375,0.125,0.1375,0.5264670228044679,0.4735329771955321,0.14716679232258462,0.031867828487447014,0.0029962346395564195,-9.87969955835039,0.0,1.0,0.875,0.875,0.875,0.125,1.0,0.0,scenario_stress,196,396
160.0,31.744476558545756,0.11875,0.11875,0.1375,0.125,0.1375,0.5387559339899617,0.46124406601003826,0.198402978490911,0.028465418820715748,0.0011248766627096492,-6.655191495109224,0.0,1.0,0.8875,0.8875,0.8875,0.1125,1.0,0.0,scenario_stress,197,397
160.0,32.90701731924306,0.11875,0.11875,0.15625,0.15625,0.15625,0.5379130187332836,0.46208698126671643,0.20566885824526912,0.055917577808584654,0.037754950831558054,-15.108933129928454,0.0,1.0,0.8375,0.8375,0.8375,0.1625,1.0,0.0,scenario_stress,198,398
160.0,29.962089668570577,0.11875,0.11875,0.14375,0.13125,0.14375,0.5475387995078336,0.4524612004921664,0.1872630604285661,0.015136740789193612,-0.004546679521879357,-7.844362749078712,0.0,1.0,0.875,0.875,0.875,0.125,1.0,0.0,scenario_stress,199,399
